
[INIT] Game booting at 2026-10-01T18:06:02.188Z
2026-10-01T18:06:02.457Z [CORE] UF_Core plugin loaded successfully!
2026-10-01T18:06:02.491Z [CORE] Synchronously loaded companion plugin DEUS_Containers
2026-10-01T18:06:02.517Z [CORE] Synchronously loaded companion plugin DEUS_Bag
2026-10-01T18:06:02.534Z [CORE] Synchronously loaded companion plugin DEUS_Stockpiles
2026-10-01T18:06:02.558Z [CORE] Synchronously loaded companion plugin DEUS_Fluid
2026-10-01T18:06:02.577Z [CORE] Synchronously loaded companion plugin DEUS_Conditions
2026-10-01T18:06:02.616Z [CORE] Companion plugin DEUS_Select NOT loaded: Cannot find module './DEUS_Select.js'
Require stack:
- C:\Users\snewt\AppData\Local\Temp\wg0044-nw-n8AiKH\game/index.html
2026-10-01T18:06:02.635Z [CORE] Synchronously loaded companion plugin DEUS_Dnd5e
2026-10-01T18:06:02.651Z [CORE] Synchronously loaded companion plugin DEUS_Callings
2026-10-01T18:06:02.675Z [CORE] Companion plugin DEUS_HistoricalDemographics NOT loaded: Cannot find module './DEUS_HistoricalDemographics.js'
Require stack:
- C:\Users\snewt\AppData\Local\Temp\wg0044-nw-n8AiKH\game/index.html
2026-10-01T18:06:02.693Z [CORE] Synchronously loaded companion plugin DEUS_DeathForensics
2026-10-01T18:06:02.716Z [CORE] Synchronously loaded companion plugin UF_Households
2026-10-01T18:06:04.311Z [SCENE] Scene_Boot started at t=0
2026-10-01T18:06:04.315Z [TIMING] DataManager.setupNewGame enter (+3.2ms)
2026-10-01T18:06:04.318Z [TIMING] setupForNewGame before World.newWorld
2026-10-01T18:06:04.320Z [EVENT world:initializing] #0 (resetWorldShades) took 1.4ms
2026-10-01T18:06:05.469Z [EVENT world:initializing] #1 (anon_1) took 1148.3ms
2026-10-01T18:06:05.469Z [TIMING] world:initializing fired (+1157.7ms)
2026-10-01T18:06:05.469Z [EVENT world:initializing] #2 (anon_2) took 0.2ms
2026-10-01T18:06:05.589Z [EVENT world:created] #0 (anon_0) took 119.1ms
2026-10-01T18:06:16.614Z [EVENT world:objectChanged] #0 (anon_0) took 0.0ms
2026-10-01T18:06:16.614Z [EVENT world:objectChanged] #1 (onObjectChanged) took 0.0ms
2026-10-01T18:06:16.617Z [EVENT world:objectChanged] #0 (anon_0) took 0.0ms
2026-10-01T18:06:16.618Z [EVENT world:objectChanged] #1 (onObjectChanged) took 0.0ms
2026-10-01T18:06:16.619Z [EVENT world:objectChanged] #0 (anon_0) took 0.0ms
2026-10-01T18:06:16.619Z [EVENT world:objectChanged] #1 (onObjectChanged) took 0.0ms
2026-10-01T18:06:17.097Z [EVENT world:levelObjectChanged] #0 (anon_0) took 0.1ms
2026-10-01T18:06:17.097Z [EVENT world:levelObjectChanged] #1 (onObjectChanged) took 0.0ms
2026-10-01T18:06:17.100Z [EVENT world:levelObjectChanged] #0 (anon_0) took 0.0ms
2026-10-01T18:06:17.100Z [EVENT world:levelObjectChanged] #1 (onObjectChanged) took 0.0ms
2026-10-01T18:06:17.474Z [EVENT world:levelObjectChanged] #0 (anon_0) took 0.0ms
2026-10-01T18:06:17.475Z [EVENT world:levelObjectChanged] #1 (onObjectChanged) took 0.0ms
2026-10-01T18:06:17.476Z [EVENT world:objectChanged] #0 (anon_0) took 0.0ms
2026-10-01T18:06:17.477Z [EVENT world:objectChanged] #1 (onObjectChanged) took 0.0ms
2026-10-01T18:06:17.478Z [EVENT world:objectChanged] #0 (anon_0) took 0.0ms
2026-10-01T18:06:17.478Z [EVENT world:objectChanged] #1 (onObjectChanged) took 0.0ms
2026-10-01T18:06:17.479Z [EVENT world:levelObjectChanged] #0 (anon_0) took 0.0ms
2026-10-01T18:06:17.479Z [EVENT world:levelObjectChanged] #1 (onObjectChanged) took 0.0ms
2026-10-01T18:06:17.854Z [EVENT world:unitAdded] #0 (anon_0) took 0.2ms
2026-10-01T18:06:17.854Z [EVENT world:unitAdded] #1 (clearUnitCaches) took 0.0ms
2026-10-01T18:06:17.855Z [EVENT world:unitAdded] #2 (markBedsDirty) took 0.0ms
2026-10-01T18:06:17.860Z [EVENT world:unitAdded] #3 (anon_3) took 5.1ms
2026-10-01T18:06:17.861Z [EVENT world:unitAdded] #4 (anon_4) took 0.1ms
2026-10-01T18:06:17.861Z [EVENT world:unitAdded] #5 (anon_5) took 0.0ms
2026-10-01T18:06:17.862Z [EVENT world:unitAdded] #0 (anon_0) took 0.1ms
2026-10-01T18:06:17.862Z [EVENT world:unitAdded] #1 (clearUnitCaches) took 0.0ms
2026-10-01T18:06:17.862Z [EVENT world:unitAdded] #2 (markBedsDirty) took 0.0ms
2026-10-01T18:06:17.867Z [EVENT world:unitAdded] #3 (anon_3) took 4.6ms
2026-10-01T18:06:17.867Z [EVENT world:unitAdded] #4 (anon_4) took 0.0ms
2026-10-01T18:06:17.868Z [EVENT world:unitAdded] #5 (anon_5) took 0.0ms
2026-10-01T18:06:17.868Z [EVENT world:unitAdded] #0 (anon_0) took 0.1ms
2026-10-01T18:06:17.868Z [EVENT world:unitAdded] #1 (clearUnitCaches) took 0.0ms
2026-10-01T18:06:17.869Z [EVENT world:unitAdded] #2 (markBedsDirty) took 0.0ms
2026-10-01T18:06:17.873Z [EVENT world:unitAdded] #3 (anon_3) took 4.4ms
2026-10-01T18:06:17.874Z [EVENT world:unitAdded] #4 (anon_4) took 0.0ms
2026-10-01T18:06:17.874Z [EVENT world:unitAdded] #5 (anon_5) took 0.0ms
2026-10-01T18:06:17.874Z [EVENT world:unitAdded] #0 (anon_0) took 0.0ms
2026-10-01T18:06:17.874Z [EVENT world:unitAdded] #1 (clearUnitCaches) took 0.0ms
2026-10-01T18:06:17.875Z [EVENT world:unitAdded] #2 (markBedsDirty) took 0.0ms
2026-10-01T18:06:17.876Z [EVENT world:unitAdded] #3 (anon_3) took 0.5ms
2026-10-01T18:06:17.876Z [EVENT world:unitAdded] #4 (anon_4) took 0.0ms
2026-10-01T18:06:17.876Z [EVENT world:unitAdded] #5 (anon_5) took 0.0ms
2026-10-01T18:06:17.876Z [EVENT world:unitAdded] #0 (anon_0) took 0.0ms
2026-10-01T18:06:17.877Z [EVENT world:unitAdded] #1 (clearUnitCaches) took 0.0ms
2026-10-01T18:06:17.877Z [EVENT world:unitAdded] #2 (markBedsDirty) took 0.0ms
2026-10-01T18:06:17.878Z [EVENT world:unitAdded] #3 (anon_3) took 0.5ms
2026-10-01T18:06:17.878Z [EVENT world:unitAdded] #4 (anon_4) took 0.0ms
2026-10-01T18:06:17.878Z [EVENT world:unitAdded] #5 (anon_5) took 0.0ms
2026-10-01T18:06:17.879Z [EVENT world:unitAdded] #0 (anon_0) took 0.1ms
2026-10-01T18:06:17.879Z [EVENT world:unitAdded] #1 (clearUnitCaches) took 0.0ms
2026-10-01T18:06:17.879Z [EVENT world:unitAdded] #2 (markBedsDirty) took 0.0ms
2026-10-01T18:06:17.880Z [EVENT world:unitAdded] #3 (anon_3) took 0.8ms
2026-10-01T18:06:17.880Z [EVENT world:unitAdded] #4 (anon_4) took 0.0ms
2026-10-01T18:06:17.881Z [EVENT world:unitAdded] #5 (anon_5) took 0.0ms
2026-10-01T18:06:17.881Z [EVENT world:unitAdded] #0 (anon_0) took 0.0ms
2026-10-01T18:06:17.881Z [EVENT world:unitAdded] #1 (clearUnitCaches) took 0.0ms
2026-10-01T18:06:17.882Z [EVENT world:unitAdded] #2 (markBedsDirty) took 0.0ms
2026-10-01T18:06:17.882Z [EVENT world:unitAdded] #3 (anon_3) took 0.5ms
2026-10-01T18:06:17.882Z [EVENT world:unitAdded] #4 (anon_4) took 0.0ms
2026-10-01T18:06:17.883Z [EVENT world:unitAdded] #5 (anon_5) took 0.0ms
2026-10-01T18:06:17.883Z [EVENT world:unitAdded] #0 (anon_0) took 0.0ms
2026-10-01T18:06:17.883Z [EVENT world:unitAdded] #1 (clearUnitCaches) took 0.0ms
2026-10-01T18:06:17.883Z [EVENT world:unitAdded] #2 (markBedsDirty) took 0.0ms
2026-10-01T18:06:17.884Z [EVENT world:unitAdded] #3 (anon_3) took 0.5ms
2026-10-01T18:06:17.885Z [EVENT world:unitAdded] #4 (anon_4) took 0.0ms
2026-10-01T18:06:17.885Z [EVENT world:unitAdded] #5 (anon_5) took 0.0ms
2026-10-01T18:06:17.885Z [EVENT world:unitAdded] #0 (anon_0) took 0.0ms
2026-10-01T18:06:17.885Z [EVENT world:unitAdded] #1 (clearUnitCaches) took 0.0ms
2026-10-01T18:06:17.885Z [EVENT world:unitAdded] #2 (markBedsDirty) took 0.0ms
2026-10-01T18:06:17.886Z [EVENT world:unitAdded] #3 (anon_3) took 0.7ms
2026-10-01T18:06:17.887Z [EVENT world:unitAdded] #4 (anon_4) took 0.0ms
2026-10-01T18:06:17.887Z [EVENT world:unitAdded] #5 (anon_5) took 0.0ms
2026-10-01T18:06:17.887Z [EVENT world:unitAdded] #0 (anon_0) took 0.0ms
2026-10-01T18:06:17.887Z [EVENT world:unitAdded] #1 (clearUnitCaches) took 0.0ms
2026-10-01T18:06:17.888Z [EVENT world:unitAdded] #2 (markBedsDirty) took 0.0ms
2026-10-01T18:06:17.888Z [EVENT world:unitAdded] #3 (anon_3) took 0.4ms
2026-10-01T18:06:17.888Z [EVENT world:unitAdded] #4 (anon_4) took 0.0ms
2026-10-01T18:06:17.889Z [EVENT world:unitAdded] #5 (anon_5) took 0.0ms
2026-10-01T18:06:17.889Z [EVENT world:unitAdded] #0 (anon_0) took 0.0ms
2026-10-01T18:06:17.889Z [EVENT world:unitAdded] #1 (clearUnitCaches) took 0.0ms
2026-10-01T18:06:17.889Z [EVENT world:unitAdded] #2 (markBedsDirty) took 0.0ms
2026-10-01T18:06:17.890Z [EVENT world:unitAdded] #3 (anon_3) took 0.4ms
2026-10-01T18:06:17.890Z [EVENT world:unitAdded] #4 (anon_4) took 0.0ms
2026-10-01T18:06:17.890Z [EVENT world:unitAdded] #5 (anon_5) took 0.0ms
2026-10-01T18:06:17.891Z [EVENT world:unitAdded] #0 (anon_0) took 0.0ms
2026-10-01T18:06:17.891Z [EVENT world:unitAdded] #1 (clearUnitCaches) took 0.0ms
2026-10-01T18:06:17.891Z [EVENT world:unitAdded] #2 (markBedsDirty) took 0.0ms
2026-10-01T18:06:17.893Z [EVENT world:unitAdded] #3 (anon_3) took 0.9ms
2026-10-01T18:06:17.893Z [EVENT world:unitAdded] #4 (anon_4) took 0.0ms
2026-10-01T18:06:17.893Z [EVENT world:unitAdded] #5 (anon_5) took 0.0ms
2026-10-01T18:06:17.893Z [EVENT world:unitAdded] #0 (anon_0) took 0.0ms
2026-10-01T18:06:17.894Z [EVENT world:unitAdded] #1 (clearUnitCaches) took 0.0ms
2026-10-01T18:06:17.894Z [EVENT world:unitAdded] #2 (markBedsDirty) took 0.0ms
2026-10-01T18:06:17.894Z [EVENT world:unitAdded] #3 (anon_3) took 0.5ms
2026-10-01T18:06:17.895Z [EVENT world:unitAdded] #4 (anon_4) took 0.0ms
2026-10-01T18:06:17.895Z [EVENT world:unitAdded] #5 (anon_5) took 0.0ms
2026-10-01T18:06:17.895Z [EVENT world:unitAdded] #0 (anon_0) took 0.0ms
2026-10-01T18:06:17.896Z [EVENT world:unitAdded] #1 (clearUnitCaches) took 0.0ms
2026-10-01T18:06:17.896Z [EVENT world:unitAdded] #2 (markBedsDirty) took 0.0ms
2026-10-01T18:06:17.896Z [EVENT world:unitAdded] #3 (anon_3) took 0.5ms
2026-10-01T18:06:17.897Z [EVENT world:unitAdded] #4 (anon_4) took 0.0ms
2026-10-01T18:06:17.897Z [EVENT world:unitAdded] #5 (anon_5) took 0.0ms
2026-10-01T18:06:17.897Z [EVENT world:unitAdded] #0 (anon_0) took 0.0ms
2026-10-01T18:06:17.897Z [EVENT world:unitAdded] #1 (clearUnitCaches) took 0.0ms
2026-10-01T18:06:17.898Z [EVENT world:unitAdded] #2 (markBedsDirty) took 0.0ms
2026-10-01T18:06:17.898Z [EVENT world:unitAdded] #3 (anon_3) took 0.7ms
2026-10-01T18:06:17.899Z [EVENT world:unitAdded] #4 (anon_4) took 0.0ms
2026-10-01T18:06:17.899Z [EVENT world:unitAdded] #5 (anon_5) took 0.0ms
2026-10-01T18:06:17.899Z [EVENT world:unitAdded] #0 (anon_0) took 0.0ms
2026-10-01T18:06:17.899Z [EVENT world:unitAdded] #1 (clearUnitCaches) took 0.0ms
2026-10-01T18:06:17.900Z [EVENT world:unitAdded] #2 (markBedsDirty) took 0.0ms
2026-10-01T18:06:17.900Z [EVENT world:unitAdded] #3 (anon_3) took 0.5ms
2026-10-01T18:06:17.901Z [EVENT world:unitAdded] #4 (anon_4) took 0.0ms
2026-10-01T18:06:17.901Z [EVENT world:unitAdded] #5 (anon_5) took 0.0ms
2026-10-01T18:06:17.901Z [EVENT world:unitAdded] #0 (anon_0) took 0.0ms
2026-10-01T18:06:17.902Z [EVENT world:unitAdded] #1 (clearUnitCaches) took 0.0ms
2026-10-01T18:06:17.902Z [EVENT world:unitAdded] #2 (markBedsDirty) took 0.0ms
2026-10-01T18:06:17.902Z [EVENT world:unitAdded] #3 (anon_3) took 0.4ms
2026-10-01T18:06:17.903Z [EVENT world:unitAdded] #4 (anon_4) took 0.0ms
2026-10-01T18:06:17.903Z [EVENT world:unitAdded] #5 (anon_5) took 0.0ms
2026-10-01T18:06:17.903Z [EVENT world:unitAdded] #0 (anon_0) took 0.0ms
2026-10-01T18:06:17.904Z [EVENT world:unitAdded] #1 (clearUnitCaches) took 0.0ms
2026-10-01T18:06:17.904Z [EVENT world:unitAdded] #2 (markBedsDirty) took 0.0ms
2026-10-01T18:06:17.905Z [EVENT world:unitAdded] #3 (anon_3) took 0.7ms
2026-10-01T18:06:17.905Z [EVENT world:unitAdded] #4 (anon_4) took 0.0ms
2026-10-01T18:06:17.905Z [EVENT world:unitAdded] #5 (anon_5) took 0.0ms
2026-10-01T18:06:17.906Z [EVENT world:unitAdded] #0 (anon_0) took 0.0ms
2026-10-01T18:06:17.906Z [EVENT world:unitAdded] #1 (clearUnitCaches) took 0.0ms
2026-10-01T18:06:17.906Z [EVENT world:unitAdded] #2 (markBedsDirty) took 0.0ms
2026-10-01T18:06:17.907Z [EVENT world:unitAdded] #3 (anon_3) took 0.5ms
2026-10-01T18:06:17.907Z [EVENT world:unitAdded] #4 (anon_4) took 0.0ms
2026-10-01T18:06:17.907Z [EVENT world:unitAdded] #5 (anon_5) took 0.0ms
2026-10-01T18:06:17.908Z [EVENT world:unitAdded] #0 (anon_0) took 0.0ms
2026-10-01T18:06:17.908Z [EVENT world:unitAdded] #1 (clearUnitCaches) took 0.0ms
2026-10-01T18:06:17.908Z [EVENT world:unitAdded] #2 (markBedsDirty) took 0.0ms
2026-10-01T18:06:17.909Z [EVENT world:unitAdded] #3 (anon_3) took 0.4ms
2026-10-01T18:06:17.909Z [EVENT world:unitAdded] #4 (anon_4) took 0.0ms
2026-10-01T18:06:17.909Z [EVENT world:unitAdded] #5 (anon_5) took 0.0ms
2026-10-01T18:06:17.909Z [EVENT world:unitAdded] #0 (anon_0) took 0.0ms
2026-10-01T18:06:17.909Z [EVENT world:unitAdded] #1 (clearUnitCaches) took 0.0ms
2026-10-01T18:06:17.910Z [EVENT world:unitAdded] #2 (markBedsDirty) took 0.0ms
2026-10-01T18:06:17.911Z [EVENT world:unitAdded] #3 (anon_3) took 0.8ms
2026-10-01T18:06:17.911Z [EVENT world:unitAdded] #4 (anon_4) took 0.0ms
2026-10-01T18:06:17.911Z [EVENT world:unitAdded] #5 (anon_5) took 0.0ms
2026-10-01T18:06:17.912Z [EVENT world:unitAdded] #0 (anon_0) took 0.0ms
2026-10-01T18:06:17.912Z [EVENT world:unitAdded] #1 (clearUnitCaches) took 0.0ms
2026-10-01T18:06:17.912Z [EVENT world:unitAdded] #2 (markBedsDirty) took 0.0ms
2026-10-01T18:06:17.913Z [EVENT world:unitAdded] #3 (anon_3) took 0.4ms
2026-10-01T18:06:17.913Z [EVENT world:unitAdded] #4 (anon_4) took 0.0ms
2026-10-01T18:06:17.913Z [EVENT world:unitAdded] #5 (anon_5) took 0.0ms
2026-10-01T18:06:17.913Z [EVENT world:unitAdded] #0 (anon_0) took 0.0ms
2026-10-01T18:06:17.914Z [EVENT world:unitAdded] #1 (clearUnitCaches) took 0.0ms
2026-10-01T18:06:17.914Z [EVENT world:unitAdded] #2 (markBedsDirty) took 0.0ms
2026-10-01T18:06:17.915Z [EVENT world:unitAdded] #3 (anon_3) took 0.5ms
2026-10-01T18:06:17.915Z [EVENT world:unitAdded] #4 (anon_4) took 0.0ms
2026-10-01T18:06:17.915Z [EVENT world:unitAdded] #5 (anon_5) took 0.0ms
2026-10-01T18:06:17.916Z [EVENT world:unitAdded] #0 (anon_0) took 0.0ms
2026-10-01T18:06:17.916Z [EVENT world:unitAdded] #1 (clearUnitCaches) took 0.0ms
2026-10-01T18:06:17.916Z [EVENT world:unitAdded] #2 (markBedsDirty) took 0.0ms
2026-10-01T18:06:17.917Z [EVENT world:unitAdded] #3 (anon_3) took 0.5ms
2026-10-01T18:06:17.917Z [EVENT world:unitAdded] #4 (anon_4) took 0.0ms
2026-10-01T18:06:17.918Z [EVENT world:unitAdded] #5 (anon_5) took 0.0ms
2026-10-01T18:06:17.918Z [EVENT world:unitAdded] #0 (anon_0) took 0.0ms
2026-10-01T18:06:17.918Z [EVENT world:unitAdded] #1 (clearUnitCaches) took 0.0ms
2026-10-01T18:06:17.918Z [EVENT world:unitAdded] #2 (markBedsDirty) took 0.0ms
2026-10-01T18:06:17.919Z [EVENT world:unitAdded] #3 (anon_3) took 0.5ms
2026-10-01T18:06:17.919Z [EVENT world:unitAdded] #4 (anon_4) took 0.0ms
2026-10-01T18:06:17.920Z [EVENT world:unitAdded] #5 (anon_5) took 0.0ms
2026-10-01T18:06:17.920Z [EVENT world:unitAdded] #0 (anon_0) took 0.0ms
2026-10-01T18:06:17.920Z [EVENT world:unitAdded] #1 (clearUnitCaches) took 0.0ms
2026-10-01T18:06:17.920Z [EVENT world:unitAdded] #2 (markBedsDirty) took 0.0ms
2026-10-01T18:06:17.921Z [EVENT world:unitAdded] #3 (anon_3) took 0.7ms
2026-10-01T18:06:17.922Z [EVENT world:unitAdded] #4 (anon_4) took 0.0ms
2026-10-01T18:06:17.922Z [EVENT world:unitAdded] #5 (anon_5) took 0.0ms
2026-10-01T18:06:17.922Z [EVENT world:unitAdded] #0 (anon_0) took 0.0ms
2026-10-01T18:06:17.922Z [EVENT world:unitAdded] #1 (clearUnitCaches) took 0.0ms
2026-10-01T18:06:17.922Z [EVENT world:unitAdded] #2 (markBedsDirty) took 0.0ms
2026-10-01T18:06:17.923Z [EVENT world:unitAdded] #3 (anon_3) took 0.4ms
2026-10-01T18:06:17.923Z [EVENT world:unitAdded] #4 (anon_4) took 0.0ms
2026-10-01T18:06:17.923Z [EVENT world:unitAdded] #5 (anon_5) took 0.0ms
2026-10-01T18:06:17.924Z [EVENT world:unitAdded] #0 (anon_0) took 0.0ms
2026-10-01T18:06:17.924Z [EVENT world:unitAdded] #1 (clearUnitCaches) took 0.0ms
2026-10-01T18:06:17.924Z [EVENT world:unitAdded] #2 (markBedsDirty) took 0.0ms
2026-10-01T18:06:17.925Z [EVENT world:unitAdded] #3 (anon_3) took 0.4ms
2026-10-01T18:06:17.925Z [EVENT world:unitAdded] #4 (anon_4) took 0.0ms
2026-10-01T18:06:17.925Z [EVENT world:unitAdded] #5 (anon_5) took 0.0ms
2026-10-01T18:06:17.926Z [EVENT world:unitAdded] #0 (anon_0) took 0.0ms
2026-10-01T18:06:17.926Z [EVENT world:unitAdded] #1 (clearUnitCaches) took 0.0ms
2026-10-01T18:06:17.927Z [EVENT world:unitAdded] #2 (markBedsDirty) took 0.0ms
2026-10-01T18:06:17.928Z [EVENT world:unitAdded] #3 (anon_3) took 0.7ms
2026-10-01T18:06:17.928Z [EVENT world:unitAdded] #4 (anon_4) took 0.0ms
2026-10-01T18:06:17.928Z [EVENT world:unitAdded] #5 (anon_5) took 0.0ms
2026-10-01T18:06:17.928Z [EVENT world:unitAdded] #0 (anon_0) took 0.0ms
2026-10-01T18:06:17.929Z [EVENT world:unitAdded] #1 (clearUnitCaches) took 0.0ms
2026-10-01T18:06:17.929Z [EVENT world:unitAdded] #2 (markBedsDirty) took 0.0ms
2026-10-01T18:06:17.929Z [EVENT world:unitAdded] #3 (anon_3) took 0.5ms
2026-10-01T18:06:17.930Z [EVENT world:unitAdded] #4 (anon_4) took 0.0ms
2026-10-01T18:06:17.930Z [EVENT world:unitAdded] #5 (anon_5) took 0.0ms
2026-10-01T18:06:17.930Z [EVENT world:unitAdded] #0 (anon_0) took 0.0ms
2026-10-01T18:06:17.931Z [EVENT world:unitAdded] #1 (clearUnitCaches) took 0.0ms
2026-10-01T18:06:17.931Z [EVENT world:unitAdded] #2 (markBedsDirty) took 0.0ms
2026-10-01T18:06:17.931Z [EVENT world:unitAdded] #3 (anon_3) took 0.4ms
2026-10-01T18:06:17.932Z [EVENT world:unitAdded] #4 (anon_4) took 0.0ms
2026-10-01T18:06:17.932Z [EVENT world:unitAdded] #5 (anon_5) took 0.0ms
2026-10-01T18:06:17.932Z [EVENT world:unitAdded] #0 (anon_0) took 0.0ms
2026-10-01T18:06:17.932Z [EVENT world:unitAdded] #1 (clearUnitCaches) took 0.0ms
2026-10-01T18:06:17.933Z [EVENT world:unitAdded] #2 (markBedsDirty) took 0.0ms
2026-10-01T18:06:17.934Z [EVENT world:unitAdded] #3 (anon_3) took 0.7ms
2026-10-01T18:06:17.934Z [EVENT world:unitAdded] #4 (anon_4) took 0.0ms
2026-10-01T18:06:17.934Z [EVENT world:unitAdded] #5 (anon_5) took 0.0ms
2026-10-01T18:06:17.934Z [EVENT world:unitAdded] #0 (anon_0) took 0.0ms
2026-10-01T18:06:17.935Z [EVENT world:unitAdded] #1 (clearUnitCaches) took 0.0ms
2026-10-01T18:06:17.935Z [EVENT world:unitAdded] #2 (markBedsDirty) took 0.0ms
2026-10-01T18:06:17.935Z [EVENT world:unitAdded] #3 (anon_3) took 0.5ms
2026-10-01T18:06:17.936Z [EVENT world:unitAdded] #4 (anon_4) took 0.0ms
2026-10-01T18:06:17.936Z [EVENT world:unitAdded] #5 (anon_5) took 0.0ms
2026-10-01T18:06:17.936Z [EVENT world:unitAdded] #0 (anon_0) took 0.0ms
2026-10-01T18:06:17.936Z [EVENT world:unitAdded] #1 (clearUnitCaches) took 0.0ms
2026-10-01T18:06:17.937Z [EVENT world:unitAdded] #2 (markBedsDirty) took 0.0ms
2026-10-01T18:06:17.937Z [EVENT world:unitAdded] #3 (anon_3) took 0.5ms
2026-10-01T18:06:17.938Z [EVENT world:unitAdded] #4 (anon_4) took 0.0ms
2026-10-01T18:06:17.938Z [EVENT world:unitAdded] #5 (anon_5) took 0.0ms
2026-10-01T18:06:17.938Z [EVENT world:unitAdded] #0 (anon_0) took 0.0ms
2026-10-01T18:06:17.938Z [EVENT world:unitAdded] #1 (clearUnitCaches) took 0.0ms
2026-10-01T18:06:17.939Z [EVENT world:unitAdded] #2 (markBedsDirty) took 0.0ms
2026-10-01T18:06:17.940Z [EVENT world:unitAdded] #3 (anon_3) took 0.7ms
2026-10-01T18:06:17.940Z [EVENT world:unitAdded] #4 (anon_4) took 0.0ms
2026-10-01T18:06:17.940Z [EVENT world:unitAdded] #5 (anon_5) took 0.0ms
2026-10-01T18:06:17.941Z [EVENT world:unitAdded] #0 (anon_0) took 0.0ms
2026-10-01T18:06:17.941Z [EVENT world:unitAdded] #1 (clearUnitCaches) took 0.0ms
2026-10-01T18:06:17.941Z [EVENT world:unitAdded] #2 (markBedsDirty) took 0.0ms
2026-10-01T18:06:17.942Z [EVENT world:unitAdded] #3 (anon_3) took 0.5ms
2026-10-01T18:06:17.942Z [EVENT world:unitAdded] #4 (anon_4) took 0.0ms
2026-10-01T18:06:17.943Z [EVENT world:unitAdded] #5 (anon_5) took 0.0ms
2026-10-01T18:06:17.943Z [EVENT world:unitAdded] #0 (anon_0) took 0.0ms
2026-10-01T18:06:17.943Z [EVENT world:unitAdded] #1 (clearUnitCaches) took 0.0ms
2026-10-01T18:06:17.944Z [EVENT world:unitAdded] #2 (markBedsDirty) took 0.0ms
2026-10-01T18:06:17.944Z [EVENT world:unitAdded] #3 (anon_3) took 0.5ms
2026-10-01T18:06:17.944Z [EVENT world:unitAdded] #4 (anon_4) took 0.0ms
2026-10-01T18:06:17.945Z [EVENT world:unitAdded] #5 (anon_5) took 0.0ms
2026-10-01T18:06:17.945Z [EVENT world:unitAdded] #0 (anon_0) took 0.0ms
2026-10-01T18:06:17.945Z [EVENT world:unitAdded] #1 (clearUnitCaches) took 0.0ms
2026-10-01T18:06:17.945Z [EVENT world:unitAdded] #2 (markBedsDirty) took 0.0ms
2026-10-01T18:06:17.946Z [EVENT world:unitAdded] #3 (anon_3) took 0.8ms
2026-10-01T18:06:17.947Z [EVENT world:unitAdded] #4 (anon_4) took 0.0ms
2026-10-01T18:06:17.947Z [EVENT world:unitAdded] #5 (anon_5) took 0.0ms
2026-10-01T18:06:17.948Z [EVENT world:unitAdded] #0 (anon_0) took 0.0ms
2026-10-01T18:06:17.948Z [EVENT world:unitAdded] #1 (clearUnitCaches) took 0.0ms
2026-10-01T18:06:17.948Z [EVENT world:unitAdded] #2 (markBedsDirty) took 0.0ms
2026-10-01T18:06:17.949Z [EVENT world:unitAdded] #3 (anon_3) took 0.5ms
2026-10-01T18:06:17.949Z [EVENT world:unitAdded] #4 (anon_4) took 0.0ms
2026-10-01T18:06:17.949Z [EVENT world:unitAdded] #5 (anon_5) took 0.0ms
2026-10-01T18:06:17.950Z [EVENT world:unitAdded] #0 (anon_0) took 0.0ms
2026-10-01T18:06:17.950Z [EVENT world:unitAdded] #1 (clearUnitCaches) took 0.0ms
2026-10-01T18:06:17.950Z [EVENT world:unitAdded] #2 (markBedsDirty) took 0.0ms
2026-10-01T18:06:17.951Z [EVENT world:unitAdded] #3 (anon_3) took 0.5ms
2026-10-01T18:06:17.951Z [EVENT world:unitAdded] #4 (anon_4) took 0.0ms
2026-10-01T18:06:17.951Z [EVENT world:unitAdded] #5 (anon_5) took 0.0ms
2026-10-01T18:06:17.951Z [EVENT world:unitAdded] #0 (anon_0) took 0.0ms
2026-10-01T18:06:17.952Z [EVENT world:unitAdded] #1 (clearUnitCaches) took 0.0ms
2026-10-01T18:06:17.952Z [EVENT world:unitAdded] #2 (markBedsDirty) took 0.0ms
2026-10-01T18:06:17.953Z [EVENT world:unitAdded] #3 (anon_3) took 0.8ms
2026-10-01T18:06:17.953Z [EVENT world:unitAdded] #4 (anon_4) took 0.0ms
2026-10-01T18:06:17.953Z [EVENT world:unitAdded] #5 (anon_5) took 0.0ms
2026-10-01T18:06:17.954Z [EVENT world:unitAdded] #0 (anon_0) took 0.0ms
2026-10-01T18:06:17.955Z [EVENT world:unitAdded] #1 (clearUnitCaches) took 0.0ms
2026-10-01T18:06:17.955Z [EVENT world:unitAdded] #2 (markBedsDirty) took 0.0ms
2026-10-01T18:06:17.956Z [EVENT world:unitAdded] #3 (anon_3) took 0.6ms
2026-10-01T18:06:17.956Z [EVENT world:unitAdded] #4 (anon_4) took 0.0ms
2026-10-01T18:06:17.956Z [EVENT world:unitAdded] #5 (anon_5) took 0.0ms
2026-10-01T18:06:17.957Z [EVENT world:unitAdded] #0 (anon_0) took 0.0ms
2026-10-01T18:06:17.957Z [EVENT world:unitAdded] #1 (clearUnitCaches) took 0.0ms
2026-10-01T18:06:17.957Z [EVENT world:unitAdded] #2 (markBedsDirty) took 0.0ms
2026-10-01T18:06:17.958Z [EVENT world:unitAdded] #3 (anon_3) took 0.5ms
2026-10-01T18:06:17.958Z [EVENT world:unitAdded] #4 (anon_4) took 0.0ms
2026-10-01T18:06:17.958Z [EVENT world:unitAdded] #5 (anon_5) took 0.0ms
2026-10-01T18:06:17.959Z [EVENT world:unitAdded] #0 (anon_0) took 0.0ms
2026-10-01T18:06:17.959Z [EVENT world:unitAdded] #1 (clearUnitCaches) took 0.0ms
2026-10-01T18:06:17.959Z [EVENT world:unitAdded] #2 (markBedsDirty) took 0.0ms
2026-10-01T18:06:17.960Z [EVENT world:unitAdded] #3 (anon_3) took 0.8ms
2026-10-01T18:06:17.960Z [EVENT world:unitAdded] #4 (anon_4) took 0.0ms
2026-10-01T18:06:17.961Z [EVENT world:unitAdded] #5 (anon_5) took 0.0ms
2026-10-01T18:06:17.961Z [EVENT world:unitAdded] #0 (anon_0) took 0.0ms
2026-10-01T18:06:17.961Z [EVENT world:unitAdded] #1 (clearUnitCaches) took 0.0ms
2026-10-01T18:06:17.962Z [EVENT world:unitAdded] #2 (markBedsDirty) took 0.0ms
2026-10-01T18:06:17.962Z [EVENT world:unitAdded] #3 (anon_3) took 0.5ms
2026-10-01T18:06:17.962Z [EVENT world:unitAdded] #4 (anon_4) took 0.0ms
2026-10-01T18:06:17.963Z [EVENT world:unitAdded] #5 (anon_5) took 0.0ms
2026-10-01T18:06:17.963Z [EVENT world:unitAdded] #0 (anon_0) took 0.0ms
2026-10-01T18:06:17.963Z [EVENT world:unitAdded] #1 (clearUnitCaches) took 0.0ms
2026-10-01T18:06:17.963Z [EVENT world:unitAdded] #2 (markBedsDirty) took 0.0ms
2026-10-01T18:06:17.964Z [EVENT world:unitAdded] #3 (anon_3) took 0.5ms
2026-10-01T18:06:17.964Z [EVENT world:unitAdded] #4 (anon_4) took 0.0ms
2026-10-01T18:06:17.964Z [EVENT world:unitAdded] #5 (anon_5) took 0.0ms
2026-10-01T18:06:17.965Z [EVENT world:unitAdded] #0 (anon_0) took 0.0ms
2026-10-01T18:06:17.965Z [EVENT world:unitAdded] #1 (clearUnitCaches) took 0.0ms
2026-10-01T18:06:17.965Z [EVENT world:unitAdded] #2 (markBedsDirty) took 0.0ms
2026-10-01T18:06:17.966Z [EVENT world:unitAdded] #3 (anon_3) took 0.7ms
2026-10-01T18:06:17.967Z [EVENT world:unitAdded] #4 (anon_4) took 0.0ms
2026-10-01T18:06:17.967Z [EVENT world:unitAdded] #5 (anon_5) took 0.0ms
2026-10-01T18:06:17.967Z [EVENT world:unitAdded] #0 (anon_0) took 0.0ms
2026-10-01T18:06:17.967Z [EVENT world:unitAdded] #1 (clearUnitCaches) took 0.0ms
2026-10-01T18:06:17.968Z [EVENT world:unitAdded] #2 (markBedsDirty) took 0.0ms
2026-10-01T18:06:17.968Z [EVENT world:unitAdded] #3 (anon_3) took 0.5ms
2026-10-01T18:06:17.968Z [EVENT world:unitAdded] #4 (anon_4) took 0.0ms
2026-10-01T18:06:17.969Z [EVENT world:unitAdded] #5 (anon_5) took 0.0ms
2026-10-01T18:06:17.969Z [EVENT world:unitAdded] #0 (anon_0) took 0.0ms
2026-10-01T18:06:17.969Z [EVENT world:unitAdded] #1 (clearUnitCaches) took 0.0ms
2026-10-01T18:06:17.969Z [EVENT world:unitAdded] #2 (markBedsDirty) took 0.0ms
2026-10-01T18:06:17.970Z [EVENT world:unitAdded] #3 (anon_3) took 0.5ms
2026-10-01T18:06:17.970Z [EVENT world:unitAdded] #4 (anon_4) took 0.0ms
2026-10-01T18:06:17.971Z [EVENT world:unitAdded] #5 (anon_5) took 0.0ms
2026-10-01T18:06:17.971Z [EVENT world:unitAdded] #0 (anon_0) took 0.0ms
2026-10-01T18:06:17.971Z [EVENT world:unitAdded] #1 (clearUnitCaches) took 0.0ms
2026-10-01T18:06:17.971Z [EVENT world:unitAdded] #2 (markBedsDirty) took 0.0ms
2026-10-01T18:06:17.972Z [EVENT world:unitAdded] #3 (anon_3) took 0.7ms
2026-10-01T18:06:17.972Z [EVENT world:unitAdded] #4 (anon_4) took 0.0ms
2026-10-01T18:06:17.973Z [EVENT world:unitAdded] #5 (anon_5) took 0.0ms
2026-10-01T18:06:17.973Z [EVENT world:unitAdded] #0 (anon_0) took 0.0ms
2026-10-01T18:06:17.973Z [EVENT world:unitAdded] #1 (clearUnitCaches) took 0.0ms
2026-10-01T18:06:17.973Z [EVENT world:unitAdded] #2 (markBedsDirty) took 0.0ms
2026-10-01T18:06:17.974Z [EVENT world:unitAdded] #3 (anon_3) took 0.5ms
2026-10-01T18:06:17.974Z [EVENT world:unitAdded] #4 (anon_4) took 0.0ms
2026-10-01T18:06:17.974Z [EVENT world:unitAdded] #5 (anon_5) took 0.0ms
2026-10-01T18:06:17.975Z [EVENT world:unitAdded] #0 (anon_0) took 0.0ms
2026-10-01T18:06:17.975Z [EVENT world:unitAdded] #1 (clearUnitCaches) took 0.0ms
2026-10-01T18:06:17.975Z [EVENT world:unitAdded] #2 (markBedsDirty) took 0.0ms
2026-10-01T18:06:17.975Z [EVENT world:unitAdded] #3 (anon_3) took 0.4ms
2026-10-01T18:06:17.976Z [EVENT world:unitAdded] #4 (anon_4) took 0.0ms
2026-10-01T18:06:17.976Z [EVENT world:unitAdded] #5 (anon_5) took 0.0ms
2026-10-01T18:06:17.976Z [EVENT world:unitAdded] #0 (anon_0) took 0.0ms
2026-10-01T18:06:17.976Z [EVENT world:unitAdded] #1 (clearUnitCaches) took 0.0ms
2026-10-01T18:06:17.976Z [EVENT world:unitAdded] #2 (markBedsDirty) took 0.0ms
2026-10-01T18:06:17.977Z [EVENT world:unitAdded] #3 (anon_3) took 0.7ms
2026-10-01T18:06:17.978Z [EVENT world:unitAdded] #4 (anon_4) took 0.0ms
2026-10-01T18:06:17.978Z [EVENT world:unitAdded] #5 (anon_5) took 0.0ms
2026-10-01T18:06:17.978Z [EVENT world:unitAdded] #0 (anon_0) took 0.0ms
2026-10-01T18:06:17.978Z [EVENT world:unitAdded] #1 (clearUnitCaches) took 0.0ms
2026-10-01T18:06:17.978Z [EVENT world:unitAdded] #2 (markBedsDirty) took 0.0ms
2026-10-01T18:06:17.979Z [EVENT world:unitAdded] #3 (anon_3) took 0.5ms
2026-10-01T18:06:17.979Z [EVENT world:unitAdded] #4 (anon_4) took 0.0ms
2026-10-01T18:06:17.980Z [EVENT world:unitAdded] #5 (anon_5) took 0.0ms
2026-10-01T18:06:17.980Z [EVENT world:unitAdded] #0 (anon_0) took 0.0ms
2026-10-01T18:06:17.980Z [EVENT world:unitAdded] #1 (clearUnitCaches) took 0.0ms
2026-10-01T18:06:17.980Z [EVENT world:unitAdded] #2 (markBedsDirty) took 0.0ms
2026-10-01T18:06:17.981Z [EVENT world:unitAdded] #3 (anon_3) took 0.5ms
2026-10-01T18:06:17.981Z [EVENT world:unitAdded] #4 (anon_4) took 0.0ms
2026-10-01T18:06:17.981Z [EVENT world:unitAdded] #5 (anon_5) took 0.0ms
2026-10-01T18:06:17.982Z [EVENT world:unitAdded] #0 (anon_0) took 0.0ms
2026-10-01T18:06:17.982Z [EVENT world:unitAdded] #1 (clearUnitCaches) took 0.0ms
2026-10-01T18:06:17.982Z [EVENT world:unitAdded] #2 (markBedsDirty) took 0.0ms
2026-10-01T18:06:17.983Z [EVENT world:unitAdded] #3 (anon_3) took 1.0ms
2026-10-01T18:06:17.984Z [EVENT world:unitAdded] #4 (anon_4) took 0.0ms
2026-10-01T18:06:17.984Z [EVENT world:unitAdded] #5 (anon_5) took 0.0ms
2026-10-01T18:06:17.984Z [EVENT world:unitAdded] #0 (anon_0) took 0.0ms
2026-10-01T18:06:17.984Z [EVENT world:unitAdded] #1 (clearUnitCaches) took 0.0ms
2026-10-01T18:06:17.985Z [EVENT world:unitAdded] #2 (markBedsDirty) took 0.0ms
2026-10-01T18:06:17.985Z [EVENT world:unitAdded] #3 (anon_3) took 0.6ms
2026-10-01T18:06:17.986Z [EVENT world:unitAdded] #4 (anon_4) took 0.0ms
2026-10-01T18:06:17.986Z [EVENT world:unitAdded] #5 (anon_5) took 0.0ms
2026-10-01T18:06:17.986Z [EVENT world:unitAdded] #0 (anon_0) took 0.0ms
2026-10-01T18:06:17.986Z [EVENT world:unitAdded] #1 (clearUnitCaches) took 0.0ms
2026-10-01T18:06:17.987Z [EVENT world:unitAdded] #2 (markBedsDirty) took 0.0ms
2026-10-01T18:06:17.987Z [EVENT world:unitAdded] #3 (anon_3) took 0.6ms
2026-10-01T18:06:17.988Z [EVENT world:unitAdded] #4 (anon_4) took 0.0ms
2026-10-01T18:06:17.988Z [EVENT world:unitAdded] #5 (anon_5) took 0.0ms
2026-10-01T18:06:17.988Z [EVENT world:unitAdded] #0 (anon_0) took 0.0ms
2026-10-01T18:06:17.989Z [EVENT world:unitAdded] #1 (clearUnitCaches) took 0.0ms
2026-10-01T18:06:17.989Z [EVENT world:unitAdded] #2 (markBedsDirty) took 0.0ms
2026-10-01T18:06:17.990Z [EVENT world:unitAdded] #3 (anon_3) took 0.8ms
2026-10-01T18:06:17.990Z [EVENT world:unitAdded] #4 (anon_4) took 0.0ms
2026-10-01T18:06:17.990Z [EVENT world:unitAdded] #5 (anon_5) took 0.0ms
2026-10-01T18:06:17.991Z [EVENT world:unitAdded] #0 (anon_0) took 0.0ms
2026-10-01T18:06:17.991Z [EVENT world:unitAdded] #1 (clearUnitCaches) took 0.0ms
2026-10-01T18:06:17.991Z [EVENT world:unitAdded] #2 (markBedsDirty) took 0.0ms
2026-10-01T18:06:17.992Z [EVENT world:unitAdded] #3 (anon_3) took 0.5ms
2026-10-01T18:06:17.992Z [EVENT world:unitAdded] #4 (anon_4) took 0.0ms
2026-10-01T18:06:17.992Z [EVENT world:unitAdded] #5 (anon_5) took 0.0ms
2026-10-01T18:06:17.993Z [EVENT world:unitAdded] #0 (anon_0) took 0.0ms
2026-10-01T18:06:17.993Z [EVENT world:unitAdded] #1 (clearUnitCaches) took 0.0ms
2026-10-01T18:06:17.993Z [EVENT world:unitAdded] #2 (markBedsDirty) took 0.0ms
2026-10-01T18:06:17.994Z [EVENT world:unitAdded] #3 (anon_3) took 0.5ms
2026-10-01T18:06:17.994Z [EVENT world:unitAdded] #4 (anon_4) took 0.0ms
2026-10-01T18:06:17.994Z [EVENT world:unitAdded] #5 (anon_5) took 0.0ms
2026-10-01T18:06:17.995Z [EVENT world:unitAdded] #0 (anon_0) took 0.0ms
2026-10-01T18:06:17.995Z [EVENT world:unitAdded] #1 (clearUnitCaches) took 0.0ms
2026-10-01T18:06:17.996Z [EVENT world:unitAdded] #2 (markBedsDirty) took 0.0ms
2026-10-01T18:06:17.996Z [EVENT world:unitAdded] #3 (anon_3) took 0.5ms
2026-10-01T18:06:17.996Z [EVENT world:unitAdded] #4 (anon_4) took 0.0ms
2026-10-01T18:06:17.997Z [EVENT world:unitAdded] #5 (anon_5) took 0.0ms
2026-10-01T18:06:17.997Z [EVENT world:unitAdded] #0 (anon_0) took 0.0ms
2026-10-01T18:06:17.997Z [EVENT world:unitAdded] #1 (clearUnitCaches) took 0.0ms
2026-10-01T18:06:17.997Z [EVENT world:unitAdded] #2 (markBedsDirty) took 0.0ms
2026-10-01T18:06:17.998Z [EVENT world:unitAdded] #3 (anon_3) took 0.4ms
2026-10-01T18:06:17.998Z [EVENT world:unitAdded] #4 (anon_4) took 0.0ms
2026-10-01T18:06:17.998Z [EVENT world:unitAdded] #5 (anon_5) took 0.0ms
2026-10-01T18:06:17.999Z [EVENT world:unitAdded] #0 (anon_0) took 0.0ms
2026-10-01T18:06:17.999Z [EVENT world:unitAdded] #1 (clearUnitCaches) took 0.0ms
2026-10-01T18:06:17.999Z [EVENT world:unitAdded] #2 (markBedsDirty) took 0.0ms
2026-10-01T18:06:18.000Z [EVENT world:unitAdded] #3 (anon_3) took 0.7ms
2026-10-01T18:06:18.000Z [EVENT world:unitAdded] #4 (anon_4) took 0.0ms
2026-10-01T18:06:18.000Z [EVENT world:unitAdded] #5 (anon_5) took 0.0ms
2026-10-01T18:06:18.001Z [EVENT world:unitAdded] #0 (anon_0) took 0.0ms
2026-10-01T18:06:18.001Z [EVENT world:unitAdded] #1 (clearUnitCaches) took 0.0ms
2026-10-01T18:06:18.001Z [EVENT world:unitAdded] #2 (markBedsDirty) took 0.0ms
2026-10-01T18:06:18.002Z [EVENT world:unitAdded] #3 (anon_3) took 0.5ms
2026-10-01T18:06:18.002Z [EVENT world:unitAdded] #4 (anon_4) took 0.0ms
2026-10-01T18:06:18.002Z [EVENT world:unitAdded] #5 (anon_5) took 0.0ms
2026-10-01T18:06:18.003Z [EVENT world:unitAdded] #0 (anon_0) took 0.0ms
2026-10-01T18:06:18.003Z [EVENT world:unitAdded] #1 (clearUnitCaches) took 0.0ms
2026-10-01T18:06:18.003Z [EVENT world:unitAdded] #2 (markBedsDirty) took 0.0ms
2026-10-01T18:06:18.004Z [EVENT world:unitAdded] #3 (anon_3) took 0.5ms
2026-10-01T18:06:18.004Z [EVENT world:unitAdded] #4 (anon_4) took 0.0ms
2026-10-01T18:06:18.004Z [EVENT world:unitAdded] #5 (anon_5) took 0.0ms
2026-10-01T18:06:18.005Z [EVENT world:unitAdded] #0 (anon_0) took 0.0ms
2026-10-01T18:06:18.005Z [EVENT world:unitAdded] #1 (clearUnitCaches) took 0.0ms
2026-10-01T18:06:18.005Z [EVENT world:unitAdded] #2 (markBedsDirty) took 0.0ms
2026-10-01T18:06:18.006Z [EVENT world:unitAdded] #3 (anon_3) took 0.8ms
2026-10-01T18:06:18.006Z [EVENT world:unitAdded] #4 (anon_4) took 0.0ms
2026-10-01T18:06:18.006Z [EVENT world:unitAdded] #5 (anon_5) took 0.0ms
2026-10-01T18:06:18.007Z [EVENT world:unitAdded] #0 (anon_0) took 0.0ms
2026-10-01T18:06:18.007Z [EVENT world:unitAdded] #1 (clearUnitCaches) took 0.0ms
2026-10-01T18:06:18.007Z [EVENT world:unitAdded] #2 (markBedsDirty) took 0.0ms
2026-10-01T18:06:18.008Z [EVENT world:unitAdded] #3 (anon_3) took 0.5ms
2026-10-01T18:06:18.008Z [EVENT world:unitAdded] #4 (anon_4) took 0.0ms
2026-10-01T18:06:18.008Z [EVENT world:unitAdded] #5 (anon_5) took 0.0ms
2026-10-01T18:06:18.009Z [EVENT world:unitAdded] #0 (anon_0) took 0.0ms
2026-10-01T18:06:18.009Z [EVENT world:unitAdded] #1 (clearUnitCaches) took 0.0ms
2026-10-01T18:06:18.009Z [EVENT world:unitAdded] #2 (markBedsDirty) took 0.0ms
2026-10-01T18:06:18.010Z [EVENT world:unitAdded] #3 (anon_3) took 0.5ms
2026-10-01T18:06:18.010Z [EVENT world:unitAdded] #4 (anon_4) took 0.0ms
2026-10-01T18:06:18.010Z [EVENT world:unitAdded] #5 (anon_5) took 0.0ms
2026-10-01T18:06:18.011Z [EVENT world:unitAdded] #0 (anon_0) took 0.0ms
2026-10-01T18:06:18.011Z [EVENT world:unitAdded] #1 (clearUnitCaches) took 0.0ms
2026-10-01T18:06:18.011Z [EVENT world:unitAdded] #2 (markBedsDirty) took 0.0ms
2026-10-01T18:06:18.012Z [EVENT world:unitAdded] #3 (anon_3) took 0.7ms
2026-10-01T18:06:18.012Z [EVENT world:unitAdded] #4 (anon_4) took 0.0ms
2026-10-01T18:06:18.013Z [EVENT world:unitAdded] #5 (anon_5) took 0.0ms
2026-10-01T18:06:18.013Z [EVENT world:unitAdded] #0 (anon_0) took 0.0ms
2026-10-01T18:06:18.013Z [EVENT world:unitAdded] #1 (clearUnitCaches) took 0.0ms
2026-10-01T18:06:18.013Z [EVENT world:unitAdded] #2 (markBedsDirty) took 0.0ms
2026-10-01T18:06:18.014Z [EVENT world:unitAdded] #3 (anon_3) took 0.5ms
2026-10-01T18:06:18.014Z [EVENT world:unitAdded] #4 (anon_4) took 0.0ms
2026-10-01T18:06:18.014Z [EVENT world:unitAdded] #5 (anon_5) took 0.0ms
2026-10-01T18:06:18.015Z [EVENT world:unitAdded] #0 (anon_0) took 0.0ms
2026-10-01T18:06:18.015Z [EVENT world:unitAdded] #1 (clearUnitCaches) took 0.0ms
2026-10-01T18:06:18.015Z [EVENT world:unitAdded] #2 (markBedsDirty) took 0.0ms
2026-10-01T18:06:18.016Z [EVENT world:unitAdded] #3 (anon_3) took 0.5ms
2026-10-01T18:06:18.016Z [EVENT world:unitAdded] #4 (anon_4) took 0.0ms
2026-10-01T18:06:18.016Z [EVENT world:unitAdded] #5 (anon_5) took 0.0ms
2026-10-01T18:06:18.017Z [EVENT world:unitAdded] #0 (anon_0) took 0.0ms
2026-10-01T18:06:18.017Z [EVENT world:unitAdded] #1 (clearUnitCaches) took 0.0ms
2026-10-01T18:06:18.017Z [EVENT world:unitAdded] #2 (markBedsDirty) took 0.0ms
2026-10-01T18:06:18.018Z [EVENT world:unitAdded] #3 (anon_3) took 0.7ms
2026-10-01T18:06:18.019Z [EVENT world:unitAdded] #4 (anon_4) took 0.0ms
2026-10-01T18:06:18.019Z [EVENT world:unitAdded] #5 (anon_5) took 0.0ms
2026-10-01T18:06:18.019Z [EVENT world:unitAdded] #0 (anon_0) took 0.0ms
2026-10-01T18:06:18.020Z [EVENT world:unitAdded] #1 (clearUnitCaches) took 0.0ms
2026-10-01T18:06:18.020Z [EVENT world:unitAdded] #2 (markBedsDirty) took 0.0ms
2026-10-01T18:06:18.020Z [EVENT world:unitAdded] #3 (anon_3) took 0.5ms
2026-10-01T18:06:18.021Z [EVENT world:unitAdded] #4 (anon_4) took 0.0ms
2026-10-01T18:06:18.021Z [EVENT world:unitAdded] #5 (anon_5) took 0.0ms
2026-10-01T18:06:18.021Z [EVENT world:unitAdded] #0 (anon_0) took 0.0ms
2026-10-01T18:06:18.021Z [EVENT world:unitAdded] #1 (clearUnitCaches) took 0.0ms
2026-10-01T18:06:18.022Z [EVENT world:unitAdded] #2 (markBedsDirty) took 0.0ms
2026-10-01T18:06:18.022Z [EVENT world:unitAdded] #3 (anon_3) took 0.5ms
2026-10-01T18:06:18.022Z [EVENT world:unitAdded] #4 (anon_4) took 0.0ms
2026-10-01T18:06:18.023Z [EVENT world:unitAdded] #5 (anon_5) took 0.0ms
2026-10-01T18:06:18.023Z [EVENT world:unitAdded] #0 (anon_0) took 0.0ms
2026-10-01T18:06:18.023Z [EVENT world:unitAdded] #1 (clearUnitCaches) took 0.0ms
2026-10-01T18:06:18.024Z [EVENT world:unitAdded] #2 (markBedsDirty) took 0.0ms
2026-10-01T18:06:18.024Z [EVENT world:unitAdded] #3 (anon_3) took 0.7ms
2026-10-01T18:06:18.025Z [EVENT world:unitAdded] #4 (anon_4) took 0.0ms
2026-10-01T18:06:18.025Z [EVENT world:unitAdded] #5 (anon_5) took 0.0ms
2026-10-01T18:06:18.025Z [EVENT world:unitAdded] #0 (anon_0) took 0.0ms
2026-10-01T18:06:18.025Z [EVENT world:unitAdded] #1 (clearUnitCaches) took 0.0ms
2026-10-01T18:06:18.026Z [EVENT world:unitAdded] #2 (markBedsDirty) took 0.0ms
2026-10-01T18:06:18.026Z [EVENT world:unitAdded] #3 (anon_3) took 0.5ms
2026-10-01T18:06:18.027Z [EVENT world:unitAdded] #4 (anon_4) took 0.0ms
2026-10-01T18:06:18.027Z [EVENT world:unitAdded] #5 (anon_5) took 0.0ms
2026-10-01T18:06:18.027Z [EVENT world:unitAdded] #0 (anon_0) took 0.0ms
2026-10-01T18:06:18.027Z [EVENT world:unitAdded] #1 (clearUnitCaches) took 0.0ms
2026-10-01T18:06:18.027Z [EVENT world:unitAdded] #2 (markBedsDirty) took 0.0ms
2026-10-01T18:06:18.028Z [EVENT world:unitAdded] #3 (anon_3) took 0.5ms
2026-10-01T18:06:18.028Z [EVENT world:unitAdded] #4 (anon_4) took 0.0ms
2026-10-01T18:06:18.028Z [EVENT world:unitAdded] #5 (anon_5) took 0.0ms
2026-10-01T18:06:18.029Z [EVENT world:unitAdded] #0 (anon_0) took 0.0ms
2026-10-01T18:06:18.029Z [EVENT world:unitAdded] #1 (clearUnitCaches) took 0.0ms
2026-10-01T18:06:18.029Z [EVENT world:unitAdded] #2 (markBedsDirty) took 0.0ms
2026-10-01T18:06:18.030Z [EVENT world:unitAdded] #3 (anon_3) took 0.8ms
2026-10-01T18:06:18.031Z [EVENT world:unitAdded] #4 (anon_4) took 0.0ms
2026-10-01T18:06:18.031Z [EVENT world:unitAdded] #5 (anon_5) took 0.0ms
2026-10-01T18:06:18.031Z [EVENT world:unitAdded] #0 (anon_0) took 0.0ms
2026-10-01T18:06:18.031Z [EVENT world:unitAdded] #1 (clearUnitCaches) took 0.0ms
2026-10-01T18:06:18.031Z [EVENT world:unitAdded] #2 (markBedsDirty) took 0.0ms
2026-10-01T18:06:18.032Z [EVENT world:unitAdded] #3 (anon_3) took 0.5ms
2026-10-01T18:06:18.032Z [EVENT world:unitAdded] #4 (anon_4) took 0.0ms
2026-10-01T18:06:18.032Z [EVENT world:unitAdded] #5 (anon_5) took 0.0ms
2026-10-01T18:06:18.033Z [EVENT world:unitAdded] #0 (anon_0) took 0.0ms
2026-10-01T18:06:18.033Z [EVENT world:unitAdded] #1 (clearUnitCaches) took 0.0ms
2026-10-01T18:06:18.033Z [EVENT world:unitAdded] #2 (markBedsDirty) took 0.0ms
2026-10-01T18:06:18.034Z [EVENT world:unitAdded] #3 (anon_3) took 0.6ms
2026-10-01T18:06:18.034Z [EVENT world:unitAdded] #4 (anon_4) took 0.0ms
2026-10-01T18:06:18.035Z [EVENT world:unitAdded] #5 (anon_5) took 0.0ms
2026-10-01T18:06:18.035Z [EVENT world:unitAdded] #0 (anon_0) took 0.0ms
2026-10-01T18:06:18.035Z [EVENT world:unitAdded] #1 (clearUnitCaches) took 0.0ms
2026-10-01T18:06:18.036Z [EVENT world:unitAdded] #2 (markBedsDirty) took 0.0ms
2026-10-01T18:06:18.037Z [EVENT world:unitAdded] #3 (anon_3) took 0.8ms
2026-10-01T18:06:18.037Z [EVENT world:unitAdded] #4 (anon_4) took 0.0ms
2026-10-01T18:06:18.037Z [EVENT world:unitAdded] #5 (anon_5) took 0.0ms
2026-10-01T18:06:18.037Z [EVENT world:unitAdded] #0 (anon_0) took 0.0ms
2026-10-01T18:06:18.038Z [EVENT world:unitAdded] #1 (clearUnitCaches) took 0.0ms
2026-10-01T18:06:18.038Z [EVENT world:unitAdded] #2 (markBedsDirty) took 0.0ms
2026-10-01T18:06:18.038Z [EVENT world:unitAdded] #3 (anon_3) took 0.5ms
2026-10-01T18:06:18.039Z [EVENT world:unitAdded] #4 (anon_4) took 0.0ms
2026-10-01T18:06:18.039Z [EVENT world:unitAdded] #5 (anon_5) took 0.0ms
2026-10-01T18:06:18.040Z [EVENT world:unitAdded] #0 (anon_0) took 0.0ms
2026-10-01T18:06:18.041Z [EVENT world:unitAdded] #1 (clearUnitCaches) took 0.0ms
2026-10-01T18:06:18.041Z [EVENT world:unitAdded] #2 (markBedsDirty) took 0.0ms
2026-10-01T18:06:18.042Z [EVENT world:unitAdded] #3 (anon_3) took 0.6ms
2026-10-01T18:06:18.042Z [EVENT world:unitAdded] #4 (anon_4) took 0.0ms
2026-10-01T18:06:18.042Z [EVENT world:unitAdded] #5 (anon_5) took 0.0ms
2026-10-01T18:06:18.043Z [EVENT world:unitAdded] #0 (anon_0) took 0.0ms
2026-10-01T18:06:18.043Z [EVENT world:unitAdded] #1 (clearUnitCaches) took 0.0ms
2026-10-01T18:06:18.043Z [EVENT world:unitAdded] #2 (markBedsDirty) took 0.0ms
2026-10-01T18:06:18.045Z [EVENT world:unitAdded] #3 (anon_3) took 0.9ms
2026-10-01T18:06:18.045Z [EVENT world:unitAdded] #4 (anon_4) took 0.0ms
2026-10-01T18:06:18.045Z [EVENT world:unitAdded] #5 (anon_5) took 0.0ms
2026-10-01T18:06:18.045Z [EVENT world:unitAdded] #0 (anon_0) took 0.0ms
2026-10-01T18:06:18.046Z [EVENT world:unitAdded] #1 (clearUnitCaches) took 0.0ms
2026-10-01T18:06:18.046Z [EVENT world:unitAdded] #2 (markBedsDirty) took 0.0ms
2026-10-01T18:06:18.046Z [EVENT world:unitAdded] #3 (anon_3) took 0.5ms
2026-10-01T18:06:18.047Z [EVENT world:unitAdded] #4 (anon_4) took 0.0ms
2026-10-01T18:06:18.047Z [EVENT world:unitAdded] #5 (anon_5) took 0.0ms
2026-10-01T18:06:18.047Z [EVENT world:unitAdded] #0 (anon_0) took 0.0ms
2026-10-01T18:06:18.048Z [EVENT world:unitAdded] #1 (clearUnitCaches) took 0.0ms
2026-10-01T18:06:18.048Z [EVENT world:unitAdded] #2 (markBedsDirty) took 0.0ms
2026-10-01T18:06:18.049Z [EVENT world:unitAdded] #3 (anon_3) took 0.8ms
2026-10-01T18:06:18.049Z [EVENT world:unitAdded] #4 (anon_4) took 0.0ms
2026-10-01T18:06:18.049Z [EVENT world:unitAdded] #5 (anon_5) took 0.0ms
2026-10-01T18:06:18.050Z [EVENT world:unitAdded] #0 (anon_0) took 0.0ms
2026-10-01T18:06:18.050Z [EVENT world:unitAdded] #1 (clearUnitCaches) took 0.0ms
2026-10-01T18:06:18.050Z [EVENT world:unitAdded] #2 (markBedsDirty) took 0.0ms
2026-10-01T18:06:18.051Z [EVENT world:unitAdded] #3 (anon_3) took 0.7ms
2026-10-01T18:06:18.051Z [EVENT world:unitAdded] #4 (anon_4) took 0.0ms
2026-10-01T18:06:18.051Z [EVENT world:unitAdded] #5 (anon_5) took 0.0ms
2026-10-01T18:06:18.052Z [EVENT world:unitAdded] #0 (anon_0) took 0.0ms
2026-10-01T18:06:18.052Z [EVENT world:unitAdded] #1 (clearUnitCaches) took 0.0ms
2026-10-01T18:06:18.052Z [EVENT world:unitAdded] #2 (markBedsDirty) took 0.0ms
2026-10-01T18:06:18.053Z [EVENT world:unitAdded] #3 (anon_3) took 0.5ms
2026-10-01T18:06:18.053Z [EVENT world:unitAdded] #4 (anon_4) took 0.0ms
2026-10-01T18:06:18.053Z [EVENT world:unitAdded] #5 (anon_5) took 0.0ms
2026-10-01T18:06:18.054Z [EVENT world:unitAdded] #0 (anon_0) took 0.0ms
2026-10-01T18:06:18.054Z [EVENT world:unitAdded] #1 (clearUnitCaches) took 0.0ms
2026-10-01T18:06:18.054Z [EVENT world:unitAdded] #2 (markBedsDirty) took 0.0ms
2026-10-01T18:06:18.055Z [EVENT world:unitAdded] #3 (anon_3) took 1.0ms
2026-10-01T18:06:18.055Z [EVENT world:unitAdded] #4 (anon_4) took 0.0ms
2026-10-01T18:06:18.056Z [EVENT world:unitAdded] #5 (anon_5) took 0.0ms
2026-10-01T18:06:18.056Z [EVENT world:unitAdded] #0 (anon_0) took 0.0ms
2026-10-01T18:06:18.056Z [EVENT world:unitAdded] #1 (clearUnitCaches) took 0.0ms
2026-10-01T18:06:18.056Z [EVENT world:unitAdded] #2 (markBedsDirty) took 0.0ms
2026-10-01T18:06:18.057Z [EVENT world:unitAdded] #3 (anon_3) took 0.6ms
2026-10-01T18:06:18.058Z [EVENT world:unitAdded] #4 (anon_4) took 0.0ms
2026-10-01T18:06:18.058Z [EVENT world:unitAdded] #5 (anon_5) took 0.0ms
2026-10-01T18:06:18.058Z [EVENT world:unitAdded] #0 (anon_0) took 0.0ms
2026-10-01T18:06:18.059Z [EVENT world:unitAdded] #1 (clearUnitCaches) took 0.0ms
2026-10-01T18:06:18.059Z [EVENT world:unitAdded] #2 (markBedsDirty) took 0.0ms
2026-10-01T18:06:18.059Z [EVENT world:unitAdded] #3 (anon_3) took 0.5ms
2026-10-01T18:06:18.060Z [EVENT world:unitAdded] #4 (anon_4) took 0.0ms
2026-10-01T18:06:18.060Z [EVENT world:unitAdded] #5 (anon_5) took 0.0ms
2026-10-01T18:06:18.060Z [EVENT world:unitAdded] #0 (anon_0) took 0.0ms
2026-10-01T18:06:18.060Z [EVENT world:unitAdded] #1 (clearUnitCaches) took 0.0ms
2026-10-01T18:06:18.060Z [EVENT world:unitAdded] #2 (markBedsDirty) took 0.0ms
2026-10-01T18:06:18.061Z [EVENT world:unitAdded] #3 (anon_3) took 0.7ms
2026-10-01T18:06:18.061Z [EVENT world:unitAdded] #4 (anon_4) took 0.0ms
2026-10-01T18:06:18.062Z [EVENT world:unitAdded] #5 (anon_5) took 0.0ms
2026-10-01T18:06:18.062Z [EVENT world:unitAdded] #0 (anon_0) took 0.0ms
2026-10-01T18:06:18.062Z [EVENT world:unitAdded] #1 (clearUnitCaches) took 0.0ms
2026-10-01T18:06:18.062Z [EVENT world:unitAdded] #2 (markBedsDirty) took 0.0ms
2026-10-01T18:06:18.063Z [EVENT world:unitAdded] #3 (anon_3) took 0.5ms
2026-10-01T18:06:18.063Z [EVENT world:unitAdded] #4 (anon_4) took 0.0ms
2026-10-01T18:06:18.063Z [EVENT world:unitAdded] #5 (anon_5) took 0.0ms
2026-10-01T18:06:18.064Z [EVENT world:unitAdded] #0 (anon_0) took 0.0ms
2026-10-01T18:06:18.065Z [EVENT world:unitAdded] #1 (clearUnitCaches) took 0.0ms
2026-10-01T18:06:18.065Z [EVENT world:unitAdded] #2 (markBedsDirty) took 0.0ms
2026-10-01T18:06:18.066Z [EVENT world:unitAdded] #3 (anon_3) took 0.6ms
2026-10-01T18:06:18.066Z [EVENT world:unitAdded] #4 (anon_4) took 0.0ms
2026-10-01T18:06:18.066Z [EVENT world:unitAdded] #5 (anon_5) took 0.0ms
2026-10-01T18:06:18.067Z [EVENT world:unitAdded] #0 (anon_0) took 0.0ms
2026-10-01T18:06:18.067Z [EVENT world:unitAdded] #1 (clearUnitCaches) took 0.0ms
2026-10-01T18:06:18.067Z [EVENT world:unitAdded] #2 (markBedsDirty) took 0.0ms
2026-10-01T18:06:18.068Z [EVENT world:unitAdded] #3 (anon_3) took 0.8ms
2026-10-01T18:06:18.069Z [EVENT world:unitAdded] #4 (anon_4) took 0.0ms
2026-10-01T18:06:18.069Z [EVENT world:unitAdded] #5 (anon_5) took 0.0ms
2026-10-01T18:06:18.069Z [EVENT world:unitAdded] #0 (anon_0) took 0.0ms
2026-10-01T18:06:18.069Z [EVENT world:unitAdded] #1 (clearUnitCaches) took 0.0ms
2026-10-01T18:06:18.070Z [EVENT world:unitAdded] #2 (markBedsDirty) took 0.0ms
2026-10-01T18:06:18.070Z [EVENT world:unitAdded] #3 (anon_3) took 0.6ms
2026-10-01T18:06:18.071Z [EVENT world:unitAdded] #4 (anon_4) took 0.0ms
2026-10-01T18:06:18.071Z [EVENT world:unitAdded] #5 (anon_5) took 0.0ms
2026-10-01T18:06:18.071Z [EVENT world:unitAdded] #0 (anon_0) took 0.0ms
2026-10-01T18:06:18.072Z [EVENT world:unitAdded] #1 (clearUnitCaches) took 0.0ms
2026-10-01T18:06:18.072Z [EVENT world:unitAdded] #2 (markBedsDirty) took 0.0ms
2026-10-01T18:06:18.073Z [EVENT world:unitAdded] #3 (anon_3) took 0.5ms
2026-10-01T18:06:18.073Z [EVENT world:unitAdded] #4 (anon_4) took 0.0ms
2026-10-01T18:06:18.073Z [EVENT world:unitAdded] #5 (anon_5) took 0.0ms
2026-10-01T18:06:18.073Z [EVENT world:unitAdded] #0 (anon_0) took 0.0ms
2026-10-01T18:06:18.073Z [EVENT world:unitAdded] #1 (clearUnitCaches) took 0.0ms
2026-10-01T18:06:18.074Z [EVENT world:unitAdded] #2 (markBedsDirty) took 0.0ms
2026-10-01T18:06:18.075Z [EVENT world:unitAdded] #3 (anon_3) took 1.0ms
2026-10-01T18:06:18.075Z [EVENT world:unitAdded] #4 (anon_4) took 0.0ms
2026-10-01T18:06:18.075Z [EVENT world:unitAdded] #5 (anon_5) took 0.0ms
2026-10-01T18:06:18.076Z [EVENT world:unitAdded] #0 (anon_0) took 0.0ms
2026-10-01T18:06:18.076Z [EVENT world:unitAdded] #1 (clearUnitCaches) took 0.0ms
2026-10-01T18:06:18.076Z [EVENT world:unitAdded] #2 (markBedsDirty) took 0.0ms
2026-10-01T18:06:18.077Z [EVENT world:unitAdded] #3 (anon_3) took 0.6ms
2026-10-01T18:06:18.077Z [EVENT world:unitAdded] #4 (anon_4) took 0.0ms
2026-10-01T18:06:18.077Z [EVENT world:unitAdded] #5 (anon_5) took 0.0ms
2026-10-01T18:06:18.078Z [EVENT world:unitAdded] #0 (anon_0) took 0.0ms
2026-10-01T18:06:18.078Z [EVENT world:unitAdded] #1 (clearUnitCaches) took 0.0ms
2026-10-01T18:06:18.078Z [EVENT world:unitAdded] #2 (markBedsDirty) took 0.0ms
2026-10-01T18:06:18.079Z [EVENT world:unitAdded] #3 (anon_3) took 0.5ms
2026-10-01T18:06:18.079Z [EVENT world:unitAdded] #4 (anon_4) took 0.0ms
2026-10-01T18:06:18.079Z [EVENT world:unitAdded] #5 (anon_5) took 0.0ms
2026-10-01T18:06:18.080Z [EVENT world:unitAdded] #0 (anon_0) took 0.0ms
2026-10-01T18:06:18.080Z [EVENT world:unitAdded] #1 (clearUnitCaches) took 0.0ms
2026-10-01T18:06:18.081Z [EVENT world:unitAdded] #2 (markBedsDirty) took 0.0ms
2026-10-01T18:06:18.082Z [EVENT world:unitAdded] #3 (anon_3) took 1.0ms
2026-10-01T18:06:18.082Z [EVENT world:unitAdded] #4 (anon_4) took 0.0ms
2026-10-01T18:06:18.082Z [EVENT world:unitAdded] #5 (anon_5) took 0.0ms
2026-10-01T18:06:18.083Z [EVENT world:unitAdded] #0 (anon_0) took 0.0ms
2026-10-01T18:06:18.083Z [EVENT world:unitAdded] #1 (clearUnitCaches) took 0.0ms
2026-10-01T18:06:18.083Z [EVENT world:unitAdded] #2 (markBedsDirty) took 0.0ms
2026-10-01T18:06:18.085Z [EVENT world:unitAdded] #3 (anon_3) took 1.0ms
2026-10-01T18:06:18.085Z [EVENT world:unitAdded] #4 (anon_4) took 0.0ms
2026-10-01T18:06:18.085Z [EVENT world:unitAdded] #5 (anon_5) took 0.0ms
2026-10-01T18:06:18.085Z [EVENT world:unitAdded] #0 (anon_0) took 0.0ms
2026-10-01T18:06:18.086Z [EVENT world:unitAdded] #1 (clearUnitCaches) took 0.0ms
2026-10-01T18:06:18.086Z [EVENT world:unitAdded] #2 (markBedsDirty) took 0.0ms
2026-10-01T18:06:18.086Z [EVENT world:unitAdded] #3 (anon_3) took 0.5ms
2026-10-01T18:06:18.087Z [EVENT world:unitAdded] #4 (anon_4) took 0.0ms
2026-10-01T18:06:18.087Z [EVENT world:unitAdded] #5 (anon_5) took 0.0ms
2026-10-01T18:06:18.087Z [EVENT world:unitAdded] #0 (anon_0) took 0.0ms
2026-10-01T18:06:18.087Z [EVENT world:unitAdded] #1 (clearUnitCaches) took 0.0ms
2026-10-01T18:06:18.088Z [EVENT world:unitAdded] #2 (markBedsDirty) took 0.0ms
2026-10-01T18:06:18.089Z [EVENT world:unitAdded] #3 (anon_3) took 0.9ms
2026-10-01T18:06:18.089Z [EVENT world:unitAdded] #4 (anon_4) took 0.0ms
2026-10-01T18:06:18.089Z [EVENT world:unitAdded] #5 (anon_5) took 0.0ms
2026-10-01T18:06:18.089Z [EVENT world:unitAdded] #0 (anon_0) took 0.0ms
2026-10-01T18:06:18.090Z [EVENT world:unitAdded] #1 (clearUnitCaches) took 0.0ms
2026-10-01T18:06:18.090Z [EVENT world:unitAdded] #2 (markBedsDirty) took 0.0ms
2026-10-01T18:06:18.090Z [EVENT world:unitAdded] #3 (anon_3) took 0.5ms
2026-10-01T18:06:18.091Z [EVENT world:unitAdded] #4 (anon_4) took 0.0ms
2026-10-01T18:06:18.091Z [EVENT world:unitAdded] #5 (anon_5) took 0.0ms
2026-10-01T18:06:18.091Z [EVENT world:unitAdded] #0 (anon_0) took 0.0ms
2026-10-01T18:06:18.091Z [EVENT world:unitAdded] #1 (clearUnitCaches) took 0.0ms
2026-10-01T18:06:18.091Z [EVENT world:unitAdded] #2 (markBedsDirty) took 0.0ms
2026-10-01T18:06:18.092Z [EVENT world:unitAdded] #3 (anon_3) took 0.5ms
2026-10-01T18:06:18.092Z [EVENT world:unitAdded] #4 (anon_4) took 0.0ms
2026-10-01T18:06:18.093Z [EVENT world:unitAdded] #5 (anon_5) took 0.0ms
2026-10-01T18:06:18.093Z [EVENT world:unitAdded] #0 (anon_0) took 0.0ms
2026-10-01T18:06:18.093Z [EVENT world:unitAdded] #1 (clearUnitCaches) took 0.0ms
2026-10-01T18:06:18.093Z [EVENT world:unitAdded] #2 (markBedsDirty) took 0.0ms
2026-10-01T18:06:18.094Z [EVENT world:unitAdded] #3 (anon_3) took 0.9ms
2026-10-01T18:06:18.095Z [EVENT world:unitAdded] #4 (anon_4) took 0.0ms
2026-10-01T18:06:18.095Z [EVENT world:unitAdded] #5 (anon_5) took 0.0ms
2026-10-01T18:06:18.096Z [EVENT world:unitAdded] #0 (anon_0) took 0.0ms
2026-10-01T18:06:18.096Z [EVENT world:unitAdded] #1 (clearUnitCaches) took 0.0ms
2026-10-01T18:06:18.096Z [EVENT world:unitAdded] #2 (markBedsDirty) took 0.0ms
2026-10-01T18:06:18.097Z [EVENT world:unitAdded] #3 (anon_3) took 0.5ms
2026-10-01T18:06:18.097Z [EVENT world:unitAdded] #4 (anon_4) took 0.0ms
2026-10-01T18:06:18.097Z [EVENT world:unitAdded] #5 (anon_5) took 0.0ms
2026-10-01T18:06:18.097Z [EVENT world:unitAdded] #0 (anon_0) took 0.0ms
2026-10-01T18:06:18.098Z [EVENT world:unitAdded] #1 (clearUnitCaches) took 0.0ms
2026-10-01T18:06:18.098Z [EVENT world:unitAdded] #2 (markBedsDirty) took 0.0ms
2026-10-01T18:06:18.099Z [EVENT world:unitAdded] #3 (anon_3) took 0.5ms
2026-10-01T18:06:18.099Z [EVENT world:unitAdded] #4 (anon_4) took 0.0ms
2026-10-01T18:06:18.099Z [EVENT world:unitAdded] #5 (anon_5) took 0.0ms
2026-10-01T18:06:18.100Z [EVENT world:unitAdded] #0 (anon_0) took 0.0ms
2026-10-01T18:06:18.100Z [EVENT world:unitAdded] #1 (clearUnitCaches) took 0.0ms
2026-10-01T18:06:18.100Z [EVENT world:unitAdded] #2 (markBedsDirty) took 0.0ms
2026-10-01T18:06:18.101Z [EVENT world:unitAdded] #3 (anon_3) took 0.9ms
2026-10-01T18:06:18.101Z [EVENT world:unitAdded] #4 (anon_4) took 0.0ms
2026-10-01T18:06:18.102Z [EVENT world:unitAdded] #5 (anon_5) took 0.0ms
2026-10-01T18:06:18.102Z [EVENT world:unitAdded] #0 (anon_0) took 0.0ms
2026-10-01T18:06:18.102Z [EVENT world:unitAdded] #1 (clearUnitCaches) took 0.0ms
2026-10-01T18:06:18.103Z [EVENT world:unitAdded] #2 (markBedsDirty) took 0.0ms
2026-10-01T18:06:18.104Z [EVENT world:unitAdded] #3 (anon_3) took 1.0ms
2026-10-01T18:06:18.104Z [EVENT world:unitAdded] #4 (anon_4) took 0.0ms
2026-10-01T18:06:18.104Z [EVENT world:unitAdded] #5 (anon_5) took 0.0ms
2026-10-01T18:06:18.105Z [EVENT world:unitAdded] #0 (anon_0) took 0.0ms
2026-10-01T18:06:18.105Z [EVENT world:unitAdded] #1 (clearUnitCaches) took 0.0ms
2026-10-01T18:06:18.105Z [EVENT world:unitAdded] #2 (markBedsDirty) took 0.0ms
2026-10-01T18:06:18.106Z [EVENT world:unitAdded] #3 (anon_3) took 0.5ms
2026-10-01T18:06:18.106Z [EVENT world:unitAdded] #4 (anon_4) took 0.0ms
2026-10-01T18:06:18.106Z [EVENT world:unitAdded] #5 (anon_5) took 0.0ms
2026-10-01T18:06:18.107Z [EVENT world:unitAdded] #0 (anon_0) took 0.0ms
2026-10-01T18:06:18.107Z [EVENT world:unitAdded] #1 (clearUnitCaches) took 0.0ms
2026-10-01T18:06:18.107Z [EVENT world:unitAdded] #2 (markBedsDirty) took 0.0ms
2026-10-01T18:06:18.108Z [EVENT world:unitAdded] #3 (anon_3) took 1.0ms
2026-10-01T18:06:18.109Z [EVENT world:unitAdded] #4 (anon_4) took 0.0ms
2026-10-01T18:06:18.109Z [EVENT world:unitAdded] #5 (anon_5) took 0.0ms
2026-10-01T18:06:18.109Z [EVENT world:unitAdded] #0 (anon_0) took 0.0ms
2026-10-01T18:06:18.109Z [EVENT world:unitAdded] #1 (clearUnitCaches) took 0.0ms
2026-10-01T18:06:18.110Z [EVENT world:unitAdded] #2 (markBedsDirty) took 0.0ms
2026-10-01T18:06:18.110Z [EVENT world:unitAdded] #3 (anon_3) took 0.5ms
2026-10-01T18:06:18.110Z [EVENT world:unitAdded] #4 (anon_4) took 0.0ms
2026-10-01T18:06:18.111Z [EVENT world:unitAdded] #5 (anon_5) took 0.0ms
2026-10-01T18:06:18.111Z [EVENT world:unitAdded] #0 (anon_0) took 0.0ms
2026-10-01T18:06:18.111Z [EVENT world:unitAdded] #1 (clearUnitCaches) took 0.0ms
2026-10-01T18:06:18.111Z [EVENT world:unitAdded] #2 (markBedsDirty) took 0.0ms
2026-10-01T18:06:18.112Z [EVENT world:unitAdded] #3 (anon_3) took 0.5ms
2026-10-01T18:06:18.112Z [EVENT world:unitAdded] #4 (anon_4) took 0.0ms
2026-10-01T18:06:18.112Z [EVENT world:unitAdded] #5 (anon_5) took 0.0ms
2026-10-01T18:06:18.113Z [EVENT world:unitAdded] #0 (anon_0) took 0.0ms
2026-10-01T18:06:18.113Z [EVENT world:unitAdded] #1 (clearUnitCaches) took 0.0ms
2026-10-01T18:06:18.113Z [EVENT world:unitAdded] #2 (markBedsDirty) took 0.0ms
2026-10-01T18:06:18.114Z [EVENT world:unitAdded] #3 (anon_3) took 0.8ms
2026-10-01T18:06:18.115Z [EVENT world:unitAdded] #4 (anon_4) took 0.0ms
2026-10-01T18:06:18.115Z [EVENT world:unitAdded] #5 (anon_5) took 0.0ms
2026-10-01T18:06:18.115Z [EVENT world:unitAdded] #0 (anon_0) took 0.0ms
2026-10-01T18:06:18.115Z [EVENT world:unitAdded] #1 (clearUnitCaches) took 0.0ms
2026-10-01T18:06:18.116Z [EVENT world:unitAdded] #2 (markBedsDirty) took 0.0ms
2026-10-01T18:06:18.116Z [EVENT world:unitAdded] #3 (anon_3) took 0.5ms
2026-10-01T18:06:18.116Z [EVENT world:unitAdded] #4 (anon_4) took 0.0ms
2026-10-01T18:06:18.117Z [EVENT world:unitAdded] #5 (anon_5) took 0.0ms
2026-10-01T18:06:18.117Z [EVENT world:unitAdded] #0 (anon_0) took 0.0ms
2026-10-01T18:06:18.117Z [EVENT world:unitAdded] #1 (clearUnitCaches) took 0.0ms
2026-10-01T18:06:18.117Z [EVENT world:unitAdded] #2 (markBedsDirty) took 0.0ms
2026-10-01T18:06:18.119Z [EVENT world:unitAdded] #3 (anon_3) took 1.0ms
2026-10-01T18:06:18.119Z [EVENT world:unitAdded] #4 (anon_4) took 0.0ms
2026-10-01T18:06:18.119Z [EVENT world:unitAdded] #5 (anon_5) took 0.0ms
2026-10-01T18:06:18.120Z [EVENT world:unitAdded] #0 (anon_0) took 0.0ms
2026-10-01T18:06:18.120Z [EVENT world:unitAdded] #1 (clearUnitCaches) took 0.0ms
2026-10-01T18:06:18.120Z [EVENT world:unitAdded] #2 (markBedsDirty) took 0.0ms
2026-10-01T18:06:18.121Z [EVENT world:unitAdded] #3 (anon_3) took 0.5ms
2026-10-01T18:06:18.121Z [EVENT world:unitAdded] #4 (anon_4) took 0.0ms
2026-10-01T18:06:18.121Z [EVENT world:unitAdded] #5 (anon_5) took 0.0ms
2026-10-01T18:06:18.122Z [EVENT world:unitAdded] #0 (anon_0) took 0.0ms
2026-10-01T18:06:18.122Z [EVENT world:unitAdded] #1 (clearUnitCaches) took 0.0ms
2026-10-01T18:06:18.122Z [EVENT world:unitAdded] #2 (markBedsDirty) took 0.0ms
2026-10-01T18:06:18.123Z [EVENT world:unitAdded] #3 (anon_3) took 0.5ms
2026-10-01T18:06:18.123Z [EVENT world:unitAdded] #4 (anon_4) took 0.0ms
2026-10-01T18:06:18.123Z [EVENT world:unitAdded] #5 (anon_5) took 0.0ms
2026-10-01T18:06:18.124Z [EVENT world:unitAdded] #0 (anon_0) took 0.0ms
2026-10-01T18:06:18.124Z [EVENT world:unitAdded] #1 (clearUnitCaches) took 0.0ms
2026-10-01T18:06:18.124Z [EVENT world:unitAdded] #2 (markBedsDirty) took 0.0ms
2026-10-01T18:06:18.125Z [EVENT world:unitAdded] #3 (anon_3) took 0.7ms
2026-10-01T18:06:18.125Z [EVENT world:unitAdded] #4 (anon_4) took 0.0ms
2026-10-01T18:06:18.125Z [EVENT world:unitAdded] #5 (anon_5) took 0.0ms
2026-10-01T18:06:18.126Z [EVENT world:unitAdded] #0 (anon_0) took 0.0ms
2026-10-01T18:06:18.126Z [EVENT world:unitAdded] #1 (clearUnitCaches) took 0.0ms
2026-10-01T18:06:18.126Z [EVENT world:unitAdded] #2 (markBedsDirty) took 0.0ms
2026-10-01T18:06:18.127Z [EVENT world:unitAdded] #3 (anon_3) took 0.8ms
2026-10-01T18:06:18.127Z [EVENT world:unitAdded] #4 (anon_4) took 0.0ms
2026-10-01T18:06:18.128Z [EVENT world:unitAdded] #5 (anon_5) took 0.0ms
2026-10-01T18:06:18.128Z [EVENT world:unitAdded] #0 (anon_0) took 0.0ms
2026-10-01T18:06:18.128Z [EVENT world:unitAdded] #1 (clearUnitCaches) took 0.0ms
2026-10-01T18:06:18.128Z [EVENT world:unitAdded] #2 (markBedsDirty) took 0.0ms
2026-10-01T18:06:18.129Z [EVENT world:unitAdded] #3 (anon_3) took 0.5ms
2026-10-01T18:06:18.129Z [EVENT world:unitAdded] #4 (anon_4) took 0.0ms
2026-10-01T18:06:18.129Z [EVENT world:unitAdded] #5 (anon_5) took 0.0ms
2026-10-01T18:06:18.130Z [EVENT world:unitAdded] #0 (anon_0) took 0.0ms
2026-10-01T18:06:18.130Z [EVENT world:unitAdded] #1 (clearUnitCaches) took 0.0ms
2026-10-01T18:06:18.131Z [EVENT world:unitAdded] #2 (markBedsDirty) took 0.0ms
2026-10-01T18:06:18.132Z [EVENT world:unitAdded] #3 (anon_3) took 1.5ms
2026-10-01T18:06:18.133Z [EVENT world:unitAdded] #4 (anon_4) took 0.0ms
2026-10-01T18:06:18.133Z [EVENT world:unitAdded] #5 (anon_5) took 0.0ms
2026-10-01T18:06:18.134Z [EVENT world:unitAdded] #0 (anon_0) took 0.0ms
2026-10-01T18:06:18.134Z [EVENT world:unitAdded] #1 (clearUnitCaches) took 0.0ms
2026-10-01T18:06:18.134Z [EVENT world:unitAdded] #2 (markBedsDirty) took 0.0ms
2026-10-01T18:06:18.135Z [EVENT world:unitAdded] #3 (anon_3) took 0.5ms
2026-10-01T18:06:18.135Z [EVENT world:unitAdded] #4 (anon_4) took 0.0ms
2026-10-01T18:06:18.135Z [EVENT world:unitAdded] #5 (anon_5) took 0.0ms
2026-10-01T18:06:18.136Z [EVENT world:unitAdded] #0 (anon_0) took 0.0ms
2026-10-01T18:06:18.136Z [EVENT world:unitAdded] #1 (clearUnitCaches) took 0.0ms
2026-10-01T18:06:18.136Z [EVENT world:unitAdded] #2 (markBedsDirty) took 0.0ms
2026-10-01T18:06:18.137Z [EVENT world:unitAdded] #3 (anon_3) took 0.5ms
2026-10-01T18:06:18.137Z [EVENT world:unitAdded] #4 (anon_4) took 0.0ms
2026-10-01T18:06:18.137Z [EVENT world:unitAdded] #5 (anon_5) took 0.0ms
2026-10-01T18:06:18.137Z [EVENT world:unitAdded] #0 (anon_0) took 0.0ms
2026-10-01T18:06:18.138Z [EVENT world:unitAdded] #1 (clearUnitCaches) took 0.0ms
2026-10-01T18:06:18.138Z [EVENT world:unitAdded] #2 (markBedsDirty) took 0.0ms
2026-10-01T18:06:18.139Z [EVENT world:unitAdded] #3 (anon_3) took 0.7ms
2026-10-01T18:06:18.139Z [EVENT world:unitAdded] #4 (anon_4) took 0.0ms
2026-10-01T18:06:18.139Z [EVENT world:unitAdded] #5 (anon_5) took 0.0ms
2026-10-01T18:06:18.140Z [EVENT world:unitAdded] #0 (anon_0) took 0.0ms
2026-10-01T18:06:18.140Z [EVENT world:unitAdded] #1 (clearUnitCaches) took 0.0ms
2026-10-01T18:06:18.140Z [EVENT world:unitAdded] #2 (markBedsDirty) took 0.0ms
2026-10-01T18:06:18.141Z [EVENT world:unitAdded] #3 (anon_3) took 0.6ms
2026-10-01T18:06:18.141Z [EVENT world:unitAdded] #4 (anon_4) took 0.0ms
2026-10-01T18:06:18.142Z [EVENT world:unitAdded] #5 (anon_5) took 0.0ms
2026-10-01T18:06:18.142Z [EVENT world:unitAdded] #0 (anon_0) took 0.0ms
2026-10-01T18:06:18.142Z [EVENT world:unitAdded] #1 (clearUnitCaches) took 0.0ms
2026-10-01T18:06:18.142Z [EVENT world:unitAdded] #2 (markBedsDirty) took 0.0ms
2026-10-01T18:06:18.143Z [EVENT world:unitAdded] #3 (anon_3) took 0.5ms
2026-10-01T18:06:18.143Z [EVENT world:unitAdded] #4 (anon_4) took 0.0ms
2026-10-01T18:06:18.143Z [EVENT world:unitAdded] #5 (anon_5) took 0.0ms
2026-10-01T18:06:18.144Z [EVENT world:unitAdded] #0 (anon_0) took 0.0ms
2026-10-01T18:06:18.144Z [EVENT world:unitAdded] #1 (clearUnitCaches) took 0.0ms
2026-10-01T18:06:18.144Z [EVENT world:unitAdded] #2 (markBedsDirty) took 0.0ms
2026-10-01T18:06:18.145Z [EVENT world:unitAdded] #3 (anon_3) took 0.8ms
2026-10-01T18:06:18.146Z [EVENT world:unitAdded] #4 (anon_4) took 0.0ms
2026-10-01T18:06:18.146Z [EVENT world:unitAdded] #5 (anon_5) took 0.0ms
2026-10-01T18:06:18.146Z [EVENT world:unitAdded] #0 (anon_0) took 0.0ms
2026-10-01T18:06:18.147Z [EVENT world:unitAdded] #1 (clearUnitCaches) took 0.0ms
2026-10-01T18:06:18.147Z [EVENT world:unitAdded] #2 (markBedsDirty) took 0.0ms
2026-10-01T18:06:18.147Z [EVENT world:unitAdded] #3 (anon_3) took 0.5ms
2026-10-01T18:06:18.148Z [EVENT world:unitAdded] #4 (anon_4) took 0.0ms
2026-10-01T18:06:18.148Z [EVENT world:unitAdded] #5 (anon_5) took 0.0ms
2026-10-01T18:06:18.148Z [EVENT world:unitAdded] #0 (anon_0) took 0.0ms
2026-10-01T18:06:18.149Z [EVENT world:unitAdded] #1 (clearUnitCaches) took 0.0ms
2026-10-01T18:06:18.149Z [EVENT world:unitAdded] #2 (markBedsDirty) took 0.0ms
2026-10-01T18:06:18.149Z [EVENT world:unitAdded] #3 (anon_3) took 0.5ms
2026-10-01T18:06:18.150Z [EVENT world:unitAdded] #4 (anon_4) took 0.0ms
2026-10-01T18:06:18.150Z [EVENT world:unitAdded] #5 (anon_5) took 0.0ms
2026-10-01T18:06:18.150Z [EVENT world:unitAdded] #0 (anon_0) took 0.0ms
2026-10-01T18:06:18.150Z [EVENT world:unitAdded] #1 (clearUnitCaches) took 0.0ms
2026-10-01T18:06:18.151Z [EVENT world:unitAdded] #2 (markBedsDirty) took 0.0ms
2026-10-01T18:06:18.151Z [EVENT world:unitAdded] #3 (anon_3) took 0.7ms
2026-10-01T18:06:18.152Z [EVENT world:unitAdded] #4 (anon_4) took 0.0ms
2026-10-01T18:06:18.152Z [EVENT world:unitAdded] #5 (anon_5) took 0.0ms
2026-10-01T18:06:18.152Z [EVENT world:unitAdded] #0 (anon_0) took 0.0ms
2026-10-01T18:06:18.152Z [EVENT world:unitAdded] #1 (clearUnitCaches) took 0.0ms
2026-10-01T18:06:18.153Z [EVENT world:unitAdded] #2 (markBedsDirty) took 0.0ms
2026-10-01T18:06:18.153Z [EVENT world:unitAdded] #3 (anon_3) took 0.5ms
2026-10-01T18:06:18.154Z [EVENT world:unitAdded] #4 (anon_4) took 0.0ms
2026-10-01T18:06:18.154Z [EVENT world:unitAdded] #5 (anon_5) took 0.0ms
2026-10-01T18:06:18.154Z [EVENT world:unitAdded] #0 (anon_0) took 0.0ms
2026-10-01T18:06:18.154Z [EVENT world:unitAdded] #1 (clearUnitCaches) took 0.0ms
2026-10-01T18:06:18.154Z [EVENT world:unitAdded] #2 (markBedsDirty) took 0.0ms
2026-10-01T18:06:18.155Z [EVENT world:unitAdded] #3 (anon_3) took 0.5ms
2026-10-01T18:06:18.155Z [EVENT world:unitAdded] #4 (anon_4) took 0.0ms
2026-10-01T18:06:18.156Z [EVENT world:unitAdded] #5 (anon_5) took 0.0ms
2026-10-01T18:06:18.156Z [EVENT world:unitAdded] #0 (anon_0) took 0.0ms
2026-10-01T18:06:18.156Z [EVENT world:unitAdded] #1 (clearUnitCaches) took 0.0ms
2026-10-01T18:06:18.156Z [EVENT world:unitAdded] #2 (markBedsDirty) took 0.0ms
2026-10-01T18:06:18.157Z [EVENT world:unitAdded] #3 (anon_3) took 0.7ms
2026-10-01T18:06:18.157Z [EVENT world:unitAdded] #4 (anon_4) took 0.0ms
2026-10-01T18:06:18.158Z [EVENT world:unitAdded] #5 (anon_5) took 0.0ms
2026-10-01T18:06:18.158Z [EVENT world:unitAdded] #0 (anon_0) took 0.0ms
2026-10-01T18:06:18.158Z [EVENT world:unitAdded] #1 (clearUnitCaches) took 0.0ms
2026-10-01T18:06:18.158Z [EVENT world:unitAdded] #2 (markBedsDirty) took 0.0ms
2026-10-01T18:06:18.159Z [EVENT world:unitAdded] #3 (anon_3) took 0.5ms
2026-10-01T18:06:18.159Z [EVENT world:unitAdded] #4 (anon_4) took 0.0ms
2026-10-01T18:06:18.160Z [EVENT world:unitAdded] #5 (anon_5) took 0.0ms
2026-10-01T18:06:18.160Z [EVENT world:unitAdded] #0 (anon_0) took 0.0ms
2026-10-01T18:06:18.160Z [EVENT world:unitAdded] #1 (clearUnitCaches) took 0.0ms
2026-10-01T18:06:18.160Z [EVENT world:unitAdded] #2 (markBedsDirty) took 0.0ms
2026-10-01T18:06:18.161Z [EVENT world:unitAdded] #3 (anon_3) took 0.6ms
2026-10-01T18:06:18.162Z [EVENT world:unitAdded] #4 (anon_4) took 0.0ms
2026-10-01T18:06:18.162Z [EVENT world:unitAdded] #5 (anon_5) took 0.0ms
2026-10-01T18:06:18.162Z [EVENT world:unitAdded] #0 (anon_0) took 0.0ms
2026-10-01T18:06:18.163Z [EVENT world:unitAdded] #1 (clearUnitCaches) took 0.0ms
2026-10-01T18:06:18.163Z [EVENT world:unitAdded] #2 (markBedsDirty) took 0.0ms
2026-10-01T18:06:18.164Z [EVENT world:unitAdded] #3 (anon_3) took 0.9ms
2026-10-01T18:06:18.164Z [EVENT world:unitAdded] #4 (anon_4) took 0.0ms
2026-10-01T18:06:18.164Z [EVENT world:unitAdded] #5 (anon_5) took 0.0ms
2026-10-01T18:06:18.165Z [EVENT world:unitAdded] #0 (anon_0) took 0.0ms
2026-10-01T18:06:18.165Z [EVENT world:unitAdded] #1 (clearUnitCaches) took 0.0ms
2026-10-01T18:06:18.165Z [EVENT world:unitAdded] #2 (markBedsDirty) took 0.0ms
2026-10-01T18:06:18.166Z [EVENT world:unitAdded] #3 (anon_3) took 0.4ms
2026-10-01T18:06:18.166Z [EVENT world:unitAdded] #4 (anon_4) took 0.0ms
2026-10-01T18:06:18.166Z [EVENT world:unitAdded] #5 (anon_5) took 0.0ms
2026-10-01T18:06:18.166Z [EVENT world:unitAdded] #0 (anon_0) took 0.0ms
2026-10-01T18:06:18.167Z [EVENT world:unitAdded] #1 (clearUnitCaches) took 0.0ms
2026-10-01T18:06:18.167Z [EVENT world:unitAdded] #2 (markBedsDirty) took 0.0ms
2026-10-01T18:06:18.167Z [EVENT world:unitAdded] #3 (anon_3) took 0.4ms
2026-10-01T18:06:18.167Z [EVENT world:unitAdded] #4 (anon_4) took 0.0ms
2026-10-01T18:06:18.168Z [EVENT world:unitAdded] #5 (anon_5) took 0.0ms
2026-10-01T18:06:18.168Z [EVENT world:unitAdded] #0 (anon_0) took 0.0ms
2026-10-01T18:06:18.168Z [EVENT world:unitAdded] #1 (clearUnitCaches) took 0.0ms
2026-10-01T18:06:18.168Z [EVENT world:unitAdded] #2 (markBedsDirty) took 0.0ms
2026-10-01T18:06:18.169Z [EVENT world:unitAdded] #3 (anon_3) took 0.7ms
2026-10-01T18:06:18.169Z [EVENT world:unitAdded] #4 (anon_4) took 0.0ms
2026-10-01T18:06:18.170Z [EVENT world:unitAdded] #5 (anon_5) took 0.0ms
2026-10-01T18:06:18.170Z [EVENT world:unitAdded] #0 (anon_0) took 0.0ms
2026-10-01T18:06:18.170Z [EVENT world:unitAdded] #1 (clearUnitCaches) took 0.0ms
2026-10-01T18:06:18.170Z [EVENT world:unitAdded] #2 (markBedsDirty) took 0.0ms
2026-10-01T18:06:18.171Z [EVENT world:unitAdded] #3 (anon_3) took 0.5ms
2026-10-01T18:06:18.171Z [EVENT world:unitAdded] #4 (anon_4) took 0.0ms
2026-10-01T18:06:18.171Z [EVENT world:unitAdded] #5 (anon_5) took 0.0ms
2026-10-01T18:06:18.172Z [EVENT world:unitAdded] #0 (anon_0) took 0.0ms
2026-10-01T18:06:18.172Z [EVENT world:unitAdded] #1 (clearUnitCaches) took 0.0ms
2026-10-01T18:06:18.173Z [EVENT world:unitAdded] #2 (markBedsDirty) took 0.0ms
2026-10-01T18:06:18.173Z [EVENT world:unitAdded] #3 (anon_3) took 0.5ms
2026-10-01T18:06:18.173Z [EVENT world:unitAdded] #4 (anon_4) took 0.0ms
2026-10-01T18:06:18.174Z [EVENT world:unitAdded] #5 (anon_5) took 0.0ms
2026-10-01T18:06:18.174Z [EVENT world:unitAdded] #0 (anon_0) took 0.0ms
2026-10-01T18:06:18.174Z [EVENT world:unitAdded] #1 (clearUnitCaches) took 0.0ms
2026-10-01T18:06:18.174Z [EVENT world:unitAdded] #2 (markBedsDirty) took 0.0ms
2026-10-01T18:06:18.176Z [EVENT world:unitAdded] #3 (anon_3) took 1.2ms
2026-10-01T18:06:18.176Z [EVENT world:unitAdded] #4 (anon_4) took 0.0ms
2026-10-01T18:06:18.176Z [EVENT world:unitAdded] #5 (anon_5) took 0.0ms
2026-10-01T18:06:18.177Z [EVENT world:unitAdded] #0 (anon_0) took 0.0ms
2026-10-01T18:06:18.177Z [EVENT world:unitAdded] #1 (clearUnitCaches) took 0.0ms
2026-10-01T18:06:18.177Z [EVENT world:unitAdded] #2 (markBedsDirty) took 0.0ms
2026-10-01T18:06:18.178Z [EVENT world:unitAdded] #3 (anon_3) took 0.5ms
2026-10-01T18:06:18.178Z [EVENT world:unitAdded] #4 (anon_4) took 0.0ms
2026-10-01T18:06:18.178Z [EVENT world:unitAdded] #5 (anon_5) took 0.0ms
2026-10-01T18:06:18.178Z [EVENT world:unitAdded] #0 (anon_0) took 0.0ms
2026-10-01T18:06:18.178Z [EVENT world:unitAdded] #1 (clearUnitCaches) took 0.0ms
2026-10-01T18:06:18.179Z [EVENT world:unitAdded] #2 (markBedsDirty) took 0.0ms
2026-10-01T18:06:18.179Z [EVENT world:unitAdded] #3 (anon_3) took 0.5ms
2026-10-01T18:06:18.179Z [EVENT world:unitAdded] #4 (anon_4) took 0.0ms
2026-10-01T18:06:18.180Z [EVENT world:unitAdded] #5 (anon_5) took 0.0ms
2026-10-01T18:06:18.180Z [EVENT world:unitAdded] #0 (anon_0) took 0.0ms
2026-10-01T18:06:18.180Z [EVENT world:unitAdded] #1 (clearUnitCaches) took 0.0ms
2026-10-01T18:06:18.180Z [EVENT world:unitAdded] #2 (markBedsDirty) took 0.0ms
2026-10-01T18:06:18.181Z [EVENT world:unitAdded] #3 (anon_3) took 0.6ms
2026-10-01T18:06:18.181Z [EVENT world:unitAdded] #4 (anon_4) took 0.0ms
2026-10-01T18:06:18.181Z [EVENT world:unitAdded] #5 (anon_5) took 0.0ms
2026-10-01T18:06:18.182Z [EVENT world:unitAdded] #0 (anon_0) took 0.0ms
2026-10-01T18:06:18.182Z [EVENT world:unitAdded] #1 (clearUnitCaches) took 0.0ms
2026-10-01T18:06:18.182Z [EVENT world:unitAdded] #2 (markBedsDirty) took 0.0ms
2026-10-01T18:06:18.183Z [EVENT world:unitAdded] #3 (anon_3) took 0.8ms
2026-10-01T18:06:18.183Z [EVENT world:unitAdded] #4 (anon_4) took 0.0ms
2026-10-01T18:06:18.184Z [EVENT world:unitAdded] #5 (anon_5) took 0.0ms
2026-10-01T18:06:18.184Z [EVENT world:unitAdded] #0 (anon_0) took 0.0ms
2026-10-01T18:06:18.184Z [EVENT world:unitAdded] #1 (clearUnitCaches) took 0.0ms
2026-10-01T18:06:18.185Z [EVENT world:unitAdded] #2 (markBedsDirty) took 0.0ms
2026-10-01T18:06:18.186Z [EVENT world:unitAdded] #3 (anon_3) took 1.2ms
2026-10-01T18:06:18.186Z [EVENT world:unitAdded] #4 (anon_4) took 0.0ms
2026-10-01T18:06:18.187Z [EVENT world:unitAdded] #5 (anon_5) took 0.0ms
2026-10-01T18:06:18.187Z [EVENT world:unitAdded] #0 (anon_0) took 0.0ms
2026-10-01T18:06:18.188Z [EVENT world:unitAdded] #1 (clearUnitCaches) took 0.0ms
2026-10-01T18:06:18.188Z [EVENT world:unitAdded] #2 (markBedsDirty) took 0.0ms
2026-10-01T18:06:18.189Z [EVENT world:unitAdded] #3 (anon_3) took 0.5ms
2026-10-01T18:06:18.189Z [EVENT world:unitAdded] #4 (anon_4) took 0.0ms
2026-10-01T18:06:18.189Z [EVENT world:unitAdded] #5 (anon_5) took 0.0ms
2026-10-01T18:06:18.190Z [EVENT world:unitAdded] #0 (anon_0) took 0.0ms
2026-10-01T18:06:18.190Z [EVENT world:unitAdded] #1 (clearUnitCaches) took 0.0ms
2026-10-01T18:06:18.190Z [EVENT world:unitAdded] #2 (markBedsDirty) took 0.0ms
2026-10-01T18:06:18.191Z [EVENT world:unitAdded] #3 (anon_3) took 0.5ms
2026-10-01T18:06:18.191Z [EVENT world:unitAdded] #4 (anon_4) took 0.0ms
2026-10-01T18:06:18.191Z [EVENT world:unitAdded] #5 (anon_5) took 0.0ms
2026-10-01T18:06:18.192Z [EVENT world:unitAdded] #0 (anon_0) took 0.0ms
2026-10-01T18:06:18.192Z [EVENT world:unitAdded] #1 (clearUnitCaches) took 0.0ms
2026-10-01T18:06:18.192Z [EVENT world:unitAdded] #2 (markBedsDirty) took 0.0ms
2026-10-01T18:06:18.193Z [EVENT world:unitAdded] #3 (anon_3) took 0.6ms
2026-10-01T18:06:18.193Z [EVENT world:unitAdded] #4 (anon_4) took 0.0ms
2026-10-01T18:06:18.194Z [EVENT world:unitAdded] #5 (anon_5) took 0.0ms
2026-10-01T18:06:18.194Z [EVENT world:unitAdded] #0 (anon_0) took 0.0ms
2026-10-01T18:06:18.194Z [EVENT world:unitAdded] #1 (clearUnitCaches) took 0.0ms
2026-10-01T18:06:18.194Z [EVENT world:unitAdded] #2 (markBedsDirty) took 0.0ms
2026-10-01T18:06:18.195Z [EVENT world:unitAdded] #3 (anon_3) took 0.7ms
2026-10-01T18:06:18.196Z [EVENT world:unitAdded] #4 (anon_4) took 0.0ms
2026-10-01T18:06:18.196Z [EVENT world:unitAdded] #5 (anon_5) took 0.0ms
2026-10-01T18:06:18.196Z [EVENT world:unitAdded] #0 (anon_0) took 0.0ms
2026-10-01T18:06:18.196Z [EVENT world:unitAdded] #1 (clearUnitCaches) took 0.0ms
2026-10-01T18:06:18.197Z [EVENT world:unitAdded] #2 (markBedsDirty) took 0.0ms
2026-10-01T18:06:18.198Z [EVENT world:unitAdded] #3 (anon_3) took 0.8ms
2026-10-01T18:06:18.198Z [EVENT world:unitAdded] #4 (anon_4) took 0.0ms
2026-10-01T18:06:18.198Z [EVENT world:unitAdded] #5 (anon_5) took 0.0ms
2026-10-01T18:06:18.199Z [EVENT world:unitAdded] #0 (anon_0) took 0.0ms
2026-10-01T18:06:18.199Z [EVENT world:unitAdded] #1 (clearUnitCaches) took 0.0ms
2026-10-01T18:06:18.199Z [EVENT world:unitAdded] #2 (markBedsDirty) took 0.0ms
2026-10-01T18:06:18.200Z [EVENT world:unitAdded] #3 (anon_3) took 1.0ms
2026-10-01T18:06:18.201Z [EVENT world:unitAdded] #4 (anon_4) took 0.0ms
2026-10-01T18:06:18.201Z [EVENT world:unitAdded] #5 (anon_5) took 0.0ms
2026-10-01T18:06:18.201Z [EVENT world:unitAdded] #0 (anon_0) took 0.0ms
2026-10-01T18:06:18.201Z [EVENT world:unitAdded] #1 (clearUnitCaches) took 0.0ms
2026-10-01T18:06:18.202Z [EVENT world:unitAdded] #2 (markBedsDirty) took 0.0ms
2026-10-01T18:06:18.202Z [EVENT world:unitAdded] #3 (anon_3) took 0.5ms
2026-10-01T18:06:18.202Z [EVENT world:unitAdded] #4 (anon_4) took 0.0ms
2026-10-01T18:06:18.203Z [EVENT world:unitAdded] #5 (anon_5) took 0.0ms
2026-10-01T18:06:18.203Z [EVENT world:unitAdded] #0 (anon_0) took 0.0ms
2026-10-01T18:06:18.203Z [EVENT world:unitAdded] #1 (clearUnitCaches) took 0.0ms
2026-10-01T18:06:18.204Z [EVENT world:unitAdded] #2 (markBedsDirty) took 0.0ms
2026-10-01T18:06:18.204Z [EVENT world:unitAdded] #3 (anon_3) took 0.6ms
2026-10-01T18:06:18.205Z [EVENT world:unitAdded] #4 (anon_4) took 0.0ms
2026-10-01T18:06:18.205Z [EVENT world:unitAdded] #5 (anon_5) took 0.0ms
2026-10-01T18:06:18.206Z [EVENT world:unitAdded] #0 (anon_0) took 0.0ms
2026-10-01T18:06:18.206Z [EVENT world:unitAdded] #1 (clearUnitCaches) took 0.0ms
2026-10-01T18:06:18.206Z [EVENT world:unitAdded] #2 (markBedsDirty) took 0.0ms
2026-10-01T18:06:18.207Z [EVENT world:unitAdded] #3 (anon_3) took 0.7ms
2026-10-01T18:06:18.207Z [EVENT world:unitAdded] #4 (anon_4) took 0.0ms
2026-10-01T18:06:18.208Z [EVENT world:unitAdded] #5 (anon_5) took 0.0ms
2026-10-01T18:06:18.208Z [EVENT world:unitAdded] #0 (anon_0) took 0.0ms
2026-10-01T18:06:18.208Z [EVENT world:unitAdded] #1 (clearUnitCaches) took 0.0ms
2026-10-01T18:06:18.209Z [EVENT world:unitAdded] #2 (markBedsDirty) took 0.0ms
2026-10-01T18:06:18.209Z [EVENT world:unitAdded] #3 (anon_3) took 0.6ms
2026-10-01T18:06:18.210Z [EVENT world:unitAdded] #4 (anon_4) took 0.0ms
2026-10-01T18:06:18.210Z [EVENT world:unitAdded] #5 (anon_5) took 0.0ms
2026-10-01T18:06:18.210Z [EVENT world:unitAdded] #0 (anon_0) took 0.0ms
2026-10-01T18:06:18.211Z [EVENT world:unitAdded] #1 (clearUnitCaches) took 0.0ms
2026-10-01T18:06:18.211Z [EVENT world:unitAdded] #2 (markBedsDirty) took 0.0ms
2026-10-01T18:06:18.211Z [EVENT world:unitAdded] #3 (anon_3) took 0.5ms
2026-10-01T18:06:18.212Z [EVENT world:unitAdded] #4 (anon_4) took 0.0ms
2026-10-01T18:06:18.212Z [EVENT world:unitAdded] #5 (anon_5) took 0.0ms
2026-10-01T18:06:18.213Z [EVENT world:unitAdded] #0 (anon_0) took 0.0ms
2026-10-01T18:06:18.213Z [EVENT world:unitAdded] #1 (clearUnitCaches) took 0.0ms
2026-10-01T18:06:18.213Z [EVENT world:unitAdded] #2 (markBedsDirty) took 0.0ms
2026-10-01T18:06:18.214Z [EVENT world:unitAdded] #3 (anon_3) took 0.8ms
2026-10-01T18:06:18.214Z [EVENT world:unitAdded] #4 (anon_4) took 0.0ms
2026-10-01T18:06:18.214Z [EVENT world:unitAdded] #5 (anon_5) took 0.0ms
2026-10-01T18:06:18.215Z [EVENT world:unitAdded] #0 (anon_0) took 0.0ms
2026-10-01T18:06:18.215Z [EVENT world:unitAdded] #1 (clearUnitCaches) took 0.0ms
2026-10-01T18:06:18.215Z [EVENT world:unitAdded] #2 (markBedsDirty) took 0.0ms
2026-10-01T18:06:18.216Z [EVENT world:unitAdded] #3 (anon_3) took 0.5ms
2026-10-01T18:06:18.216Z [EVENT world:unitAdded] #4 (anon_4) took 0.0ms
2026-10-01T18:06:18.216Z [EVENT world:unitAdded] #5 (anon_5) took 0.0ms
2026-10-01T18:06:18.217Z [EVENT world:unitAdded] #0 (anon_0) took 0.0ms
2026-10-01T18:06:18.217Z [EVENT world:unitAdded] #1 (clearUnitCaches) took 0.0ms
2026-10-01T18:06:18.217Z [EVENT world:unitAdded] #2 (markBedsDirty) took 0.0ms
2026-10-01T18:06:18.218Z [EVENT world:unitAdded] #3 (anon_3) took 0.5ms
2026-10-01T18:06:18.218Z [EVENT world:unitAdded] #4 (anon_4) took 0.0ms
2026-10-01T18:06:18.218Z [EVENT world:unitAdded] #5 (anon_5) took 0.0ms
2026-10-01T18:06:18.218Z [EVENT world:unitAdded] #0 (anon_0) took 0.0ms
2026-10-01T18:06:18.219Z [EVENT world:unitAdded] #1 (clearUnitCaches) took 0.0ms
2026-10-01T18:06:18.219Z [EVENT world:unitAdded] #2 (markBedsDirty) took 0.0ms
2026-10-01T18:06:18.220Z [EVENT world:unitAdded] #3 (anon_3) took 0.5ms
2026-10-01T18:06:18.220Z [EVENT world:unitAdded] #4 (anon_4) took 0.0ms
2026-10-01T18:06:18.220Z [EVENT world:unitAdded] #5 (anon_5) took 0.0ms
2026-10-01T18:06:18.220Z [EVENT world:unitAdded] #0 (anon_0) took 0.0ms
2026-10-01T18:06:18.221Z [EVENT world:unitAdded] #1 (clearUnitCaches) took 0.0ms
2026-10-01T18:06:18.221Z [EVENT world:unitAdded] #2 (markBedsDirty) took 0.0ms
2026-10-01T18:06:18.221Z [EVENT world:unitAdded] #3 (anon_3) took 0.5ms
2026-10-01T18:06:18.222Z [EVENT world:unitAdded] #4 (anon_4) took 0.0ms
2026-10-01T18:06:18.222Z [EVENT world:unitAdded] #5 (anon_5) took 0.0ms
2026-10-01T18:06:18.222Z [EVENT world:unitAdded] #0 (anon_0) took 0.0ms
2026-10-01T18:06:18.222Z [EVENT world:unitAdded] #1 (clearUnitCaches) took 0.0ms
2026-10-01T18:06:18.223Z [EVENT world:unitAdded] #2 (markBedsDirty) took 0.0ms
2026-10-01T18:06:18.223Z [EVENT world:unitAdded] #3 (anon_3) took 0.5ms
2026-10-01T18:06:18.223Z [EVENT world:unitAdded] #4 (anon_4) took 0.0ms
2026-10-01T18:06:18.224Z [EVENT world:unitAdded] #5 (anon_5) took 0.0ms
2026-10-01T18:06:18.224Z [EVENT world:unitAdded] #0 (anon_0) took 0.0ms
2026-10-01T18:06:18.224Z [EVENT world:unitAdded] #1 (clearUnitCaches) took 0.0ms
2026-10-01T18:06:18.225Z [EVENT world:unitAdded] #2 (markBedsDirty) took 0.0ms
2026-10-01T18:06:18.226Z [EVENT world:unitAdded] #3 (anon_3) took 0.8ms
2026-10-01T18:06:18.226Z [EVENT world:unitAdded] #4 (anon_4) took 0.0ms
2026-10-01T18:06:18.226Z [EVENT world:unitAdded] #5 (anon_5) took 0.0ms
2026-10-01T18:06:18.226Z [EVENT world:unitAdded] #0 (anon_0) took 0.0ms
2026-10-01T18:06:18.227Z [EVENT world:unitAdded] #1 (clearUnitCaches) took 0.0ms
2026-10-01T18:06:18.227Z [EVENT world:unitAdded] #2 (markBedsDirty) took 0.0ms
2026-10-01T18:06:18.228Z [EVENT world:unitAdded] #3 (anon_3) took 0.8ms
2026-10-01T18:06:18.228Z [EVENT world:unitAdded] #4 (anon_4) took 0.0ms
2026-10-01T18:06:18.228Z [EVENT world:unitAdded] #5 (anon_5) took 0.0ms
2026-10-01T18:06:18.229Z [EVENT world:unitAdded] #0 (anon_0) took 0.0ms
2026-10-01T18:06:18.229Z [EVENT world:unitAdded] #1 (clearUnitCaches) took 0.0ms
2026-10-01T18:06:18.229Z [EVENT world:unitAdded] #2 (markBedsDirty) took 0.0ms
2026-10-01T18:06:18.230Z [EVENT world:unitAdded] #3 (anon_3) took 0.5ms
2026-10-01T18:06:18.230Z [EVENT world:unitAdded] #4 (anon_4) took 0.0ms
2026-10-01T18:06:18.230Z [EVENT world:unitAdded] #5 (anon_5) took 0.0ms
2026-10-01T18:06:18.231Z [EVENT world:unitAdded] #0 (anon_0) took 0.0ms
2026-10-01T18:06:18.231Z [EVENT world:unitAdded] #1 (clearUnitCaches) took 0.0ms
2026-10-01T18:06:18.231Z [EVENT world:unitAdded] #2 (markBedsDirty) took 0.0ms
2026-10-01T18:06:18.232Z [EVENT world:unitAdded] #3 (anon_3) took 0.5ms
2026-10-01T18:06:18.232Z [EVENT world:unitAdded] #4 (anon_4) took 0.0ms
2026-10-01T18:06:18.232Z [EVENT world:unitAdded] #5 (anon_5) took 0.0ms
2026-10-01T18:06:18.233Z [EVENT world:unitAdded] #0 (anon_0) took 0.0ms
2026-10-01T18:06:18.233Z [EVENT world:unitAdded] #1 (clearUnitCaches) took 0.0ms
2026-10-01T18:06:18.233Z [EVENT world:unitAdded] #2 (markBedsDirty) took 0.0ms
2026-10-01T18:06:18.234Z [EVENT world:unitAdded] #3 (anon_3) took 0.6ms
2026-10-01T18:06:18.234Z [EVENT world:unitAdded] #4 (anon_4) took 0.0ms
2026-10-01T18:06:18.234Z [EVENT world:unitAdded] #5 (anon_5) took 0.0ms
2026-10-01T18:06:18.235Z [EVENT world:unitAdded] #0 (anon_0) took 0.0ms
2026-10-01T18:06:18.235Z [EVENT world:unitAdded] #1 (clearUnitCaches) took 0.0ms
2026-10-01T18:06:18.235Z [EVENT world:unitAdded] #2 (markBedsDirty) took 0.0ms
2026-10-01T18:06:18.236Z [EVENT world:unitAdded] #3 (anon_3) took 0.6ms
2026-10-01T18:06:18.236Z [EVENT world:unitAdded] #4 (anon_4) took 0.0ms
2026-10-01T18:06:18.237Z [EVENT world:unitAdded] #5 (anon_5) took 0.0ms
2026-10-01T18:06:18.237Z [EVENT world:unitAdded] #0 (anon_0) took 0.0ms
2026-10-01T18:06:18.237Z [EVENT world:unitAdded] #1 (clearUnitCaches) took 0.0ms
2026-10-01T18:06:18.237Z [EVENT world:unitAdded] #2 (markBedsDirty) took 0.0ms
2026-10-01T18:06:18.239Z [EVENT world:unitAdded] #3 (anon_3) took 1.1ms
2026-10-01T18:06:18.239Z [EVENT world:unitAdded] #4 (anon_4) took 0.0ms
2026-10-01T18:06:18.239Z [EVENT world:unitAdded] #5 (anon_5) took 0.0ms
2026-10-01T18:06:18.239Z [EVENT world:unitAdded] #0 (anon_0) took 0.0ms
2026-10-01T18:06:18.240Z [EVENT world:unitAdded] #1 (clearUnitCaches) took 0.0ms
2026-10-01T18:06:18.240Z [EVENT world:unitAdded] #2 (markBedsDirty) took 0.0ms
2026-10-01T18:06:18.241Z [EVENT world:unitAdded] #3 (anon_3) took 0.7ms
2026-10-01T18:06:18.241Z [EVENT world:unitAdded] #4 (anon_4) took 0.0ms
2026-10-01T18:06:18.241Z [EVENT world:unitAdded] #5 (anon_5) took 0.0ms
2026-10-01T18:06:18.242Z [EVENT world:unitAdded] #0 (anon_0) took 0.0ms
2026-10-01T18:06:18.242Z [EVENT world:unitAdded] #1 (clearUnitCaches) took 0.0ms
2026-10-01T18:06:18.242Z [EVENT world:unitAdded] #2 (markBedsDirty) took 0.0ms
2026-10-01T18:06:18.243Z [EVENT world:unitAdded] #3 (anon_3) took 0.5ms
2026-10-01T18:06:18.243Z [EVENT world:unitAdded] #4 (anon_4) took 0.0ms
2026-10-01T18:06:18.243Z [EVENT world:unitAdded] #5 (anon_5) took 0.0ms
2026-10-01T18:06:18.244Z [EVENT world:unitAdded] #0 (anon_0) took 0.0ms
2026-10-01T18:06:18.244Z [EVENT world:unitAdded] #1 (clearUnitCaches) took 0.0ms
2026-10-01T18:06:18.244Z [EVENT world:unitAdded] #2 (markBedsDirty) took 0.0ms
2026-10-01T18:06:18.245Z [EVENT world:unitAdded] #3 (anon_3) took 0.7ms
2026-10-01T18:06:18.245Z [EVENT world:unitAdded] #4 (anon_4) took 0.0ms
2026-10-01T18:06:18.245Z [EVENT world:unitAdded] #5 (anon_5) took 0.0ms
2026-10-01T18:06:18.246Z [EVENT world:unitAdded] #0 (anon_0) took 0.0ms
2026-10-01T18:06:18.246Z [EVENT world:unitAdded] #1 (clearUnitCaches) took 0.0ms
2026-10-01T18:06:18.246Z [EVENT world:unitAdded] #2 (markBedsDirty) took 0.0ms
2026-10-01T18:06:18.247Z [EVENT world:unitAdded] #3 (anon_3) took 0.5ms
2026-10-01T18:06:18.247Z [EVENT world:unitAdded] #4 (anon_4) took 0.0ms
2026-10-01T18:06:18.247Z [EVENT world:unitAdded] #5 (anon_5) took 0.0ms
2026-10-01T18:06:18.248Z [EVENT world:unitAdded] #0 (anon_0) took 0.0ms
2026-10-01T18:06:18.248Z [EVENT world:unitAdded] #1 (clearUnitCaches) took 0.0ms
2026-10-01T18:06:18.248Z [EVENT world:unitAdded] #2 (markBedsDirty) took 0.0ms
2026-10-01T18:06:18.249Z [EVENT world:unitAdded] #3 (anon_3) took 0.5ms
2026-10-01T18:06:18.249Z [EVENT world:unitAdded] #4 (anon_4) took 0.0ms
2026-10-01T18:06:18.249Z [EVENT world:unitAdded] #5 (anon_5) took 0.0ms
2026-10-01T18:06:18.249Z [EVENT world:unitAdded] #0 (anon_0) took 0.0ms
2026-10-01T18:06:18.250Z [EVENT world:unitAdded] #1 (clearUnitCaches) took 0.0ms
2026-10-01T18:06:18.250Z [EVENT world:unitAdded] #2 (markBedsDirty) took 0.0ms
2026-10-01T18:06:18.251Z [EVENT world:unitAdded] #3 (anon_3) took 0.9ms
2026-10-01T18:06:18.251Z [EVENT world:unitAdded] #4 (anon_4) took 0.0ms
2026-10-01T18:06:18.251Z [EVENT world:unitAdded] #5 (anon_5) took 0.0ms
2026-10-01T18:06:18.252Z [EVENT world:unitAdded] #0 (anon_0) took 0.0ms
2026-10-01T18:06:18.252Z [EVENT world:unitAdded] #1 (clearUnitCaches) took 0.0ms
2026-10-01T18:06:18.253Z [EVENT world:unitAdded] #2 (markBedsDirty) took 0.0ms
2026-10-01T18:06:18.253Z [EVENT world:unitAdded] #3 (anon_3) took 0.5ms
2026-10-01T18:06:18.253Z [EVENT world:unitAdded] #4 (anon_4) took 0.0ms
2026-10-01T18:06:18.254Z [EVENT world:unitAdded] #5 (anon_5) took 0.0ms
2026-10-01T18:06:18.254Z [EVENT world:unitAdded] #0 (anon_0) took 0.0ms
2026-10-01T18:06:18.254Z [EVENT world:unitAdded] #1 (clearUnitCaches) took 0.0ms
2026-10-01T18:06:18.254Z [EVENT world:unitAdded] #2 (markBedsDirty) took 0.0ms
2026-10-01T18:06:18.255Z [EVENT world:unitAdded] #3 (anon_3) took 0.5ms
2026-10-01T18:06:18.255Z [EVENT world:unitAdded] #4 (anon_4) took 0.0ms
2026-10-01T18:06:18.255Z [EVENT world:unitAdded] #5 (anon_5) took 0.0ms
2026-10-01T18:06:18.256Z [EVENT world:unitAdded] #0 (anon_0) took 0.0ms
2026-10-01T18:06:18.256Z [EVENT world:unitAdded] #1 (clearUnitCaches) took 0.0ms
2026-10-01T18:06:18.256Z [EVENT world:unitAdded] #2 (markBedsDirty) took 0.0ms
2026-10-01T18:06:18.257Z [EVENT world:unitAdded] #3 (anon_3) took 0.5ms
2026-10-01T18:06:18.257Z [EVENT world:unitAdded] #4 (anon_4) took 0.0ms
2026-10-01T18:06:18.257Z [EVENT world:unitAdded] #5 (anon_5) took 0.0ms
2026-10-01T18:06:18.257Z [EVENT world:unitAdded] #0 (anon_0) took 0.0ms
2026-10-01T18:06:18.257Z [EVENT world:unitAdded] #1 (clearUnitCaches) took 0.0ms
2026-10-01T18:06:18.258Z [EVENT world:unitAdded] #2 (markBedsDirty) took 0.0ms
2026-10-01T18:06:18.258Z [EVENT world:unitAdded] #3 (anon_3) took 0.5ms
2026-10-01T18:06:18.259Z [EVENT world:unitAdded] #4 (anon_4) took 0.0ms
2026-10-01T18:06:18.259Z [EVENT world:unitAdded] #5 (anon_5) took 0.0ms
2026-10-01T18:06:18.259Z [EVENT world:unitAdded] #0 (anon_0) took 0.0ms
2026-10-01T18:06:18.259Z [EVENT world:unitAdded] #1 (clearUnitCaches) took 0.0ms
2026-10-01T18:06:18.260Z [EVENT world:unitAdded] #2 (markBedsDirty) took 0.0ms
2026-10-01T18:06:18.261Z [EVENT world:unitAdded] #3 (anon_3) took 0.8ms
2026-10-01T18:06:18.261Z [EVENT world:unitAdded] #4 (anon_4) took 0.0ms
2026-10-01T18:06:18.261Z [EVENT world:unitAdded] #5 (anon_5) took 0.0ms
2026-10-01T18:06:18.261Z [EVENT world:unitAdded] #0 (anon_0) took 0.0ms
2026-10-01T18:06:18.262Z [EVENT world:unitAdded] #1 (clearUnitCaches) took 0.0ms
2026-10-01T18:06:18.262Z [EVENT world:unitAdded] #2 (markBedsDirty) took 0.0ms
2026-10-01T18:06:18.263Z [EVENT world:unitAdded] #3 (anon_3) took 0.5ms
2026-10-01T18:06:18.263Z [EVENT world:unitAdded] #4 (anon_4) took 0.0ms
2026-10-01T18:06:18.263Z [EVENT world:unitAdded] #5 (anon_5) took 0.0ms
2026-10-01T18:06:18.263Z [EVENT world:unitAdded] #0 (anon_0) took 0.0ms
2026-10-01T18:06:18.264Z [EVENT world:unitAdded] #1 (clearUnitCaches) took 0.0ms
2026-10-01T18:06:18.264Z [EVENT world:unitAdded] #2 (markBedsDirty) took 0.0ms
2026-10-01T18:06:18.264Z [EVENT world:unitAdded] #3 (anon_3) took 0.5ms
2026-10-01T18:06:18.265Z [EVENT world:unitAdded] #4 (anon_4) took 0.0ms
2026-10-01T18:06:18.265Z [EVENT world:unitAdded] #5 (anon_5) took 0.0ms
2026-10-01T18:06:18.265Z [EVENT world:unitAdded] #0 (anon_0) took 0.0ms
2026-10-01T18:06:18.265Z [EVENT world:unitAdded] #1 (clearUnitCaches) took 0.0ms
2026-10-01T18:06:18.266Z [EVENT world:unitAdded] #2 (markBedsDirty) took 0.0ms
2026-10-01T18:06:18.266Z [EVENT world:unitAdded] #3 (anon_3) took 0.5ms
2026-10-01T18:06:18.266Z [EVENT world:unitAdded] #4 (anon_4) took 0.0ms
2026-10-01T18:06:18.267Z [EVENT world:unitAdded] #5 (anon_5) took 0.0ms
2026-10-01T18:06:18.267Z [EVENT world:unitAdded] #0 (anon_0) took 0.0ms
2026-10-01T18:06:18.267Z [EVENT world:unitAdded] #1 (clearUnitCaches) took 0.0ms
2026-10-01T18:06:18.267Z [EVENT world:unitAdded] #2 (markBedsDirty) took 0.0ms
2026-10-01T18:06:18.268Z [EVENT world:unitAdded] #3 (anon_3) took 0.5ms
2026-10-01T18:06:18.268Z [EVENT world:unitAdded] #4 (anon_4) took 0.0ms
2026-10-01T18:06:18.268Z [EVENT world:unitAdded] #5 (anon_5) took 0.0ms
2026-10-01T18:06:18.269Z [EVENT world:unitAdded] #0 (anon_0) took 0.0ms
2026-10-01T18:06:18.269Z [EVENT world:unitAdded] #1 (clearUnitCaches) took 0.0ms
2026-10-01T18:06:18.269Z [EVENT world:unitAdded] #2 (markBedsDirty) took 0.0ms
2026-10-01T18:06:18.270Z [EVENT world:unitAdded] #3 (anon_3) took 0.5ms
2026-10-01T18:06:18.270Z [EVENT world:unitAdded] #4 (anon_4) took 0.0ms
2026-10-01T18:06:18.270Z [EVENT world:unitAdded] #5 (anon_5) took 0.0ms
2026-10-01T18:06:18.271Z [EVENT world:unitAdded] #0 (anon_0) took 0.0ms
2026-10-01T18:06:18.271Z [EVENT world:unitAdded] #1 (clearUnitCaches) took 0.0ms
2026-10-01T18:06:18.271Z [EVENT world:unitAdded] #2 (markBedsDirty) took 0.0ms
2026-10-01T18:06:18.272Z [EVENT world:unitAdded] #3 (anon_3) took 0.9ms
2026-10-01T18:06:18.273Z [EVENT world:unitAdded] #4 (anon_4) took 0.0ms
2026-10-01T18:06:18.273Z [EVENT world:unitAdded] #5 (anon_5) took 0.0ms
2026-10-01T18:06:18.273Z [EVENT world:unitAdded] #0 (anon_0) took 0.0ms
2026-10-01T18:06:18.274Z [EVENT world:unitAdded] #1 (clearUnitCaches) took 0.0ms
2026-10-01T18:06:18.274Z [EVENT world:unitAdded] #2 (markBedsDirty) took 0.0ms
2026-10-01T18:06:18.274Z [EVENT world:unitAdded] #3 (anon_3) took 0.5ms
2026-10-01T18:06:18.275Z [EVENT world:unitAdded] #4 (anon_4) took 0.0ms
2026-10-01T18:06:18.275Z [EVENT world:unitAdded] #5 (anon_5) took 0.0ms
2026-10-01T18:06:18.275Z [EVENT world:unitAdded] #0 (anon_0) took 0.0ms
2026-10-01T18:06:18.275Z [EVENT world:unitAdded] #1 (clearUnitCaches) took 0.0ms
2026-10-01T18:06:18.275Z [EVENT world:unitAdded] #2 (markBedsDirty) took 0.0ms
2026-10-01T18:06:18.276Z [EVENT world:unitAdded] #3 (anon_3) took 0.5ms
2026-10-01T18:06:18.276Z [EVENT world:unitAdded] #4 (anon_4) took 0.0ms
2026-10-01T18:06:18.276Z [EVENT world:unitAdded] #5 (anon_5) took 0.0ms
2026-10-01T18:06:18.277Z [EVENT world:unitAdded] #0 (anon_0) took 0.0ms
2026-10-01T18:06:18.277Z [EVENT world:unitAdded] #1 (clearUnitCaches) took 0.0ms
2026-10-01T18:06:18.277Z [EVENT world:unitAdded] #2 (markBedsDirty) took 0.0ms
2026-10-01T18:06:18.278Z [EVENT world:unitAdded] #3 (anon_3) took 0.5ms
2026-10-01T18:06:18.278Z [EVENT world:unitAdded] #4 (anon_4) took 0.0ms
2026-10-01T18:06:18.278Z [EVENT world:unitAdded] #5 (anon_5) took 0.0ms
2026-10-01T18:06:18.279Z [EVENT world:unitAdded] #0 (anon_0) took 0.0ms
2026-10-01T18:06:18.279Z [EVENT world:unitAdded] #1 (clearUnitCaches) took 0.0ms
2026-10-01T18:06:18.279Z [EVENT world:unitAdded] #2 (markBedsDirty) took 0.0ms
2026-10-01T18:06:18.280Z [EVENT world:unitAdded] #3 (anon_3) took 0.5ms
2026-10-01T18:06:18.280Z [EVENT world:unitAdded] #4 (anon_4) took 0.0ms
2026-10-01T18:06:18.280Z [EVENT world:unitAdded] #5 (anon_5) took 0.0ms
2026-10-01T18:06:18.280Z [EVENT world:unitAdded] #0 (anon_0) took 0.0ms
2026-10-01T18:06:18.281Z [EVENT world:unitAdded] #1 (clearUnitCaches) took 0.0ms
2026-10-01T18:06:18.281Z [EVENT world:unitAdded] #2 (markBedsDirty) took 0.0ms
2026-10-01T18:06:18.282Z [EVENT world:unitAdded] #3 (anon_3) took 0.5ms
2026-10-01T18:06:18.282Z [EVENT world:unitAdded] #4 (anon_4) took 0.0ms
2026-10-01T18:06:18.282Z [EVENT world:unitAdded] #5 (anon_5) took 0.0ms
2026-10-01T18:06:18.282Z [EVENT world:unitAdded] #0 (anon_0) took 0.0ms
2026-10-01T18:06:18.283Z [EVENT world:unitAdded] #1 (clearUnitCaches) took 0.0ms
2026-10-01T18:06:18.283Z [EVENT world:unitAdded] #2 (markBedsDirty) took 0.0ms
2026-10-01T18:06:18.284Z [EVENT world:unitAdded] #3 (anon_3) took 0.8ms
2026-10-01T18:06:18.284Z [EVENT world:unitAdded] #4 (anon_4) took 0.0ms
2026-10-01T18:06:18.284Z [EVENT world:unitAdded] #5 (anon_5) took 0.0ms
2026-10-01T18:06:18.285Z [EVENT world:unitAdded] #0 (anon_0) took 0.0ms
2026-10-01T18:06:18.285Z [EVENT world:unitAdded] #1 (clearUnitCaches) took 0.0ms
2026-10-01T18:06:18.285Z [EVENT world:unitAdded] #2 (markBedsDirty) took 0.0ms
2026-10-01T18:06:18.286Z [EVENT world:unitAdded] #3 (anon_3) took 0.5ms
2026-10-01T18:06:18.286Z [EVENT world:unitAdded] #4 (anon_4) took 0.0ms
2026-10-01T18:06:18.286Z [EVENT world:unitAdded] #5 (anon_5) took 0.0ms
2026-10-01T18:06:18.286Z [EVENT world:unitAdded] #0 (anon_0) took 0.0ms
2026-10-01T18:06:18.287Z [EVENT world:unitAdded] #1 (clearUnitCaches) took 0.0ms
2026-10-01T18:06:18.287Z [EVENT world:unitAdded] #2 (markBedsDirty) took 0.0ms
2026-10-01T18:06:18.288Z [EVENT world:unitAdded] #3 (anon_3) took 0.8ms
2026-10-01T18:06:18.288Z [EVENT world:unitAdded] #4 (anon_4) took 0.0ms
2026-10-01T18:06:18.288Z [EVENT world:unitAdded] #5 (anon_5) took 0.0ms
2026-10-01T18:06:18.289Z [EVENT world:unitAdded] #0 (anon_0) took 0.0ms
2026-10-01T18:06:18.289Z [EVENT world:unitAdded] #1 (clearUnitCaches) took 0.0ms
2026-10-01T18:06:18.289Z [EVENT world:unitAdded] #2 (markBedsDirty) took 0.0ms
2026-10-01T18:06:18.290Z [EVENT world:unitAdded] #3 (anon_3) took 0.5ms
2026-10-01T18:06:18.290Z [EVENT world:unitAdded] #4 (anon_4) took 0.0ms
2026-10-01T18:06:18.290Z [EVENT world:unitAdded] #5 (anon_5) took 0.0ms
2026-10-01T18:06:18.291Z [EVENT world:unitAdded] #0 (anon_0) took 0.0ms
2026-10-01T18:06:18.291Z [EVENT world:unitAdded] #1 (clearUnitCaches) took 0.0ms
2026-10-01T18:06:18.291Z [EVENT world:unitAdded] #2 (markBedsDirty) took 0.0ms
2026-10-01T18:06:18.292Z [EVENT world:unitAdded] #3 (anon_3) took 0.5ms
2026-10-01T18:06:18.292Z [EVENT world:unitAdded] #4 (anon_4) took 0.0ms
2026-10-01T18:06:18.292Z [EVENT world:unitAdded] #5 (anon_5) took 0.0ms
2026-10-01T18:06:18.293Z [EVENT world:unitAdded] #0 (anon_0) took 0.0ms
2026-10-01T18:06:18.293Z [EVENT world:unitAdded] #1 (clearUnitCaches) took 0.0ms
2026-10-01T18:06:18.293Z [EVENT world:unitAdded] #2 (markBedsDirty) took 0.0ms
2026-10-01T18:06:18.294Z [EVENT world:unitAdded] #3 (anon_3) took 0.5ms
2026-10-01T18:06:18.294Z [EVENT world:unitAdded] #4 (anon_4) took 0.0ms
2026-10-01T18:06:18.294Z [EVENT world:unitAdded] #5 (anon_5) took 0.0ms
2026-10-01T18:06:18.295Z [EVENT world:unitAdded] #0 (anon_0) took 0.0ms
2026-10-01T18:06:18.295Z [EVENT world:unitAdded] #1 (clearUnitCaches) took 0.0ms
2026-10-01T18:06:18.295Z [EVENT world:unitAdded] #2 (markBedsDirty) took 0.0ms
2026-10-01T18:06:18.296Z [EVENT world:unitAdded] #3 (anon_3) took 1.0ms
2026-10-01T18:06:18.297Z [EVENT world:unitAdded] #4 (anon_4) took 0.0ms
2026-10-01T18:06:18.297Z [EVENT world:unitAdded] #5 (anon_5) took 0.0ms
2026-10-01T18:06:18.297Z [EVENT world:unitAdded] #0 (anon_0) took 0.0ms
2026-10-01T18:06:18.297Z [EVENT world:unitAdded] #1 (clearUnitCaches) took 0.0ms
2026-10-01T18:06:18.297Z [EVENT world:unitAdded] #2 (markBedsDirty) took 0.0ms
2026-10-01T18:06:18.298Z [EVENT world:unitAdded] #3 (anon_3) took 0.5ms
2026-10-01T18:06:18.298Z [EVENT world:unitAdded] #4 (anon_4) took 0.0ms
2026-10-01T18:06:18.298Z [EVENT world:unitAdded] #5 (anon_5) took 0.0ms
2026-10-01T18:06:18.299Z [EVENT world:unitAdded] #0 (anon_0) took 0.0ms
2026-10-01T18:06:18.299Z [EVENT world:unitAdded] #1 (clearUnitCaches) took 0.0ms
2026-10-01T18:06:18.299Z [EVENT world:unitAdded] #2 (markBedsDirty) took 0.0ms
2026-10-01T18:06:18.300Z [EVENT world:unitAdded] #3 (anon_3) took 0.5ms
2026-10-01T18:06:18.300Z [EVENT world:unitAdded] #4 (anon_4) took 0.0ms
2026-10-01T18:06:18.300Z [EVENT world:unitAdded] #5 (anon_5) took 0.0ms
2026-10-01T18:06:18.300Z [EVENT world:unitAdded] #0 (anon_0) took 0.0ms
2026-10-01T18:06:18.301Z [EVENT world:unitAdded] #1 (clearUnitCaches) took 0.0ms
2026-10-01T18:06:18.301Z [EVENT world:unitAdded] #2 (markBedsDirty) took 0.0ms
2026-10-01T18:06:18.301Z [EVENT world:unitAdded] #3 (anon_3) took 0.5ms
2026-10-01T18:06:18.302Z [EVENT world:unitAdded] #4 (anon_4) took 0.0ms
2026-10-01T18:06:18.302Z [EVENT world:unitAdded] #5 (anon_5) took 0.0ms
2026-10-01T18:06:18.302Z [EVENT world:unitAdded] #0 (anon_0) took 0.0ms
2026-10-01T18:06:18.302Z [EVENT world:unitAdded] #1 (clearUnitCaches) took 0.0ms
2026-10-01T18:06:18.303Z [EVENT world:unitAdded] #2 (markBedsDirty) took 0.0ms
2026-10-01T18:06:18.303Z [EVENT world:unitAdded] #3 (anon_3) took 0.4ms
2026-10-01T18:06:18.303Z [EVENT world:unitAdded] #4 (anon_4) took 0.0ms
2026-10-01T18:06:18.304Z [EVENT world:unitAdded] #5 (anon_5) took 0.0ms
2026-10-01T18:06:18.304Z [EVENT world:unitAdded] #0 (anon_0) took 0.0ms
2026-10-01T18:06:18.304Z [EVENT world:unitAdded] #1 (clearUnitCaches) took 0.0ms
2026-10-01T18:06:18.304Z [EVENT world:unitAdded] #2 (markBedsDirty) took 0.0ms
2026-10-01T18:06:18.305Z [EVENT world:unitAdded] #3 (anon_3) took 0.5ms
2026-10-01T18:06:18.305Z [EVENT world:unitAdded] #4 (anon_4) took 0.0ms
2026-10-01T18:06:18.305Z [EVENT world:unitAdded] #5 (anon_5) took 0.0ms
2026-10-01T18:06:18.306Z [EVENT world:unitAdded] #0 (anon_0) took 0.0ms
2026-10-01T18:06:18.306Z [EVENT world:unitAdded] #1 (clearUnitCaches) took 0.0ms
2026-10-01T18:06:18.306Z [EVENT world:unitAdded] #2 (markBedsDirty) took 0.0ms
2026-10-01T18:06:18.307Z [EVENT world:unitAdded] #3 (anon_3) took 0.9ms
2026-10-01T18:06:18.308Z [EVENT world:unitAdded] #4 (anon_4) took 0.0ms
2026-10-01T18:06:18.308Z [EVENT world:unitAdded] #5 (anon_5) took 0.0ms
2026-10-01T18:06:18.308Z [EVENT world:unitAdded] #0 (anon_0) took 0.0ms
2026-10-01T18:06:18.308Z [EVENT world:unitAdded] #1 (clearUnitCaches) took 0.0ms
2026-10-01T18:06:18.308Z [EVENT world:unitAdded] #2 (markBedsDirty) took 0.0ms
2026-10-01T18:06:18.309Z [EVENT world:unitAdded] #3 (anon_3) took 0.5ms
2026-10-01T18:06:18.309Z [EVENT world:unitAdded] #4 (anon_4) took 0.0ms
2026-10-01T18:06:18.309Z [EVENT world:unitAdded] #5 (anon_5) took 0.0ms
2026-10-01T18:06:18.310Z [EVENT world:unitAdded] #0 (anon_0) took 0.0ms
2026-10-01T18:06:18.310Z [EVENT world:unitAdded] #1 (clearUnitCaches) took 0.0ms
2026-10-01T18:06:18.310Z [EVENT world:unitAdded] #2 (markBedsDirty) took 0.0ms
2026-10-01T18:06:18.311Z [EVENT world:unitAdded] #3 (anon_3) took 0.6ms
2026-10-01T18:06:18.311Z [EVENT world:unitAdded] #4 (anon_4) took 0.0ms
2026-10-01T18:06:18.311Z [EVENT world:unitAdded] #5 (anon_5) took 0.0ms
2026-10-01T18:06:18.312Z [EVENT world:unitAdded] #0 (anon_0) took 0.0ms
2026-10-01T18:06:18.312Z [EVENT world:unitAdded] #1 (clearUnitCaches) took 0.0ms
2026-10-01T18:06:18.312Z [EVENT world:unitAdded] #2 (markBedsDirty) took 0.0ms
2026-10-01T18:06:18.313Z [EVENT world:unitAdded] #3 (anon_3) took 0.5ms
2026-10-01T18:06:18.313Z [EVENT world:unitAdded] #4 (anon_4) took 0.0ms
2026-10-01T18:06:18.313Z [EVENT world:unitAdded] #5 (anon_5) took 0.0ms
2026-10-01T18:06:18.313Z [EVENT world:unitAdded] #0 (anon_0) took 0.0ms
2026-10-01T18:06:18.313Z [EVENT world:unitAdded] #1 (clearUnitCaches) took 0.0ms
2026-10-01T18:06:18.314Z [EVENT world:unitAdded] #2 (markBedsDirty) took 0.0ms
2026-10-01T18:06:18.314Z [EVENT world:unitAdded] #3 (anon_3) took 0.5ms
2026-10-01T18:06:18.314Z [EVENT world:unitAdded] #4 (anon_4) took 0.0ms
2026-10-01T18:06:18.315Z [EVENT world:unitAdded] #5 (anon_5) took 0.0ms
2026-10-01T18:06:18.315Z [EVENT world:unitAdded] #0 (anon_0) took 0.0ms
2026-10-01T18:06:18.315Z [EVENT world:unitAdded] #1 (clearUnitCaches) took 0.0ms
2026-10-01T18:06:18.315Z [EVENT world:unitAdded] #2 (markBedsDirty) took 0.0ms
2026-10-01T18:06:18.316Z [EVENT world:unitAdded] #3 (anon_3) took 0.5ms
2026-10-01T18:06:18.316Z [EVENT world:unitAdded] #4 (anon_4) took 0.0ms
2026-10-01T18:06:18.316Z [EVENT world:unitAdded] #5 (anon_5) took 0.0ms
2026-10-01T18:06:18.317Z [EVENT world:unitAdded] #0 (anon_0) took 0.0ms
2026-10-01T18:06:18.317Z [EVENT world:unitAdded] #1 (clearUnitCaches) took 0.0ms
2026-10-01T18:06:18.317Z [EVENT world:unitAdded] #2 (markBedsDirty) took 0.0ms
2026-10-01T18:06:18.318Z [EVENT world:unitAdded] #3 (anon_3) took 0.9ms
2026-10-01T18:06:18.318Z [EVENT world:unitAdded] #4 (anon_4) took 0.0ms
2026-10-01T18:06:18.319Z [EVENT world:unitAdded] #5 (anon_5) took 0.0ms
2026-10-01T18:06:18.319Z [EVENT world:unitAdded] #0 (anon_0) took 0.0ms
2026-10-01T18:06:18.319Z [EVENT world:unitAdded] #1 (clearUnitCaches) took 0.0ms
2026-10-01T18:06:18.319Z [EVENT world:unitAdded] #2 (markBedsDirty) took 0.0ms
2026-10-01T18:06:18.320Z [EVENT world:unitAdded] #3 (anon_3) took 0.5ms
2026-10-01T18:06:18.320Z [EVENT world:unitAdded] #4 (anon_4) took 0.0ms
2026-10-01T18:06:18.320Z [EVENT world:unitAdded] #5 (anon_5) took 0.0ms
2026-10-01T18:06:18.321Z [EVENT world:unitAdded] #0 (anon_0) took 0.0ms
2026-10-01T18:06:18.321Z [EVENT world:unitAdded] #1 (clearUnitCaches) took 0.0ms
2026-10-01T18:06:18.321Z [EVENT world:unitAdded] #2 (markBedsDirty) took 0.0ms
2026-10-01T18:06:18.322Z [EVENT world:unitAdded] #3 (anon_3) took 0.5ms
2026-10-01T18:06:18.322Z [EVENT world:unitAdded] #4 (anon_4) took 0.0ms
2026-10-01T18:06:18.322Z [EVENT world:unitAdded] #5 (anon_5) took 0.0ms
2026-10-01T18:06:18.323Z [EVENT world:unitAdded] #0 (anon_0) took 0.0ms
2026-10-01T18:06:18.323Z [EVENT world:unitAdded] #1 (clearUnitCaches) took 0.0ms
2026-10-01T18:06:18.323Z [EVENT world:unitAdded] #2 (markBedsDirty) took 0.0ms
2026-10-01T18:06:18.324Z [EVENT world:unitAdded] #3 (anon_3) took 0.5ms
2026-10-01T18:06:18.324Z [EVENT world:unitAdded] #4 (anon_4) took 0.0ms
2026-10-01T18:06:18.324Z [EVENT world:unitAdded] #5 (anon_5) took 0.0ms
2026-10-01T18:06:18.325Z [EVENT world:unitAdded] #0 (anon_0) took 0.0ms
2026-10-01T18:06:18.325Z [EVENT world:unitAdded] #1 (clearUnitCaches) took 0.0ms
2026-10-01T18:06:18.325Z [EVENT world:unitAdded] #2 (markBedsDirty) took 0.0ms
2026-10-01T18:06:18.326Z [EVENT world:unitAdded] #3 (anon_3) took 0.5ms
2026-10-01T18:06:18.326Z [EVENT world:unitAdded] #4 (anon_4) took 0.0ms
2026-10-01T18:06:18.326Z [EVENT world:unitAdded] #5 (anon_5) took 0.0ms
2026-10-01T18:06:18.327Z [EVENT world:unitAdded] #0 (anon_0) took 0.0ms
2026-10-01T18:06:18.327Z [EVENT world:unitAdded] #1 (clearUnitCaches) took 0.0ms
2026-10-01T18:06:18.327Z [EVENT world:unitAdded] #2 (markBedsDirty) took 0.0ms
2026-10-01T18:06:18.328Z [EVENT world:unitAdded] #3 (anon_3) took 0.5ms
2026-10-01T18:06:18.328Z [EVENT world:unitAdded] #4 (anon_4) took 0.0ms
2026-10-01T18:06:18.328Z [EVENT world:unitAdded] #5 (anon_5) took 0.0ms
2026-10-01T18:06:18.329Z [EVENT world:unitAdded] #0 (anon_0) took 0.0ms
2026-10-01T18:06:18.330Z [EVENT world:unitAdded] #1 (clearUnitCaches) took 0.0ms
2026-10-01T18:06:18.330Z [EVENT world:unitAdded] #2 (markBedsDirty) took 0.0ms
2026-10-01T18:06:18.337Z [EVENT world:unitAdded] #3 (anon_3) took 7.3ms
2026-10-01T18:06:18.338Z [EVENT world:unitAdded] #4 (anon_4) took 0.0ms
2026-10-01T18:06:18.338Z [EVENT world:unitAdded] #5 (anon_5) took 0.0ms
2026-10-01T18:06:18.339Z [EVENT world:unitAdded] #0 (anon_0) took 0.0ms
2026-10-01T18:06:18.339Z [EVENT world:unitAdded] #1 (clearUnitCaches) took 0.0ms
2026-10-01T18:06:18.339Z [EVENT world:unitAdded] #2 (markBedsDirty) took 0.0ms
2026-10-01T18:06:18.340Z [EVENT world:unitAdded] #3 (anon_3) took 0.8ms
2026-10-01T18:06:18.340Z [EVENT world:unitAdded] #4 (anon_4) took 0.0ms
2026-10-01T18:06:18.340Z [EVENT world:unitAdded] #5 (anon_5) took 0.0ms
2026-10-01T18:06:18.341Z [EVENT world:unitAdded] #0 (anon_0) took 0.0ms
2026-10-01T18:06:18.341Z [EVENT world:unitAdded] #1 (clearUnitCaches) took 0.0ms
2026-10-01T18:06:18.341Z [EVENT world:unitAdded] #2 (markBedsDirty) took 0.0ms
2026-10-01T18:06:18.342Z [EVENT world:unitAdded] #3 (anon_3) took 0.9ms
2026-10-01T18:06:18.342Z [EVENT world:unitAdded] #4 (anon_4) took 0.0ms
2026-10-01T18:06:18.342Z [EVENT world:unitAdded] #5 (anon_5) took 0.0ms
2026-10-01T18:06:18.343Z [EVENT world:unitAdded] #0 (anon_0) took 0.0ms
2026-10-01T18:06:18.343Z [EVENT world:unitAdded] #1 (clearUnitCaches) took 0.0ms
2026-10-01T18:06:18.343Z [EVENT world:unitAdded] #2 (markBedsDirty) took 0.0ms
2026-10-01T18:06:18.344Z [EVENT world:unitAdded] #3 (anon_3) took 0.6ms
2026-10-01T18:06:18.344Z [EVENT world:unitAdded] #4 (anon_4) took 0.0ms
2026-10-01T18:06:18.344Z [EVENT world:unitAdded] #5 (anon_5) took 0.0ms
2026-10-01T18:06:18.345Z [EVENT world:unitAdded] #0 (anon_0) took 0.0ms
2026-10-01T18:06:18.345Z [EVENT world:unitAdded] #1 (clearUnitCaches) took 0.0ms
2026-10-01T18:06:18.345Z [EVENT world:unitAdded] #2 (markBedsDirty) took 0.0ms
2026-10-01T18:06:18.346Z [EVENT world:unitAdded] #3 (anon_3) took 0.7ms
2026-10-01T18:06:18.347Z [EVENT world:unitAdded] #4 (anon_4) took 0.0ms
2026-10-01T18:06:18.347Z [EVENT world:unitAdded] #5 (anon_5) took 0.0ms
2026-10-01T18:06:18.347Z [EVENT world:unitAdded] #0 (anon_0) took 0.0ms
2026-10-01T18:06:18.348Z [EVENT world:unitAdded] #1 (clearUnitCaches) took 0.0ms
2026-10-01T18:06:18.348Z [EVENT world:unitAdded] #2 (markBedsDirty) took 0.0ms
2026-10-01T18:06:18.349Z [EVENT world:unitAdded] #3 (anon_3) took 0.7ms
2026-10-01T18:06:18.349Z [EVENT world:unitAdded] #4 (anon_4) took 0.0ms
2026-10-01T18:06:18.349Z [EVENT world:unitAdded] #5 (anon_5) took 0.0ms
2026-10-01T18:06:18.350Z [EVENT world:unitAdded] #0 (anon_0) took 0.0ms
2026-10-01T18:06:18.350Z [EVENT world:unitAdded] #1 (clearUnitCaches) took 0.0ms
2026-10-01T18:06:18.350Z [EVENT world:unitAdded] #2 (markBedsDirty) took 0.0ms
2026-10-01T18:06:18.351Z [EVENT world:unitAdded] #3 (anon_3) took 0.6ms
2026-10-01T18:06:18.351Z [EVENT world:unitAdded] #4 (anon_4) took 0.0ms
2026-10-01T18:06:18.351Z [EVENT world:unitAdded] #5 (anon_5) took 0.0ms
2026-10-01T18:06:18.352Z [EVENT world:unitAdded] #0 (anon_0) took 0.0ms
2026-10-01T18:06:18.352Z [EVENT world:unitAdded] #1 (clearUnitCaches) took 0.0ms
2026-10-01T18:06:18.352Z [EVENT world:unitAdded] #2 (markBedsDirty) took 0.0ms
2026-10-01T18:06:18.353Z [EVENT world:unitAdded] #3 (anon_3) took 1.0ms
2026-10-01T18:06:18.353Z [EVENT world:unitAdded] #4 (anon_4) took 0.0ms
2026-10-01T18:06:18.354Z [EVENT world:unitAdded] #5 (anon_5) took 0.0ms
2026-10-01T18:06:18.354Z [EVENT world:unitAdded] #0 (anon_0) took 0.0ms
2026-10-01T18:06:18.354Z [EVENT world:unitAdded] #1 (clearUnitCaches) took 0.0ms
2026-10-01T18:06:18.355Z [EVENT world:unitAdded] #2 (markBedsDirty) took 0.0ms
2026-10-01T18:06:18.355Z [EVENT world:unitAdded] #3 (anon_3) took 0.7ms
2026-10-01T18:06:18.356Z [EVENT world:unitAdded] #4 (anon_4) took 0.0ms
2026-10-01T18:06:18.356Z [EVENT world:unitAdded] #5 (anon_5) took 0.0ms
2026-10-01T18:06:18.356Z [EVENT world:unitAdded] #0 (anon_0) took 0.0ms
2026-10-01T18:06:18.357Z [EVENT world:unitAdded] #1 (clearUnitCaches) took 0.0ms
2026-10-01T18:06:18.357Z [EVENT world:unitAdded] #2 (markBedsDirty) took 0.0ms
2026-10-01T18:06:18.358Z [EVENT world:unitAdded] #3 (anon_3) took 0.8ms
2026-10-01T18:06:18.358Z [EVENT world:unitAdded] #4 (anon_4) took 0.0ms
2026-10-01T18:06:18.359Z [EVENT world:unitAdded] #5 (anon_5) took 0.0ms
2026-10-01T18:06:18.359Z [EVENT world:unitAdded] #0 (anon_0) took 0.0ms
2026-10-01T18:06:18.360Z [EVENT world:unitAdded] #1 (clearUnitCaches) took 0.0ms
2026-10-01T18:06:18.360Z [EVENT world:unitAdded] #2 (markBedsDirty) took 0.0ms
2026-10-01T18:06:18.361Z [EVENT world:unitAdded] #3 (anon_3) took 0.9ms
2026-10-01T18:06:18.361Z [EVENT world:unitAdded] #4 (anon_4) took 0.0ms
2026-10-01T18:06:18.361Z [EVENT world:unitAdded] #5 (anon_5) took 0.0ms
2026-10-01T18:06:18.362Z [EVENT world:unitAdded] #0 (anon_0) took 0.0ms
2026-10-01T18:06:18.362Z [EVENT world:unitAdded] #1 (clearUnitCaches) took 0.0ms
2026-10-01T18:06:18.362Z [EVENT world:unitAdded] #2 (markBedsDirty) took 0.0ms
2026-10-01T18:06:18.363Z [EVENT world:unitAdded] #3 (anon_3) took 0.7ms
2026-10-01T18:06:18.364Z [EVENT world:unitAdded] #4 (anon_4) took 0.0ms
2026-10-01T18:06:18.364Z [EVENT world:unitAdded] #5 (anon_5) took 0.0ms
2026-10-01T18:06:18.364Z [EVENT world:unitAdded] #0 (anon_0) took 0.0ms
2026-10-01T18:06:18.365Z [EVENT world:unitAdded] #1 (clearUnitCaches) took 0.0ms
2026-10-01T18:06:18.365Z [EVENT world:unitAdded] #2 (markBedsDirty) took 0.0ms
2026-10-01T18:06:18.366Z [EVENT world:unitAdded] #3 (anon_3) took 0.7ms
2026-10-01T18:06:18.366Z [EVENT world:unitAdded] #4 (anon_4) took 0.0ms
2026-10-01T18:06:18.366Z [EVENT world:unitAdded] #5 (anon_5) took 0.0ms
2026-10-01T18:06:18.367Z [EVENT world:unitAdded] #0 (anon_0) took 0.0ms
2026-10-01T18:06:18.367Z [EVENT world:unitAdded] #1 (clearUnitCaches) took 0.0ms
2026-10-01T18:06:18.368Z [EVENT world:unitAdded] #2 (markBedsDirty) took 0.0ms
2026-10-01T18:06:18.369Z [EVENT world:unitAdded] #3 (anon_3) took 0.7ms
2026-10-01T18:06:18.369Z [EVENT world:unitAdded] #4 (anon_4) took 0.0ms
2026-10-01T18:06:18.369Z [EVENT world:unitAdded] #5 (anon_5) took 0.0ms
2026-10-01T18:06:18.370Z [EVENT world:unitAdded] #0 (anon_0) took 0.0ms
2026-10-01T18:06:18.370Z [EVENT world:unitAdded] #1 (clearUnitCaches) took 0.0ms
2026-10-01T18:06:18.370Z [EVENT world:unitAdded] #2 (markBedsDirty) took 0.0ms
2026-10-01T18:06:18.371Z [EVENT world:unitAdded] #3 (anon_3) took 0.9ms
2026-10-01T18:06:18.372Z [EVENT world:unitAdded] #4 (anon_4) took 0.0ms
2026-10-01T18:06:18.372Z [EVENT world:unitAdded] #5 (anon_5) took 0.0ms
2026-10-01T18:06:18.373Z [EVENT world:unitAdded] #0 (anon_0) took 0.0ms
2026-10-01T18:06:18.373Z [EVENT world:unitAdded] #1 (clearUnitCaches) took 0.0ms
2026-10-01T18:06:18.373Z [EVENT world:unitAdded] #2 (markBedsDirty) took 0.0ms
2026-10-01T18:06:18.374Z [EVENT world:unitAdded] #3 (anon_3) took 0.8ms
2026-10-01T18:06:18.374Z [EVENT world:unitAdded] #4 (anon_4) took 0.0ms
2026-10-01T18:06:18.374Z [EVENT world:unitAdded] #5 (anon_5) took 0.0ms
2026-10-01T18:06:18.375Z [EVENT world:unitAdded] #0 (anon_0) took 0.0ms
2026-10-01T18:06:18.375Z [EVENT world:unitAdded] #1 (clearUnitCaches) took 0.0ms
2026-10-01T18:06:18.375Z [EVENT world:unitAdded] #2 (markBedsDirty) took 0.0ms
2026-10-01T18:06:18.376Z [EVENT world:unitAdded] #3 (anon_3) took 0.6ms
2026-10-01T18:06:18.376Z [EVENT world:unitAdded] #4 (anon_4) took 0.0ms
2026-10-01T18:06:18.376Z [EVENT world:unitAdded] #5 (anon_5) took 0.0ms
2026-10-01T18:06:18.377Z [EVENT world:unitAdded] #0 (anon_0) took 0.0ms
2026-10-01T18:06:18.377Z [EVENT world:unitAdded] #1 (clearUnitCaches) took 0.0ms
2026-10-01T18:06:18.377Z [EVENT world:unitAdded] #2 (markBedsDirty) took 0.0ms
2026-10-01T18:06:18.378Z [EVENT world:unitAdded] #3 (anon_3) took 0.7ms
2026-10-01T18:06:18.378Z [EVENT world:unitAdded] #4 (anon_4) took 0.0ms
2026-10-01T18:06:18.378Z [EVENT world:unitAdded] #5 (anon_5) took 0.0ms
2026-10-01T18:06:18.379Z [EVENT world:unitAdded] #0 (anon_0) took 0.0ms
2026-10-01T18:06:18.379Z [EVENT world:unitAdded] #1 (clearUnitCaches) took 0.0ms
2026-10-01T18:06:18.379Z [EVENT world:unitAdded] #2 (markBedsDirty) took 0.0ms
2026-10-01T18:06:18.380Z [EVENT world:unitAdded] #3 (anon_3) took 0.8ms
2026-10-01T18:06:18.380Z [EVENT world:unitAdded] #4 (anon_4) took 0.0ms
2026-10-01T18:06:18.381Z [EVENT world:unitAdded] #5 (anon_5) took 0.0ms
2026-10-01T18:06:18.381Z [EVENT world:unitAdded] #0 (anon_0) took 0.0ms
2026-10-01T18:06:18.381Z [EVENT world:unitAdded] #1 (clearUnitCaches) took 0.0ms
2026-10-01T18:06:18.381Z [EVENT world:unitAdded] #2 (markBedsDirty) took 0.0ms
2026-10-01T18:06:18.382Z [EVENT world:unitAdded] #3 (anon_3) took 0.7ms
2026-10-01T18:06:18.382Z [EVENT world:unitAdded] #4 (anon_4) took 0.0ms
2026-10-01T18:06:18.382Z [EVENT world:unitAdded] #5 (anon_5) took 0.0ms
2026-10-01T18:06:18.383Z [EVENT world:unitAdded] #0 (anon_0) took 0.0ms
2026-10-01T18:06:18.383Z [EVENT world:unitAdded] #1 (clearUnitCaches) took 0.0ms
2026-10-01T18:06:18.383Z [EVENT world:unitAdded] #2 (markBedsDirty) took 0.0ms
2026-10-01T18:06:18.384Z [EVENT world:unitAdded] #3 (anon_3) took 0.7ms
2026-10-01T18:06:18.384Z [EVENT world:unitAdded] #4 (anon_4) took 0.0ms
2026-10-01T18:06:18.385Z [EVENT world:unitAdded] #5 (anon_5) took 0.0ms
2026-10-01T18:06:18.385Z [EVENT world:unitAdded] #0 (anon_0) took 0.0ms
2026-10-01T18:06:18.385Z [EVENT world:unitAdded] #1 (clearUnitCaches) took 0.0ms
2026-10-01T18:06:18.385Z [EVENT world:unitAdded] #2 (markBedsDirty) took 0.0ms
2026-10-01T18:06:18.386Z [EVENT world:unitAdded] #3 (anon_3) took 0.8ms
2026-10-01T18:06:18.387Z [EVENT world:unitAdded] #4 (anon_4) took 0.0ms
2026-10-01T18:06:18.387Z [EVENT world:unitAdded] #5 (anon_5) took 0.0ms
2026-10-01T18:06:18.387Z [EVENT world:unitAdded] #0 (anon_0) took 0.0ms
2026-10-01T18:06:18.388Z [EVENT world:unitAdded] #1 (clearUnitCaches) took 0.0ms
2026-10-01T18:06:18.388Z [EVENT world:unitAdded] #2 (markBedsDirty) took 0.0ms
2026-10-01T18:06:18.389Z [EVENT world:unitAdded] #3 (anon_3) took 0.8ms
2026-10-01T18:06:18.389Z [EVENT world:unitAdded] #4 (anon_4) took 0.0ms
2026-10-01T18:06:18.389Z [EVENT world:unitAdded] #5 (anon_5) took 0.0ms
2026-10-01T18:06:18.390Z [EVENT world:unitAdded] #0 (anon_0) took 0.0ms
2026-10-01T18:06:18.390Z [EVENT world:unitAdded] #1 (clearUnitCaches) took 0.0ms
2026-10-01T18:06:18.390Z [EVENT world:unitAdded] #2 (markBedsDirty) took 0.0ms
2026-10-01T18:06:18.391Z [EVENT world:unitAdded] #3 (anon_3) took 1.0ms
2026-10-01T18:06:18.392Z [EVENT world:unitAdded] #4 (anon_4) took 0.0ms
2026-10-01T18:06:18.392Z [EVENT world:unitAdded] #5 (anon_5) took 0.0ms
2026-10-01T18:06:18.392Z [EVENT world:unitAdded] #0 (anon_0) took 0.0ms
2026-10-01T18:06:18.392Z [EVENT world:unitAdded] #1 (clearUnitCaches) took 0.0ms
2026-10-01T18:06:18.393Z [EVENT world:unitAdded] #2 (markBedsDirty) took 0.0ms
2026-10-01T18:06:18.394Z [EVENT world:unitAdded] #3 (anon_3) took 0.9ms
2026-10-01T18:06:18.394Z [EVENT world:unitAdded] #4 (anon_4) took 0.0ms
2026-10-01T18:06:18.394Z [EVENT world:unitAdded] #5 (anon_5) took 0.0ms
2026-10-01T18:06:18.395Z [EVENT world:unitAdded] #0 (anon_0) took 0.0ms
2026-10-01T18:06:18.395Z [EVENT world:unitAdded] #1 (clearUnitCaches) took 0.0ms
2026-10-01T18:06:18.395Z [EVENT world:unitAdded] #2 (markBedsDirty) took 0.0ms
2026-10-01T18:06:18.396Z [EVENT world:unitAdded] #3 (anon_3) took 0.8ms
2026-10-01T18:06:18.397Z [EVENT world:unitAdded] #4 (anon_4) took 0.0ms
2026-10-01T18:06:18.397Z [EVENT world:unitAdded] #5 (anon_5) took 0.0ms
2026-10-01T18:06:18.398Z [EVENT world:unitAdded] #0 (anon_0) took 0.0ms
2026-10-01T18:06:18.398Z [EVENT world:unitAdded] #1 (clearUnitCaches) took 0.0ms
2026-10-01T18:06:18.398Z [EVENT world:unitAdded] #2 (markBedsDirty) took 0.0ms
2026-10-01T18:06:18.399Z [EVENT world:unitAdded] #3 (anon_3) took 0.8ms
2026-10-01T18:06:18.399Z [EVENT world:unitAdded] #4 (anon_4) took 0.0ms
2026-10-01T18:06:18.399Z [EVENT world:unitAdded] #5 (anon_5) took 0.0ms
2026-10-01T18:06:18.400Z [EVENT world:unitAdded] #0 (anon_0) took 0.0ms
2026-10-01T18:06:18.400Z [EVENT world:unitAdded] #1 (clearUnitCaches) took 0.0ms
2026-10-01T18:06:18.400Z [EVENT world:unitAdded] #2 (markBedsDirty) took 0.0ms
2026-10-01T18:06:18.401Z [EVENT world:unitAdded] #3 (anon_3) took 0.9ms
2026-10-01T18:06:18.401Z [EVENT world:unitAdded] #4 (anon_4) took 0.0ms
2026-10-01T18:06:18.402Z [EVENT world:unitAdded] #5 (anon_5) took 0.0ms
2026-10-01T18:06:18.402Z [EVENT world:unitAdded] #0 (anon_0) took 0.0ms
2026-10-01T18:06:18.402Z [EVENT world:unitAdded] #1 (clearUnitCaches) took 0.0ms
2026-10-01T18:06:18.403Z [EVENT world:unitAdded] #2 (markBedsDirty) took 0.0ms
2026-10-01T18:06:18.403Z [EVENT world:unitAdded] #3 (anon_3) took 0.5ms
2026-10-01T18:06:18.404Z [EVENT world:unitAdded] #4 (anon_4) took 0.0ms
2026-10-01T18:06:18.404Z [EVENT world:unitAdded] #5 (anon_5) took 0.0ms
2026-10-01T18:06:18.404Z [EVENT world:unitAdded] #0 (anon_0) took 0.0ms
2026-10-01T18:06:18.404Z [EVENT world:unitAdded] #1 (clearUnitCaches) took 0.0ms
2026-10-01T18:06:18.405Z [EVENT world:unitAdded] #2 (markBedsDirty) took 0.0ms
2026-10-01T18:06:18.406Z [EVENT world:unitAdded] #3 (anon_3) took 0.8ms
2026-10-01T18:06:18.406Z [EVENT world:unitAdded] #4 (anon_4) took 0.0ms
2026-10-01T18:06:18.406Z [EVENT world:unitAdded] #5 (anon_5) took 0.0ms
2026-10-01T18:06:18.406Z [EVENT world:unitAdded] #0 (anon_0) took 0.0ms
2026-10-01T18:06:18.407Z [EVENT world:unitAdded] #1 (clearUnitCaches) took 0.0ms
2026-10-01T18:06:18.407Z [EVENT world:unitAdded] #2 (markBedsDirty) took 0.0ms
2026-10-01T18:06:18.408Z [EVENT world:unitAdded] #3 (anon_3) took 0.7ms
2026-10-01T18:06:18.408Z [EVENT world:unitAdded] #4 (anon_4) took 0.0ms
2026-10-01T18:06:18.408Z [EVENT world:unitAdded] #5 (anon_5) took 0.0ms
2026-10-01T18:06:18.409Z [EVENT world:unitAdded] #0 (anon_0) took 0.0ms
2026-10-01T18:06:18.409Z [EVENT world:unitAdded] #1 (clearUnitCaches) took 0.0ms
2026-10-01T18:06:18.409Z [EVENT world:unitAdded] #2 (markBedsDirty) took 0.0ms
2026-10-01T18:06:18.410Z [EVENT world:unitAdded] #3 (anon_3) took 0.8ms
2026-10-01T18:06:18.410Z [EVENT world:unitAdded] #4 (anon_4) took 0.0ms
2026-10-01T18:06:18.411Z [EVENT world:unitAdded] #5 (anon_5) took 0.0ms
2026-10-01T18:06:18.411Z [EVENT world:unitAdded] #0 (anon_0) took 0.0ms
2026-10-01T18:06:18.411Z [EVENT world:unitAdded] #1 (clearUnitCaches) took 0.0ms
2026-10-01T18:06:18.412Z [EVENT world:unitAdded] #2 (markBedsDirty) took 0.0ms
2026-10-01T18:06:18.412Z [EVENT world:unitAdded] #3 (anon_3) took 0.5ms
2026-10-01T18:06:18.413Z [EVENT world:unitAdded] #4 (anon_4) took 0.0ms
2026-10-01T18:06:18.413Z [EVENT world:unitAdded] #5 (anon_5) took 0.0ms
2026-10-01T18:06:18.413Z [EVENT world:unitAdded] #0 (anon_0) took 0.0ms
2026-10-01T18:06:18.413Z [EVENT world:unitAdded] #1 (clearUnitCaches) took 0.0ms
2026-10-01T18:06:18.414Z [EVENT world:unitAdded] #2 (markBedsDirty) took 0.0ms
2026-10-01T18:06:18.414Z [EVENT world:unitAdded] #3 (anon_3) took 0.7ms
2026-10-01T18:06:18.415Z [EVENT world:unitAdded] #4 (anon_4) took 0.0ms
2026-10-01T18:06:18.415Z [EVENT world:unitAdded] #5 (anon_5) took 0.0ms
2026-10-01T18:06:18.415Z [EVENT world:unitAdded] #0 (anon_0) took 0.0ms
2026-10-01T18:06:18.415Z [EVENT world:unitAdded] #1 (clearUnitCaches) took 0.0ms
2026-10-01T18:06:18.415Z [EVENT world:unitAdded] #2 (markBedsDirty) took 0.0ms
2026-10-01T18:06:18.416Z [EVENT world:unitAdded] #3 (anon_3) took 0.7ms
2026-10-01T18:06:18.417Z [EVENT world:unitAdded] #4 (anon_4) took 0.0ms
2026-10-01T18:06:18.417Z [EVENT world:unitAdded] #5 (anon_5) took 0.0ms
2026-10-01T18:06:18.417Z [EVENT world:unitAdded] #0 (anon_0) took 0.0ms
2026-10-01T18:06:18.418Z [EVENT world:unitAdded] #1 (clearUnitCaches) took 0.0ms
2026-10-01T18:06:18.418Z [EVENT world:unitAdded] #2 (markBedsDirty) took 0.0ms
2026-10-01T18:06:18.419Z [EVENT world:unitAdded] #3 (anon_3) took 0.5ms
2026-10-01T18:06:18.419Z [EVENT world:unitAdded] #4 (anon_4) took 0.0ms
2026-10-01T18:06:18.419Z [EVENT world:unitAdded] #5 (anon_5) took 0.0ms
2026-10-01T18:06:18.419Z [EVENT world:unitAdded] #0 (anon_0) took 0.0ms
2026-10-01T18:06:18.420Z [EVENT world:unitAdded] #1 (clearUnitCaches) took 0.0ms
2026-10-01T18:06:18.420Z [EVENT world:unitAdded] #2 (markBedsDirty) took 0.0ms
2026-10-01T18:06:18.421Z [EVENT world:unitAdded] #3 (anon_3) took 0.7ms
2026-10-01T18:06:18.421Z [EVENT world:unitAdded] #4 (anon_4) took 0.0ms
2026-10-01T18:06:18.421Z [EVENT world:unitAdded] #5 (anon_5) took 0.0ms
2026-10-01T18:06:18.422Z [EVENT world:unitAdded] #0 (anon_0) took 0.0ms
2026-10-01T18:06:18.422Z [EVENT world:unitAdded] #1 (clearUnitCaches) took 0.0ms
2026-10-01T18:06:18.422Z [EVENT world:unitAdded] #2 (markBedsDirty) took 0.0ms
2026-10-01T18:06:18.423Z [EVENT world:unitAdded] #3 (anon_3) took 0.7ms
2026-10-01T18:06:18.423Z [EVENT world:unitAdded] #4 (anon_4) took 0.0ms
2026-10-01T18:06:18.423Z [EVENT world:unitAdded] #5 (anon_5) took 0.0ms
2026-10-01T18:06:18.423Z [EVENT world:unitAdded] #0 (anon_0) took 0.0ms
2026-10-01T18:06:18.424Z [EVENT world:unitAdded] #1 (clearUnitCaches) took 0.0ms
2026-10-01T18:06:18.424Z [EVENT world:unitAdded] #2 (markBedsDirty) took 0.0ms
2026-10-01T18:06:18.424Z [EVENT world:unitAdded] #3 (anon_3) took 0.5ms
2026-10-01T18:06:18.425Z [EVENT world:unitAdded] #4 (anon_4) took 0.0ms
2026-10-01T18:06:18.425Z [EVENT world:unitAdded] #5 (anon_5) took 0.0ms
2026-10-01T18:06:18.425Z [EVENT world:unitAdded] #0 (anon_0) took 0.0ms
2026-10-01T18:06:18.426Z [EVENT world:unitAdded] #1 (clearUnitCaches) took 0.0ms
2026-10-01T18:06:18.426Z [EVENT world:unitAdded] #2 (markBedsDirty) took 0.0ms
2026-10-01T18:06:18.427Z [EVENT world:unitAdded] #3 (anon_3) took 0.7ms
2026-10-01T18:06:18.427Z [EVENT world:unitAdded] #4 (anon_4) took 0.0ms
2026-10-01T18:06:18.427Z [EVENT world:unitAdded] #5 (anon_5) took 0.0ms
2026-10-01T18:06:18.428Z [EVENT world:unitAdded] #0 (anon_0) took 0.0ms
2026-10-01T18:06:18.428Z [EVENT world:unitAdded] #1 (clearUnitCaches) took 0.0ms
2026-10-01T18:06:18.428Z [EVENT world:unitAdded] #2 (markBedsDirty) took 0.0ms
2026-10-01T18:06:18.429Z [EVENT world:unitAdded] #3 (anon_3) took 0.8ms
2026-10-01T18:06:18.429Z [EVENT world:unitAdded] #4 (anon_4) took 0.0ms
2026-10-01T18:06:18.429Z [EVENT world:unitAdded] #5 (anon_5) took 0.0ms
2026-10-01T18:06:18.430Z [EVENT world:unitAdded] #0 (anon_0) took 0.0ms
2026-10-01T18:06:18.430Z [EVENT world:unitAdded] #1 (clearUnitCaches) took 0.0ms
2026-10-01T18:06:18.430Z [EVENT world:unitAdded] #2 (markBedsDirty) took 0.0ms
2026-10-01T18:06:18.431Z [EVENT world:unitAdded] #3 (anon_3) took 0.5ms
2026-10-01T18:06:18.431Z [EVENT world:unitAdded] #4 (anon_4) took 0.0ms
2026-10-01T18:06:18.431Z [EVENT world:unitAdded] #5 (anon_5) took 0.0ms
2026-10-01T18:06:18.433Z [EVENT world:unitAdded] #0 (anon_0) took 1.2ms
2026-10-01T18:06:18.434Z [EVENT world:unitAdded] #1 (clearUnitCaches) took 0.0ms
2026-10-01T18:06:18.434Z [EVENT world:unitAdded] #2 (markBedsDirty) took 0.0ms
2026-10-01T18:06:18.434Z [EVENT world:unitAdded] #3 (anon_3) took 0.6ms
2026-10-01T18:06:18.435Z [EVENT world:unitAdded] #4 (anon_4) took 0.0ms
2026-10-01T18:06:18.435Z [EVENT world:unitAdded] #5 (anon_5) took 0.0ms
2026-10-01T18:06:18.435Z [EVENT world:unitAdded] #0 (anon_0) took 0.0ms
2026-10-01T18:06:18.436Z [EVENT world:unitAdded] #1 (clearUnitCaches) took 0.0ms
2026-10-01T18:06:18.436Z [EVENT world:unitAdded] #2 (markBedsDirty) took 0.0ms
2026-10-01T18:06:18.437Z [EVENT world:unitAdded] #3 (anon_3) took 0.7ms
2026-10-01T18:06:18.437Z [EVENT world:unitAdded] #4 (anon_4) took 0.0ms
2026-10-01T18:06:18.437Z [EVENT world:unitAdded] #5 (anon_5) took 0.0ms
2026-10-01T18:06:18.437Z [EVENT world:unitAdded] #0 (anon_0) took 0.0ms
2026-10-01T18:06:18.438Z [EVENT world:unitAdded] #1 (clearUnitCaches) took 0.0ms
2026-10-01T18:06:18.438Z [EVENT world:unitAdded] #2 (markBedsDirty) took 0.0ms
2026-10-01T18:06:18.439Z [EVENT world:unitAdded] #3 (anon_3) took 0.6ms
2026-10-01T18:06:18.439Z [EVENT world:unitAdded] #4 (anon_4) took 0.0ms
2026-10-01T18:06:18.439Z [EVENT world:unitAdded] #5 (anon_5) took 0.0ms
2026-10-01T18:06:18.440Z [EVENT world:unitAdded] #0 (anon_0) took 0.0ms
2026-10-01T18:06:18.440Z [EVENT world:unitAdded] #1 (clearUnitCaches) took 0.0ms
2026-10-01T18:06:18.440Z [EVENT world:unitAdded] #2 (markBedsDirty) took 0.0ms
2026-10-01T18:06:18.441Z [EVENT world:unitAdded] #3 (anon_3) took 0.5ms
2026-10-01T18:06:18.441Z [EVENT world:unitAdded] #4 (anon_4) took 0.0ms
2026-10-01T18:06:18.441Z [EVENT world:unitAdded] #5 (anon_5) took 0.0ms
2026-10-01T18:06:18.442Z [EVENT world:unitAdded] #0 (anon_0) took 0.0ms
2026-10-01T18:06:18.442Z [EVENT world:unitAdded] #1 (clearUnitCaches) took 0.0ms
2026-10-01T18:06:18.442Z [EVENT world:unitAdded] #2 (markBedsDirty) took 0.0ms
2026-10-01T18:06:18.443Z [EVENT world:unitAdded] #3 (anon_3) took 0.7ms
2026-10-01T18:06:18.443Z [EVENT world:unitAdded] #4 (anon_4) took 0.0ms
2026-10-01T18:06:18.444Z [EVENT world:unitAdded] #5 (anon_5) took 0.0ms
2026-10-01T18:06:18.444Z [EVENT world:unitAdded] #0 (anon_0) took 0.0ms
2026-10-01T18:06:18.444Z [EVENT world:unitAdded] #1 (clearUnitCaches) took 0.0ms
2026-10-01T18:06:18.444Z [EVENT world:unitAdded] #2 (markBedsDirty) took 0.0ms
2026-10-01T18:06:18.445Z [EVENT world:unitAdded] #3 (anon_3) took 0.8ms
2026-10-01T18:06:18.446Z [EVENT world:unitAdded] #4 (anon_4) took 0.0ms
2026-10-01T18:06:18.446Z [EVENT world:unitAdded] #5 (anon_5) took 0.0ms
2026-10-01T18:06:18.446Z [EVENT world:unitAdded] #0 (anon_0) took 0.0ms
2026-10-01T18:06:18.446Z [EVENT world:unitAdded] #1 (clearUnitCaches) took 0.0ms
2026-10-01T18:06:18.447Z [EVENT world:unitAdded] #2 (markBedsDirty) took 0.0ms
2026-10-01T18:06:18.447Z [EVENT world:unitAdded] #3 (anon_3) took 0.5ms
2026-10-01T18:06:18.448Z [EVENT world:unitAdded] #4 (anon_4) took 0.0ms
2026-10-01T18:06:18.448Z [EVENT world:unitAdded] #5 (anon_5) took 0.0ms
2026-10-01T18:06:18.448Z [EVENT world:unitAdded] #0 (anon_0) took 0.0ms
2026-10-01T18:06:18.448Z [EVENT world:unitAdded] #1 (clearUnitCaches) took 0.0ms
2026-10-01T18:06:18.449Z [EVENT world:unitAdded] #2 (markBedsDirty) took 0.0ms
2026-10-01T18:06:18.450Z [EVENT world:unitAdded] #3 (anon_3) took 0.9ms
2026-10-01T18:06:18.450Z [EVENT world:unitAdded] #4 (anon_4) took 0.0ms
2026-10-01T18:06:18.450Z [EVENT world:unitAdded] #5 (anon_5) took 0.0ms
2026-10-01T18:06:18.450Z [EVENT world:unitAdded] #0 (anon_0) took 0.0ms
2026-10-01T18:06:18.451Z [EVENT world:unitAdded] #1 (clearUnitCaches) took 0.0ms
2026-10-01T18:06:18.451Z [EVENT world:unitAdded] #2 (markBedsDirty) took 0.0ms
2026-10-01T18:06:18.452Z [EVENT world:unitAdded] #3 (anon_3) took 0.7ms
2026-10-01T18:06:18.452Z [EVENT world:unitAdded] #4 (anon_4) took 0.0ms
2026-10-01T18:06:18.452Z [EVENT world:unitAdded] #5 (anon_5) took 0.0ms
2026-10-01T18:06:18.452Z [EVENT world:unitAdded] #0 (anon_0) took 0.0ms
2026-10-01T18:06:18.452Z [EVENT world:unitAdded] #1 (clearUnitCaches) took 0.0ms
2026-10-01T18:06:18.453Z [EVENT world:unitAdded] #2 (markBedsDirty) took 0.0ms
2026-10-01T18:06:18.453Z [EVENT world:unitAdded] #3 (anon_3) took 0.5ms
2026-10-01T18:06:18.454Z [EVENT world:unitAdded] #4 (anon_4) took 0.0ms
2026-10-01T18:06:18.454Z [EVENT world:unitAdded] #5 (anon_5) took 0.0ms
2026-10-01T18:06:18.454Z [EVENT world:unitAdded] #0 (anon_0) took 0.0ms
2026-10-01T18:06:18.454Z [EVENT world:unitAdded] #1 (clearUnitCaches) took 0.0ms
2026-10-01T18:06:18.454Z [EVENT world:unitAdded] #2 (markBedsDirty) took 0.0ms
2026-10-01T18:06:18.455Z [EVENT world:unitAdded] #3 (anon_3) took 0.7ms
2026-10-01T18:06:18.455Z [EVENT world:unitAdded] #4 (anon_4) took 0.0ms
2026-10-01T18:06:18.456Z [EVENT world:unitAdded] #5 (anon_5) took 0.0ms
2026-10-01T18:06:18.456Z [EVENT world:unitAdded] #0 (anon_0) took 0.0ms
2026-10-01T18:06:18.456Z [EVENT world:unitAdded] #1 (clearUnitCaches) took 0.0ms
2026-10-01T18:06:18.456Z [EVENT world:unitAdded] #2 (markBedsDirty) took 0.0ms
2026-10-01T18:06:18.457Z [EVENT world:unitAdded] #3 (anon_3) took 0.7ms
2026-10-01T18:06:18.457Z [EVENT world:unitAdded] #4 (anon_4) took 0.0ms
2026-10-01T18:06:18.458Z [EVENT world:unitAdded] #5 (anon_5) took 0.0ms
2026-10-01T18:06:18.458Z [EVENT world:unitAdded] #0 (anon_0) took 0.0ms
2026-10-01T18:06:18.458Z [EVENT world:unitAdded] #1 (clearUnitCaches) took 0.0ms
2026-10-01T18:06:18.458Z [EVENT world:unitAdded] #2 (markBedsDirty) took 0.0ms
2026-10-01T18:06:18.459Z [EVENT world:unitAdded] #3 (anon_3) took 0.7ms
2026-10-01T18:06:18.460Z [EVENT world:unitAdded] #4 (anon_4) took 0.0ms
2026-10-01T18:06:18.460Z [EVENT world:unitAdded] #5 (anon_5) took 0.0ms
2026-10-01T18:06:18.460Z [EVENT world:unitAdded] #0 (anon_0) took 0.0ms
2026-10-01T18:06:18.461Z [EVENT world:unitAdded] #1 (clearUnitCaches) took 0.0ms
2026-10-01T18:06:18.461Z [EVENT world:unitAdded] #2 (markBedsDirty) took 0.0ms
2026-10-01T18:06:18.461Z [EVENT world:unitAdded] #3 (anon_3) took 0.5ms
2026-10-01T18:06:18.462Z [EVENT world:unitAdded] #4 (anon_4) took 0.0ms
2026-10-01T18:06:18.462Z [EVENT world:unitAdded] #5 (anon_5) took 0.0ms
2026-10-01T18:06:18.462Z [EVENT world:unitAdded] #0 (anon_0) took 0.0ms
2026-10-01T18:06:18.462Z [EVENT world:unitAdded] #1 (clearUnitCaches) took 0.0ms
2026-10-01T18:06:18.463Z [EVENT world:unitAdded] #2 (markBedsDirty) took 0.0ms
2026-10-01T18:06:18.464Z [EVENT world:unitAdded] #3 (anon_3) took 0.8ms
2026-10-01T18:06:18.464Z [EVENT world:unitAdded] #4 (anon_4) took 0.0ms
2026-10-01T18:06:18.464Z [EVENT world:unitAdded] #5 (anon_5) took 0.0ms
2026-10-01T18:06:18.465Z [EVENT world:unitAdded] #0 (anon_0) took 0.0ms
2026-10-01T18:06:18.465Z [EVENT world:unitAdded] #1 (clearUnitCaches) took 0.0ms
2026-10-01T18:06:18.465Z [EVENT world:unitAdded] #2 (markBedsDirty) took 0.0ms
2026-10-01T18:06:18.466Z [EVENT world:unitAdded] #3 (anon_3) took 0.7ms
2026-10-01T18:06:18.466Z [EVENT world:unitAdded] #4 (anon_4) took 0.0ms
2026-10-01T18:06:18.466Z [EVENT world:unitAdded] #5 (anon_5) took 0.0ms
2026-10-01T18:06:18.467Z [EVENT world:unitAdded] #0 (anon_0) took 0.0ms
2026-10-01T18:06:18.467Z [EVENT world:unitAdded] #1 (clearUnitCaches) took 0.0ms
2026-10-01T18:06:18.467Z [EVENT world:unitAdded] #2 (markBedsDirty) took 0.0ms
2026-10-01T18:06:18.468Z [EVENT world:unitAdded] #3 (anon_3) took 0.5ms
2026-10-01T18:06:18.468Z [EVENT world:unitAdded] #4 (anon_4) took 0.0ms
2026-10-01T18:06:18.468Z [EVENT world:unitAdded] #5 (anon_5) took 0.0ms
2026-10-01T18:06:18.468Z [EVENT world:unitAdded] #0 (anon_0) took 0.0ms
2026-10-01T18:06:18.469Z [EVENT world:unitAdded] #1 (clearUnitCaches) took 0.0ms
2026-10-01T18:06:18.470Z [EVENT world:unitAdded] #2 (markBedsDirty) took 0.0ms
2026-10-01T18:06:18.470Z [EVENT world:unitAdded] #3 (anon_3) took 0.7ms
2026-10-01T18:06:18.471Z [EVENT world:unitAdded] #4 (anon_4) took 0.0ms
2026-10-01T18:06:18.471Z [EVENT world:unitAdded] #5 (anon_5) took 0.0ms
2026-10-01T18:06:18.471Z [EVENT world:unitAdded] #0 (anon_0) took 0.0ms
2026-10-01T18:06:18.472Z [EVENT world:unitAdded] #1 (clearUnitCaches) took 0.0ms
2026-10-01T18:06:18.472Z [EVENT world:unitAdded] #2 (markBedsDirty) took 0.0ms
2026-10-01T18:06:18.473Z [EVENT world:unitAdded] #3 (anon_3) took 0.8ms
2026-10-01T18:06:18.473Z [EVENT world:unitAdded] #4 (anon_4) took 0.0ms
2026-10-01T18:06:18.473Z [EVENT world:unitAdded] #5 (anon_5) took 0.0ms
2026-10-01T18:06:18.474Z [EVENT world:unitAdded] #0 (anon_0) took 0.0ms
2026-10-01T18:06:18.474Z [EVENT world:unitAdded] #1 (clearUnitCaches) took 0.0ms
2026-10-01T18:06:18.474Z [EVENT world:unitAdded] #2 (markBedsDirty) took 0.0ms
2026-10-01T18:06:18.475Z [EVENT world:unitAdded] #3 (anon_3) took 0.5ms
2026-10-01T18:06:18.475Z [EVENT world:unitAdded] #4 (anon_4) took 0.0ms
2026-10-01T18:06:18.475Z [EVENT world:unitAdded] #5 (anon_5) took 0.0ms
2026-10-01T18:06:18.476Z [EVENT world:unitAdded] #0 (anon_0) took 0.0ms
2026-10-01T18:06:18.476Z [EVENT world:unitAdded] #1 (clearUnitCaches) took 0.0ms
2026-10-01T18:06:18.476Z [EVENT world:unitAdded] #2 (markBedsDirty) took 0.0ms
2026-10-01T18:06:18.477Z [EVENT world:unitAdded] #3 (anon_3) took 0.7ms
2026-10-01T18:06:18.477Z [EVENT world:unitAdded] #4 (anon_4) took 0.0ms
2026-10-01T18:06:18.477Z [EVENT world:unitAdded] #5 (anon_5) took 0.0ms
2026-10-01T18:06:18.478Z [EVENT world:unitAdded] #0 (anon_0) took 0.0ms
2026-10-01T18:06:18.478Z [EVENT world:unitAdded] #1 (clearUnitCaches) took 0.0ms
2026-10-01T18:06:18.478Z [EVENT world:unitAdded] #2 (markBedsDirty) took 0.0ms
2026-10-01T18:06:18.479Z [EVENT world:unitAdded] #3 (anon_3) took 0.7ms
2026-10-01T18:06:18.479Z [EVENT world:unitAdded] #4 (anon_4) took 0.0ms
2026-10-01T18:06:18.479Z [EVENT world:unitAdded] #5 (anon_5) took 0.0ms
2026-10-01T18:06:18.480Z [EVENT world:unitAdded] #0 (anon_0) took 0.0ms
2026-10-01T18:06:18.480Z [EVENT world:unitAdded] #1 (clearUnitCaches) took 0.0ms
2026-10-01T18:06:18.480Z [EVENT world:unitAdded] #2 (markBedsDirty) took 0.0ms
2026-10-01T18:06:18.481Z [EVENT world:unitAdded] #3 (anon_3) took 0.6ms
2026-10-01T18:06:18.481Z [EVENT world:unitAdded] #4 (anon_4) took 0.0ms
2026-10-01T18:06:18.481Z [EVENT world:unitAdded] #5 (anon_5) took 0.0ms
2026-10-01T18:06:18.482Z [EVENT world:unitAdded] #0 (anon_0) took 0.0ms
2026-10-01T18:06:18.482Z [EVENT world:unitAdded] #1 (clearUnitCaches) took 0.0ms
2026-10-01T18:06:18.482Z [EVENT world:unitAdded] #2 (markBedsDirty) took 0.0ms
2026-10-01T18:06:18.483Z [EVENT world:unitAdded] #3 (anon_3) took 0.7ms
2026-10-01T18:06:18.483Z [EVENT world:unitAdded] #4 (anon_4) took 0.0ms
2026-10-01T18:06:18.483Z [EVENT world:unitAdded] #5 (anon_5) took 0.0ms
2026-10-01T18:06:18.484Z [EVENT world:unitAdded] #0 (anon_0) took 0.0ms
2026-10-01T18:06:18.484Z [EVENT world:unitAdded] #1 (clearUnitCaches) took 0.0ms
2026-10-01T18:06:18.484Z [EVENT world:unitAdded] #2 (markBedsDirty) took 0.0ms
2026-10-01T18:06:18.485Z [EVENT world:unitAdded] #3 (anon_3) took 0.7ms
2026-10-01T18:06:18.485Z [EVENT world:unitAdded] #4 (anon_4) took 0.0ms
2026-10-01T18:06:18.485Z [EVENT world:unitAdded] #5 (anon_5) took 0.0ms
2026-10-01T18:06:18.486Z [EVENT world:unitAdded] #0 (anon_0) took 0.0ms
2026-10-01T18:06:18.486Z [EVENT world:unitAdded] #1 (clearUnitCaches) took 0.0ms
2026-10-01T18:06:18.486Z [EVENT world:unitAdded] #2 (markBedsDirty) took 0.0ms
2026-10-01T18:06:18.487Z [EVENT world:unitAdded] #3 (anon_3) took 0.6ms
2026-10-01T18:06:18.487Z [EVENT world:unitAdded] #4 (anon_4) took 0.0ms
2026-10-01T18:06:18.487Z [EVENT world:unitAdded] #5 (anon_5) took 0.0ms
2026-10-01T18:06:18.488Z [EVENT world:unitAdded] #0 (anon_0) took 0.0ms
2026-10-01T18:06:18.488Z [EVENT world:unitAdded] #1 (clearUnitCaches) took 0.0ms
2026-10-01T18:06:18.488Z [EVENT world:unitAdded] #2 (markBedsDirty) took 0.0ms
2026-10-01T18:06:18.489Z [EVENT world:unitAdded] #3 (anon_3) took 0.5ms
2026-10-01T18:06:18.489Z [EVENT world:unitAdded] #4 (anon_4) took 0.0ms
2026-10-01T18:06:18.489Z [EVENT world:unitAdded] #5 (anon_5) took 0.0ms
2026-10-01T18:06:18.489Z [EVENT world:unitAdded] #0 (anon_0) took 0.0ms
2026-10-01T18:06:18.490Z [EVENT world:unitAdded] #1 (clearUnitCaches) took 0.0ms
2026-10-01T18:06:18.490Z [EVENT world:unitAdded] #2 (markBedsDirty) took 0.0ms
2026-10-01T18:06:18.491Z [EVENT world:unitAdded] #3 (anon_3) took 0.7ms
2026-10-01T18:06:18.491Z [EVENT world:unitAdded] #4 (anon_4) took 0.0ms
2026-10-01T18:06:18.491Z [EVENT world:unitAdded] #5 (anon_5) took 0.0ms
2026-10-01T18:06:18.492Z [EVENT world:unitAdded] #0 (anon_0) took 0.0ms
2026-10-01T18:06:18.492Z [EVENT world:unitAdded] #1 (clearUnitCaches) took 0.0ms
2026-10-01T18:06:18.492Z [EVENT world:unitAdded] #2 (markBedsDirty) took 0.0ms
2026-10-01T18:06:18.493Z [EVENT world:unitAdded] #3 (anon_3) took 0.7ms
2026-10-01T18:06:18.493Z [EVENT world:unitAdded] #4 (anon_4) took 0.0ms
2026-10-01T18:06:18.493Z [EVENT world:unitAdded] #5 (anon_5) took 0.0ms
2026-10-01T18:06:18.494Z [EVENT world:unitAdded] #0 (anon_0) took 0.0ms
2026-10-01T18:06:18.494Z [EVENT world:unitAdded] #1 (clearUnitCaches) took 0.0ms
2026-10-01T18:06:18.494Z [EVENT world:unitAdded] #2 (markBedsDirty) took 0.0ms
2026-10-01T18:06:18.494Z [EVENT world:unitAdded] #3 (anon_3) took 0.5ms
2026-10-01T18:06:18.495Z [EVENT world:unitAdded] #4 (anon_4) took 0.0ms
2026-10-01T18:06:18.495Z [EVENT world:unitAdded] #5 (anon_5) took 0.0ms
2026-10-01T18:06:18.495Z [EVENT world:unitAdded] #0 (anon_0) took 0.0ms
2026-10-01T18:06:18.495Z [EVENT world:unitAdded] #1 (clearUnitCaches) took 0.0ms
2026-10-01T18:06:18.495Z [EVENT world:unitAdded] #2 (markBedsDirty) took 0.0ms
2026-10-01T18:06:18.496Z [EVENT world:unitAdded] #3 (anon_3) took 0.8ms
2026-10-01T18:06:18.497Z [EVENT world:unitAdded] #4 (anon_4) took 0.0ms
2026-10-01T18:06:18.497Z [EVENT world:unitAdded] #5 (anon_5) took 0.0ms
2026-10-01T18:06:18.497Z [EVENT world:unitAdded] #0 (anon_0) took 0.0ms
2026-10-01T18:06:18.498Z [EVENT world:unitAdded] #1 (clearUnitCaches) took 0.0ms
2026-10-01T18:06:18.498Z [EVENT world:unitAdded] #2 (markBedsDirty) took 0.0ms
2026-10-01T18:06:18.499Z [EVENT world:unitAdded] #3 (anon_3) took 0.8ms
2026-10-01T18:06:18.499Z [EVENT world:unitAdded] #4 (anon_4) took 0.0ms
2026-10-01T18:06:18.499Z [EVENT world:unitAdded] #5 (anon_5) took 0.0ms
2026-10-01T18:06:18.500Z [EVENT world:unitAdded] #0 (anon_0) took 0.0ms
2026-10-01T18:06:18.500Z [EVENT world:unitAdded] #1 (clearUnitCaches) took 0.0ms
2026-10-01T18:06:18.500Z [EVENT world:unitAdded] #2 (markBedsDirty) took 0.0ms
2026-10-01T18:06:18.501Z [EVENT world:unitAdded] #3 (anon_3) took 0.5ms
2026-10-01T18:06:18.501Z [EVENT world:unitAdded] #4 (anon_4) took 0.0ms
2026-10-01T18:06:18.501Z [EVENT world:unitAdded] #5 (anon_5) took 0.0ms
2026-10-01T18:06:18.502Z [EVENT world:unitAdded] #0 (anon_0) took 0.0ms
2026-10-01T18:06:18.502Z [EVENT world:unitAdded] #1 (clearUnitCaches) took 0.0ms
2026-10-01T18:06:18.502Z [EVENT world:unitAdded] #2 (markBedsDirty) took 0.0ms
2026-10-01T18:06:18.503Z [EVENT world:unitAdded] #3 (anon_3) took 0.7ms
2026-10-01T18:06:18.503Z [EVENT world:unitAdded] #4 (anon_4) took 0.0ms
2026-10-01T18:06:18.503Z [EVENT world:unitAdded] #5 (anon_5) took 0.0ms
2026-10-01T18:06:18.504Z [EVENT world:unitAdded] #0 (anon_0) took 0.0ms
2026-10-01T18:06:18.504Z [EVENT world:unitAdded] #1 (clearUnitCaches) took 0.0ms
2026-10-01T18:06:18.504Z [EVENT world:unitAdded] #2 (markBedsDirty) took 0.0ms
2026-10-01T18:06:18.505Z [EVENT world:unitAdded] #3 (anon_3) took 0.7ms
2026-10-01T18:06:18.505Z [EVENT world:unitAdded] #4 (anon_4) took 0.0ms
2026-10-01T18:06:18.505Z [EVENT world:unitAdded] #5 (anon_5) took 0.0ms
2026-10-01T18:06:18.505Z [EVENT world:unitAdded] #0 (anon_0) took 0.0ms
2026-10-01T18:06:18.506Z [EVENT world:unitAdded] #1 (clearUnitCaches) took 0.0ms
2026-10-01T18:06:18.506Z [EVENT world:unitAdded] #2 (markBedsDirty) took 0.0ms
2026-10-01T18:06:18.506Z [EVENT world:unitAdded] #3 (anon_3) took 0.5ms
2026-10-01T18:06:18.507Z [EVENT world:unitAdded] #4 (anon_4) took 0.0ms
2026-10-01T18:06:18.507Z [EVENT world:unitAdded] #5 (anon_5) took 0.0ms
2026-10-01T18:06:18.507Z [EVENT world:unitAdded] #0 (anon_0) took 0.0ms
2026-10-01T18:06:18.507Z [EVENT world:unitAdded] #1 (clearUnitCaches) took 0.0ms
2026-10-01T18:06:18.507Z [EVENT world:unitAdded] #2 (markBedsDirty) took 0.0ms
2026-10-01T18:06:18.509Z [EVENT world:unitAdded] #3 (anon_3) took 0.9ms
2026-10-01T18:06:18.509Z [EVENT world:unitAdded] #4 (anon_4) took 0.0ms
2026-10-01T18:06:18.509Z [EVENT world:unitAdded] #5 (anon_5) took 0.0ms
2026-10-01T18:06:18.509Z [EVENT world:unitAdded] #0 (anon_0) took 0.0ms
2026-10-01T18:06:18.509Z [EVENT world:unitAdded] #1 (clearUnitCaches) took 0.0ms
2026-10-01T18:06:18.510Z [EVENT world:unitAdded] #2 (markBedsDirty) took 0.0ms
2026-10-01T18:06:18.511Z [EVENT world:unitAdded] #3 (anon_3) took 0.8ms
2026-10-01T18:06:18.511Z [EVENT world:unitAdded] #4 (anon_4) took 0.0ms
2026-10-01T18:06:18.511Z [EVENT world:unitAdded] #5 (anon_5) took 0.0ms
2026-10-01T18:06:18.512Z [EVENT world:unitAdded] #0 (anon_0) took 0.0ms
2026-10-01T18:06:18.512Z [EVENT world:unitAdded] #1 (clearUnitCaches) took 0.0ms
2026-10-01T18:06:18.512Z [EVENT world:unitAdded] #2 (markBedsDirty) took 0.0ms
2026-10-01T18:06:18.513Z [EVENT world:unitAdded] #3 (anon_3) took 0.7ms
2026-10-01T18:06:18.513Z [EVENT world:unitAdded] #4 (anon_4) took 0.0ms
2026-10-01T18:06:18.514Z [EVENT world:unitAdded] #5 (anon_5) took 0.0ms
2026-10-01T18:06:18.514Z [EVENT world:unitAdded] #0 (anon_0) took 0.0ms
2026-10-01T18:06:18.514Z [EVENT world:unitAdded] #1 (clearUnitCaches) took 0.0ms
2026-10-01T18:06:18.514Z [EVENT world:unitAdded] #2 (markBedsDirty) took 0.0ms
2026-10-01T18:06:18.515Z [EVENT world:unitAdded] #3 (anon_3) took 0.5ms
2026-10-01T18:06:18.515Z [EVENT world:unitAdded] #4 (anon_4) took 0.0ms
2026-10-01T18:06:18.515Z [EVENT world:unitAdded] #5 (anon_5) took 0.0ms
2026-10-01T18:06:18.516Z [EVENT world:unitAdded] #0 (anon_0) took 0.0ms
2026-10-01T18:06:18.516Z [EVENT world:unitAdded] #1 (clearUnitCaches) took 0.0ms
2026-10-01T18:06:18.516Z [EVENT world:unitAdded] #2 (markBedsDirty) took 0.0ms
2026-10-01T18:06:18.517Z [EVENT world:unitAdded] #3 (anon_3) took 0.7ms
2026-10-01T18:06:18.517Z [EVENT world:unitAdded] #4 (anon_4) took 0.0ms
2026-10-01T18:06:18.518Z [EVENT world:unitAdded] #5 (anon_5) took 0.0ms
2026-10-01T18:06:18.518Z [EVENT world:unitAdded] #0 (anon_0) took 0.0ms
2026-10-01T18:06:18.518Z [EVENT world:unitAdded] #1 (clearUnitCaches) took 0.0ms
2026-10-01T18:06:18.518Z [EVENT world:unitAdded] #2 (markBedsDirty) took 0.0ms
2026-10-01T18:06:18.519Z [EVENT world:unitAdded] #3 (anon_3) took 0.7ms
2026-10-01T18:06:18.519Z [EVENT world:unitAdded] #4 (anon_4) took 0.0ms
2026-10-01T18:06:18.519Z [EVENT world:unitAdded] #5 (anon_5) took 0.0ms
2026-10-01T18:06:18.520Z [EVENT world:unitAdded] #0 (anon_0) took 0.0ms
2026-10-01T18:06:18.520Z [EVENT world:unitAdded] #1 (clearUnitCaches) took 0.0ms
2026-10-01T18:06:18.520Z [EVENT world:unitAdded] #2 (markBedsDirty) took 0.0ms
2026-10-01T18:06:18.521Z [EVENT world:unitAdded] #3 (anon_3) took 0.5ms
2026-10-01T18:06:18.521Z [EVENT world:unitAdded] #4 (anon_4) took 0.0ms
2026-10-01T18:06:18.521Z [EVENT world:unitAdded] #5 (anon_5) took 0.0ms
2026-10-01T18:06:18.522Z [EVENT world:unitAdded] #0 (anon_0) took 0.0ms
2026-10-01T18:06:18.522Z [EVENT world:unitAdded] #1 (clearUnitCaches) took 0.0ms
2026-10-01T18:06:18.522Z [EVENT world:unitAdded] #2 (markBedsDirty) took 0.0ms
2026-10-01T18:06:18.523Z [EVENT world:unitAdded] #3 (anon_3) took 0.8ms
2026-10-01T18:06:18.524Z [EVENT world:unitAdded] #4 (anon_4) took 0.0ms
2026-10-01T18:06:18.524Z [EVENT world:unitAdded] #5 (anon_5) took 0.0ms
2026-10-01T18:06:18.524Z [EVENT world:unitAdded] #0 (anon_0) took 0.0ms
2026-10-01T18:06:18.524Z [EVENT world:unitAdded] #1 (clearUnitCaches) took 0.0ms
2026-10-01T18:06:18.525Z [EVENT world:unitAdded] #2 (markBedsDirty) took 0.0ms
2026-10-01T18:06:18.526Z [EVENT world:unitAdded] #3 (anon_3) took 0.7ms
2026-10-01T18:06:18.526Z [EVENT world:unitAdded] #4 (anon_4) took 0.0ms
2026-10-01T18:06:18.526Z [EVENT world:unitAdded] #5 (anon_5) took 0.0ms
2026-10-01T18:06:18.527Z [EVENT world:unitAdded] #0 (anon_0) took 0.0ms
2026-10-01T18:06:18.527Z [EVENT world:unitAdded] #1 (clearUnitCaches) took 0.0ms
2026-10-01T18:06:18.527Z [EVENT world:unitAdded] #2 (markBedsDirty) took 0.0ms
2026-10-01T18:06:18.528Z [EVENT world:unitAdded] #3 (anon_3) took 0.5ms
2026-10-01T18:06:18.528Z [EVENT world:unitAdded] #4 (anon_4) took 0.0ms
2026-10-01T18:06:18.528Z [EVENT world:unitAdded] #5 (anon_5) took 0.0ms
2026-10-01T18:06:18.528Z [EVENT world:unitAdded] #0 (anon_0) took 0.0ms
2026-10-01T18:06:18.528Z [EVENT world:unitAdded] #1 (clearUnitCaches) took 0.0ms
2026-10-01T18:06:18.529Z [EVENT world:unitAdded] #2 (markBedsDirty) took 0.0ms
2026-10-01T18:06:18.529Z [EVENT world:unitAdded] #3 (anon_3) took 0.7ms
2026-10-01T18:06:18.530Z [EVENT world:unitAdded] #4 (anon_4) took 0.0ms
2026-10-01T18:06:18.530Z [EVENT world:unitAdded] #5 (anon_5) took 0.0ms
2026-10-01T18:06:18.530Z [EVENT world:unitAdded] #0 (anon_0) took 0.0ms
2026-10-01T18:06:18.530Z [EVENT world:unitAdded] #1 (clearUnitCaches) took 0.0ms
2026-10-01T18:06:18.531Z [EVENT world:unitAdded] #2 (markBedsDirty) took 0.0ms
2026-10-01T18:06:18.532Z [EVENT world:unitAdded] #3 (anon_3) took 0.7ms
2026-10-01T18:06:18.532Z [EVENT world:unitAdded] #4 (anon_4) took 0.0ms
2026-10-01T18:06:18.532Z [EVENT world:unitAdded] #5 (anon_5) took 0.0ms
2026-10-01T18:06:18.532Z [EVENT world:unitAdded] #0 (anon_0) took 0.0ms
2026-10-01T18:06:18.532Z [EVENT world:unitAdded] #1 (clearUnitCaches) took 0.0ms
2026-10-01T18:06:18.533Z [EVENT world:unitAdded] #2 (markBedsDirty) took 0.0ms
2026-10-01T18:06:18.533Z [EVENT world:unitAdded] #3 (anon_3) took 0.5ms
2026-10-01T18:06:18.534Z [EVENT world:unitAdded] #4 (anon_4) took 0.0ms
2026-10-01T18:06:18.534Z [EVENT world:unitAdded] #5 (anon_5) took 0.0ms
2026-10-01T18:06:18.534Z [EVENT world:unitAdded] #0 (anon_0) took 0.0ms
2026-10-01T18:06:18.535Z [EVENT world:unitAdded] #1 (clearUnitCaches) took 0.0ms
2026-10-01T18:06:18.535Z [EVENT world:unitAdded] #2 (markBedsDirty) took 0.0ms
2026-10-01T18:06:18.535Z [EVENT world:unitAdded] #3 (anon_3) took 0.5ms
2026-10-01T18:06:18.536Z [EVENT world:unitAdded] #4 (anon_4) took 0.0ms
2026-10-01T18:06:18.536Z [EVENT world:unitAdded] #5 (anon_5) took 0.0ms
2026-10-01T18:06:18.536Z [EVENT world:unitAdded] #0 (anon_0) took 0.0ms
2026-10-01T18:06:18.536Z [EVENT world:unitAdded] #1 (clearUnitCaches) took 0.0ms
2026-10-01T18:06:18.537Z [EVENT world:unitAdded] #2 (markBedsDirty) took 0.0ms
2026-10-01T18:06:18.538Z [EVENT world:unitAdded] #3 (anon_3) took 0.8ms
2026-10-01T18:06:18.538Z [EVENT world:unitAdded] #4 (anon_4) took 0.0ms
2026-10-01T18:06:18.538Z [EVENT world:unitAdded] #5 (anon_5) took 0.0ms
2026-10-01T18:06:18.538Z [EVENT world:unitAdded] #0 (anon_0) took 0.0ms
2026-10-01T18:06:18.539Z [EVENT world:unitAdded] #1 (clearUnitCaches) took 0.0ms
2026-10-01T18:06:18.539Z [EVENT world:unitAdded] #2 (markBedsDirty) took 0.0ms
2026-10-01T18:06:18.540Z [EVENT world:unitAdded] #3 (anon_3) took 0.7ms
2026-10-01T18:06:18.540Z [EVENT world:unitAdded] #4 (anon_4) took 0.0ms
2026-10-01T18:06:18.540Z [EVENT world:unitAdded] #5 (anon_5) took 0.0ms
2026-10-01T18:06:18.541Z [EVENT world:unitAdded] #0 (anon_0) took 0.0ms
2026-10-01T18:06:18.541Z [EVENT world:unitAdded] #1 (clearUnitCaches) took 0.0ms
2026-10-01T18:06:18.541Z [EVENT world:unitAdded] #2 (markBedsDirty) took 0.0ms
2026-10-01T18:06:18.542Z [EVENT world:unitAdded] #3 (anon_3) took 0.6ms
2026-10-01T18:06:18.542Z [EVENT world:unitAdded] #4 (anon_4) took 0.0ms
2026-10-01T18:06:18.542Z [EVENT world:unitAdded] #5 (anon_5) took 0.0ms
2026-10-01T18:06:18.543Z [EVENT world:unitAdded] #0 (anon_0) took 0.0ms
2026-10-01T18:06:18.543Z [EVENT world:unitAdded] #1 (clearUnitCaches) took 0.0ms
2026-10-01T18:06:18.543Z [EVENT world:unitAdded] #2 (markBedsDirty) took 0.0ms
2026-10-01T18:06:18.544Z [EVENT world:unitAdded] #3 (anon_3) took 0.7ms
2026-10-01T18:06:18.544Z [EVENT world:unitAdded] #4 (anon_4) took 0.0ms
2026-10-01T18:06:18.544Z [EVENT world:unitAdded] #5 (anon_5) took 0.0ms
2026-10-01T18:06:18.545Z [EVENT world:unitAdded] #0 (anon_0) took 0.0ms
2026-10-01T18:06:18.545Z [EVENT world:unitAdded] #1 (clearUnitCaches) took 0.0ms
2026-10-01T18:06:18.545Z [EVENT world:unitAdded] #2 (markBedsDirty) took 0.0ms
2026-10-01T18:06:18.546Z [EVENT world:unitAdded] #3 (anon_3) took 0.7ms
2026-10-01T18:06:18.546Z [EVENT world:unitAdded] #4 (anon_4) took 0.0ms
2026-10-01T18:06:18.547Z [EVENT world:unitAdded] #5 (anon_5) took 0.0ms
2026-10-01T18:06:18.547Z [EVENT world:unitAdded] #0 (anon_0) took 0.0ms
2026-10-01T18:06:18.547Z [EVENT world:unitAdded] #1 (clearUnitCaches) took 0.0ms
2026-10-01T18:06:18.547Z [EVENT world:unitAdded] #2 (markBedsDirty) took 0.0ms
2026-10-01T18:06:18.548Z [EVENT world:unitAdded] #3 (anon_3) took 0.5ms
2026-10-01T18:06:18.548Z [EVENT world:unitAdded] #4 (anon_4) took 0.0ms
2026-10-01T18:06:18.549Z [EVENT world:unitAdded] #5 (anon_5) took 0.0ms
2026-10-01T18:06:18.549Z [EVENT world:unitAdded] #0 (anon_0) took 0.0ms
2026-10-01T18:06:18.549Z [EVENT world:unitAdded] #1 (clearUnitCaches) took 0.0ms
2026-10-01T18:06:18.549Z [EVENT world:unitAdded] #2 (markBedsDirty) took 0.0ms
2026-10-01T18:06:18.550Z [EVENT world:unitAdded] #3 (anon_3) took 0.7ms
2026-10-01T18:06:18.550Z [EVENT world:unitAdded] #4 (anon_4) took 0.0ms
2026-10-01T18:06:18.551Z [EVENT world:unitAdded] #5 (anon_5) took 0.0ms
2026-10-01T18:06:18.551Z [EVENT world:unitAdded] #0 (anon_0) took 0.0ms
2026-10-01T18:06:18.551Z [EVENT world:unitAdded] #1 (clearUnitCaches) took 0.0ms
2026-10-01T18:06:18.551Z [EVENT world:unitAdded] #2 (markBedsDirty) took 0.0ms
2026-10-01T18:06:18.552Z [EVENT world:unitAdded] #3 (anon_3) took 0.7ms
2026-10-01T18:06:18.552Z [EVENT world:unitAdded] #4 (anon_4) took 0.0ms
2026-10-01T18:06:18.552Z [EVENT world:unitAdded] #5 (anon_5) took 0.0ms
2026-10-01T18:06:18.553Z [EVENT world:unitAdded] #0 (anon_0) took 0.0ms
2026-10-01T18:06:18.553Z [EVENT world:unitAdded] #1 (clearUnitCaches) took 0.0ms
2026-10-01T18:06:18.553Z [EVENT world:unitAdded] #2 (markBedsDirty) took 0.0ms
2026-10-01T18:06:18.554Z [EVENT world:unitAdded] #3 (anon_3) took 0.5ms
2026-10-01T18:06:18.554Z [EVENT world:unitAdded] #4 (anon_4) took 0.0ms
2026-10-01T18:06:18.554Z [EVENT world:unitAdded] #5 (anon_5) took 0.0ms
2026-10-01T18:06:18.555Z [EVENT world:unitAdded] #0 (anon_0) took 0.0ms
2026-10-01T18:06:18.555Z [EVENT world:unitAdded] #1 (clearUnitCaches) took 0.0ms
2026-10-01T18:06:18.555Z [EVENT world:unitAdded] #2 (markBedsDirty) took 0.0ms
2026-10-01T18:06:18.556Z [EVENT world:unitAdded] #3 (anon_3) took 0.7ms
2026-10-01T18:06:18.557Z [EVENT world:unitAdded] #4 (anon_4) took 0.0ms
2026-10-01T18:06:18.557Z [EVENT world:unitAdded] #5 (anon_5) took 0.0ms
2026-10-01T18:06:18.557Z [EVENT world:unitAdded] #0 (anon_0) took 0.0ms
2026-10-01T18:06:18.557Z [EVENT world:unitAdded] #1 (clearUnitCaches) took 0.0ms
2026-10-01T18:06:18.558Z [EVENT world:unitAdded] #2 (markBedsDirty) took 0.0ms
2026-10-01T18:06:18.559Z [EVENT world:unitAdded] #3 (anon_3) took 0.9ms
2026-10-01T18:06:18.559Z [EVENT world:unitAdded] #4 (anon_4) took 0.0ms
2026-10-01T18:06:18.559Z [EVENT world:unitAdded] #5 (anon_5) took 0.0ms
2026-10-01T18:06:18.560Z [EVENT world:unitAdded] #0 (anon_0) took 0.0ms
2026-10-01T18:06:18.560Z [EVENT world:unitAdded] #1 (clearUnitCaches) took 0.0ms
2026-10-01T18:06:18.560Z [EVENT world:unitAdded] #2 (markBedsDirty) took 0.0ms
2026-10-01T18:06:18.561Z [EVENT world:unitAdded] #3 (anon_3) took 0.7ms
2026-10-01T18:06:18.561Z [EVENT world:unitAdded] #4 (anon_4) took 0.0ms
2026-10-01T18:06:18.561Z [EVENT world:unitAdded] #5 (anon_5) took 0.0ms
2026-10-01T18:06:18.561Z [EVENT world:unitAdded] #0 (anon_0) took 0.0ms
2026-10-01T18:06:18.562Z [EVENT world:unitAdded] #1 (clearUnitCaches) took 0.0ms
2026-10-01T18:06:18.562Z [EVENT world:unitAdded] #2 (markBedsDirty) took 0.0ms
2026-10-01T18:06:18.562Z [EVENT world:unitAdded] #3 (anon_3) took 0.5ms
2026-10-01T18:06:18.563Z [EVENT world:unitAdded] #4 (anon_4) took 0.0ms
2026-10-01T18:06:18.563Z [EVENT world:unitAdded] #5 (anon_5) took 0.0ms
2026-10-01T18:06:18.563Z [EVENT world:unitAdded] #0 (anon_0) took 0.0ms
2026-10-01T18:06:18.563Z [EVENT world:unitAdded] #1 (clearUnitCaches) took 0.0ms
2026-10-01T18:06:18.563Z [EVENT world:unitAdded] #2 (markBedsDirty) took 0.0ms
2026-10-01T18:06:18.564Z [EVENT world:unitAdded] #3 (anon_3) took 0.8ms
2026-10-01T18:06:18.565Z [EVENT world:unitAdded] #4 (anon_4) took 0.0ms
2026-10-01T18:06:18.565Z [EVENT world:unitAdded] #5 (anon_5) took 0.0ms
2026-10-01T18:06:18.565Z [EVENT world:unitAdded] #0 (anon_0) took 0.0ms
2026-10-01T18:06:18.565Z [EVENT world:unitAdded] #1 (clearUnitCaches) took 0.0ms
2026-10-01T18:06:18.566Z [EVENT world:unitAdded] #2 (markBedsDirty) took 0.0ms
2026-10-01T18:06:18.566Z [EVENT world:unitAdded] #3 (anon_3) took 0.7ms
2026-10-01T18:06:18.567Z [EVENT world:unitAdded] #4 (anon_4) took 0.0ms
2026-10-01T18:06:18.567Z [EVENT world:unitAdded] #5 (anon_5) took 0.0ms
2026-10-01T18:06:18.567Z [EVENT world:unitAdded] #0 (anon_0) took 0.0ms
2026-10-01T18:06:18.567Z [EVENT world:unitAdded] #1 (clearUnitCaches) took 0.0ms
2026-10-01T18:06:18.568Z [EVENT world:unitAdded] #2 (markBedsDirty) took 0.0ms
2026-10-01T18:06:18.568Z [EVENT world:unitAdded] #3 (anon_3) took 0.5ms
2026-10-01T18:06:18.569Z [EVENT world:unitAdded] #4 (anon_4) took 0.0ms
2026-10-01T18:06:18.569Z [EVENT world:unitAdded] #5 (anon_5) took 0.0ms
2026-10-01T18:06:18.569Z [EVENT world:unitAdded] #0 (anon_0) took 0.0ms
2026-10-01T18:06:18.569Z [EVENT world:unitAdded] #1 (clearUnitCaches) took 0.0ms
2026-10-01T18:06:18.570Z [EVENT world:unitAdded] #2 (markBedsDirty) took 0.0ms
2026-10-01T18:06:18.571Z [EVENT world:unitAdded] #3 (anon_3) took 0.7ms
2026-10-01T18:06:18.571Z [EVENT world:unitAdded] #4 (anon_4) took 0.0ms
2026-10-01T18:06:18.571Z [EVENT world:unitAdded] #5 (anon_5) took 0.0ms
2026-10-01T18:06:18.571Z [EVENT world:unitAdded] #0 (anon_0) took 0.0ms
2026-10-01T18:06:18.572Z [EVENT world:unitAdded] #1 (clearUnitCaches) took 0.0ms
2026-10-01T18:06:18.572Z [EVENT world:unitAdded] #2 (markBedsDirty) took 0.0ms
2026-10-01T18:06:18.573Z [EVENT world:unitAdded] #3 (anon_3) took 0.7ms
2026-10-01T18:06:18.573Z [EVENT world:unitAdded] #4 (anon_4) took 0.0ms
2026-10-01T18:06:18.573Z [EVENT world:unitAdded] #5 (anon_5) took 0.0ms
2026-10-01T18:06:18.573Z [EVENT world:unitAdded] #0 (anon_0) took 0.0ms
2026-10-01T18:06:18.574Z [EVENT world:unitAdded] #1 (clearUnitCaches) took 0.0ms
2026-10-01T18:06:18.574Z [EVENT world:unitAdded] #2 (markBedsDirty) took 0.0ms
2026-10-01T18:06:18.575Z [EVENT world:unitAdded] #3 (anon_3) took 0.5ms
2026-10-01T18:06:18.575Z [EVENT world:unitAdded] #4 (anon_4) took 0.0ms
2026-10-01T18:06:18.575Z [EVENT world:unitAdded] #5 (anon_5) took 0.0ms
2026-10-01T18:06:18.575Z [EVENT world:unitAdded] #0 (anon_0) took 0.0ms
2026-10-01T18:06:18.576Z [EVENT world:unitAdded] #1 (clearUnitCaches) took 0.0ms
2026-10-01T18:06:18.576Z [EVENT world:unitAdded] #2 (markBedsDirty) took 0.0ms
2026-10-01T18:06:18.577Z [EVENT world:unitAdded] #3 (anon_3) took 0.9ms
2026-10-01T18:06:18.577Z [EVENT world:unitAdded] #4 (anon_4) took 0.0ms
2026-10-01T18:06:18.577Z [EVENT world:unitAdded] #5 (anon_5) took 0.0ms
2026-10-01T18:06:18.578Z [EVENT world:unitAdded] #0 (anon_0) took 0.0ms
2026-10-01T18:06:18.578Z [EVENT world:unitAdded] #1 (clearUnitCaches) took 0.0ms
2026-10-01T18:06:18.578Z [EVENT world:unitAdded] #2 (markBedsDirty) took 0.0ms
2026-10-01T18:06:18.579Z [EVENT world:unitAdded] #3 (anon_3) took 0.7ms
2026-10-01T18:06:18.579Z [EVENT world:unitAdded] #4 (anon_4) took 0.0ms
2026-10-01T18:06:18.580Z [EVENT world:unitAdded] #5 (anon_5) took 0.0ms
2026-10-01T18:06:18.580Z [EVENT world:unitAdded] #0 (anon_0) took 0.0ms
2026-10-01T18:06:18.580Z [EVENT world:unitAdded] #1 (clearUnitCaches) took 0.0ms
2026-10-01T18:06:18.581Z [EVENT world:unitAdded] #2 (markBedsDirty) took 0.0ms
2026-10-01T18:06:18.581Z [EVENT world:unitAdded] #3 (anon_3) took 0.5ms
2026-10-01T18:06:18.582Z [EVENT world:unitAdded] #4 (anon_4) took 0.0ms
2026-10-01T18:06:18.582Z [EVENT world:unitAdded] #5 (anon_5) took 0.0ms
2026-10-01T18:06:18.582Z [EVENT world:unitAdded] #0 (anon_0) took 0.0ms
2026-10-01T18:06:18.582Z [EVENT world:unitAdded] #1 (clearUnitCaches) took 0.0ms
2026-10-01T18:06:18.582Z [EVENT world:unitAdded] #2 (markBedsDirty) took 0.0ms
2026-10-01T18:06:18.583Z [EVENT world:unitAdded] #3 (anon_3) took 0.7ms
2026-10-01T18:06:18.583Z [EVENT world:unitAdded] #4 (anon_4) took 0.0ms
2026-10-01T18:06:18.584Z [EVENT world:unitAdded] #5 (anon_5) took 0.0ms
2026-10-01T18:06:18.584Z [EVENT world:unitAdded] #0 (anon_0) took 0.0ms
2026-10-01T18:06:18.584Z [EVENT world:unitAdded] #1 (clearUnitCaches) took 0.0ms
2026-10-01T18:06:18.584Z [EVENT world:unitAdded] #2 (markBedsDirty) took 0.0ms
2026-10-01T18:06:18.585Z [EVENT world:unitAdded] #3 (anon_3) took 0.8ms
2026-10-01T18:06:18.585Z [EVENT world:unitAdded] #4 (anon_4) took 0.0ms
2026-10-01T18:06:18.586Z [EVENT world:unitAdded] #5 (anon_5) took 0.0ms
2026-10-01T18:06:18.586Z [EVENT world:unitAdded] #0 (anon_0) took 0.0ms
2026-10-01T18:06:18.586Z [EVENT world:unitAdded] #1 (clearUnitCaches) took 0.0ms
2026-10-01T18:06:18.586Z [EVENT world:unitAdded] #2 (markBedsDirty) took 0.0ms
2026-10-01T18:06:18.587Z [EVENT world:unitAdded] #3 (anon_3) took 0.7ms
2026-10-01T18:06:18.587Z [EVENT world:unitAdded] #4 (anon_4) took 0.0ms
2026-10-01T18:06:18.588Z [EVENT world:unitAdded] #5 (anon_5) took 0.0ms
2026-10-01T18:06:18.588Z [EVENT world:unitAdded] #0 (anon_0) took 0.0ms
2026-10-01T18:06:18.588Z [EVENT world:unitAdded] #1 (clearUnitCaches) took 0.0ms
2026-10-01T18:06:18.589Z [EVENT world:unitAdded] #2 (markBedsDirty) took 0.0ms
2026-10-01T18:06:18.589Z [EVENT world:unitAdded] #3 (anon_3) took 0.5ms
2026-10-01T18:06:18.589Z [EVENT world:unitAdded] #4 (anon_4) took 0.0ms
2026-10-01T18:06:18.590Z [EVENT world:unitAdded] #5 (anon_5) took 0.0ms
2026-10-01T18:06:18.590Z [EVENT world:unitAdded] #0 (anon_0) took 0.0ms
2026-10-01T18:06:18.590Z [EVENT world:unitAdded] #1 (clearUnitCaches) took 0.0ms
2026-10-01T18:06:18.590Z [EVENT world:unitAdded] #2 (markBedsDirty) took 0.0ms
2026-10-01T18:06:18.591Z [EVENT world:unitAdded] #3 (anon_3) took 0.8ms
2026-10-01T18:06:18.592Z [EVENT world:unitAdded] #4 (anon_4) took 0.0ms
2026-10-01T18:06:18.592Z [EVENT world:unitAdded] #5 (anon_5) took 0.0ms
2026-10-01T18:06:18.592Z [EVENT world:unitAdded] #0 (anon_0) took 0.0ms
2026-10-01T18:06:18.593Z [EVENT world:unitAdded] #1 (clearUnitCaches) took 0.0ms
2026-10-01T18:06:18.593Z [EVENT world:unitAdded] #2 (markBedsDirty) took 0.0ms
2026-10-01T18:06:18.594Z [EVENT world:unitAdded] #3 (anon_3) took 0.8ms
2026-10-01T18:06:18.594Z [EVENT world:unitAdded] #4 (anon_4) took 0.0ms
2026-10-01T18:06:18.594Z [EVENT world:unitAdded] #5 (anon_5) took 0.0ms
2026-10-01T18:06:18.595Z [EVENT world:unitAdded] #0 (anon_0) took 0.0ms
2026-10-01T18:06:18.595Z [EVENT world:unitAdded] #1 (clearUnitCaches) took 0.0ms
2026-10-01T18:06:18.595Z [EVENT world:unitAdded] #2 (markBedsDirty) took 0.0ms
2026-10-01T18:06:18.596Z [EVENT world:unitAdded] #3 (anon_3) took 0.5ms
2026-10-01T18:06:18.596Z [EVENT world:unitAdded] #4 (anon_4) took 0.0ms
2026-10-01T18:06:18.596Z [EVENT world:unitAdded] #5 (anon_5) took 0.0ms
2026-10-01T18:06:18.596Z [EVENT world:unitAdded] #0 (anon_0) took 0.0ms
2026-10-01T18:06:18.597Z [EVENT world:unitAdded] #1 (clearUnitCaches) took 0.0ms
2026-10-01T18:06:18.597Z [EVENT world:unitAdded] #2 (markBedsDirty) took 0.0ms
2026-10-01T18:06:18.598Z [EVENT world:unitAdded] #3 (anon_3) took 0.8ms
2026-10-01T18:06:18.598Z [EVENT world:unitAdded] #4 (anon_4) took 0.0ms
2026-10-01T18:06:18.598Z [EVENT world:unitAdded] #5 (anon_5) took 0.0ms
2026-10-01T18:06:18.599Z [EVENT world:unitAdded] #0 (anon_0) took 0.0ms
2026-10-01T18:06:18.599Z [EVENT world:unitAdded] #1 (clearUnitCaches) took 0.0ms
2026-10-01T18:06:18.599Z [EVENT world:unitAdded] #2 (markBedsDirty) took 0.0ms
2026-10-01T18:06:18.600Z [EVENT world:unitAdded] #3 (anon_3) took 0.7ms
2026-10-01T18:06:18.600Z [EVENT world:unitAdded] #4 (anon_4) took 0.0ms
2026-10-01T18:06:18.600Z [EVENT world:unitAdded] #5 (anon_5) took 0.0ms
2026-10-01T18:06:18.601Z [EVENT world:unitAdded] #0 (anon_0) took 0.0ms
2026-10-01T18:06:18.601Z [EVENT world:unitAdded] #1 (clearUnitCaches) took 0.0ms
2026-10-01T18:06:18.601Z [EVENT world:unitAdded] #2 (markBedsDirty) took 0.0ms
2026-10-01T18:06:18.602Z [EVENT world:unitAdded] #3 (anon_3) took 0.5ms
2026-10-01T18:06:18.602Z [EVENT world:unitAdded] #4 (anon_4) took 0.0ms
2026-10-01T18:06:18.602Z [EVENT world:unitAdded] #5 (anon_5) took 0.0ms
2026-10-01T18:06:18.602Z [EVENT world:unitAdded] #0 (anon_0) took 0.0ms
2026-10-01T18:06:18.602Z [EVENT world:unitAdded] #1 (clearUnitCaches) took 0.0ms
2026-10-01T18:06:18.603Z [EVENT world:unitAdded] #2 (markBedsDirty) took 0.0ms
2026-10-01T18:06:18.603Z [EVENT world:unitAdded] #3 (anon_3) took 0.7ms
2026-10-01T18:06:18.604Z [EVENT world:unitAdded] #4 (anon_4) took 0.0ms
2026-10-01T18:06:18.604Z [EVENT world:unitAdded] #5 (anon_5) took 0.0ms
2026-10-01T18:06:18.604Z [EVENT world:unitAdded] #0 (anon_0) took 0.0ms
2026-10-01T18:06:18.605Z [EVENT world:unitAdded] #1 (clearUnitCaches) took 0.0ms
2026-10-01T18:06:18.605Z [EVENT world:unitAdded] #2 (markBedsDirty) took 0.0ms
2026-10-01T18:06:18.606Z [EVENT world:unitAdded] #3 (anon_3) took 0.7ms
2026-10-01T18:06:18.606Z [EVENT world:unitAdded] #4 (anon_4) took 0.0ms
2026-10-01T18:06:18.606Z [EVENT world:unitAdded] #5 (anon_5) took 0.0ms
2026-10-01T18:06:18.607Z [EVENT world:unitAdded] #0 (anon_0) took 0.0ms
2026-10-01T18:06:18.607Z [EVENT world:unitAdded] #1 (clearUnitCaches) took 0.0ms
2026-10-01T18:06:18.607Z [EVENT world:unitAdded] #2 (markBedsDirty) took 0.0ms
2026-10-01T18:06:18.608Z [EVENT world:unitAdded] #3 (anon_3) took 0.5ms
2026-10-01T18:06:18.608Z [EVENT world:unitAdded] #4 (anon_4) took 0.0ms
2026-10-01T18:06:18.608Z [EVENT world:unitAdded] #5 (anon_5) took 0.0ms
2026-10-01T18:06:18.609Z [EVENT world:unitAdded] #0 (anon_0) took 0.0ms
2026-10-01T18:06:18.609Z [EVENT world:unitAdded] #1 (clearUnitCaches) took 0.0ms
2026-10-01T18:06:18.609Z [EVENT world:unitAdded] #2 (markBedsDirty) took 0.0ms
2026-10-01T18:06:18.610Z [EVENT world:unitAdded] #3 (anon_3) took 0.7ms
2026-10-01T18:06:18.610Z [EVENT world:unitAdded] #4 (anon_4) took 0.0ms
2026-10-01T18:06:18.610Z [EVENT world:unitAdded] #5 (anon_5) took 0.0ms
2026-10-01T18:06:18.611Z [EVENT world:unitAdded] #0 (anon_0) took 0.0ms
2026-10-01T18:06:18.611Z [EVENT world:unitAdded] #1 (clearUnitCaches) took 0.0ms
2026-10-01T18:06:18.611Z [EVENT world:unitAdded] #2 (markBedsDirty) took 0.0ms
2026-10-01T18:06:18.612Z [EVENT world:unitAdded] #3 (anon_3) took 0.8ms
2026-10-01T18:06:18.612Z [EVENT world:unitAdded] #4 (anon_4) took 0.0ms
2026-10-01T18:06:18.613Z [EVENT world:unitAdded] #5 (anon_5) took 0.0ms
2026-10-01T18:06:18.613Z [EVENT world:unitAdded] #0 (anon_0) took 0.0ms
2026-10-01T18:06:18.613Z [EVENT world:unitAdded] #1 (clearUnitCaches) took 0.0ms
2026-10-01T18:06:18.614Z [EVENT world:unitAdded] #2 (markBedsDirty) took 0.0ms
2026-10-01T18:06:18.614Z [EVENT world:unitAdded] #3 (anon_3) took 0.7ms
2026-10-01T18:06:18.615Z [EVENT world:unitAdded] #4 (anon_4) took 0.0ms
2026-10-01T18:06:18.615Z [EVENT world:unitAdded] #5 (anon_5) took 0.0ms
2026-10-01T18:06:18.616Z [EVENT world:unitAdded] #0 (anon_0) took 0.0ms
2026-10-01T18:06:18.616Z [EVENT world:unitAdded] #1 (clearUnitCaches) took 0.0ms
2026-10-01T18:06:18.616Z [EVENT world:unitAdded] #2 (markBedsDirty) took 0.0ms
2026-10-01T18:06:18.617Z [EVENT world:unitAdded] #3 (anon_3) took 0.5ms
2026-10-01T18:06:18.617Z [EVENT world:unitAdded] #4 (anon_4) took 0.0ms
2026-10-01T18:06:18.617Z [EVENT world:unitAdded] #5 (anon_5) took 0.0ms
2026-10-01T18:06:18.618Z [EVENT world:unitAdded] #0 (anon_0) took 0.0ms
2026-10-01T18:06:18.618Z [EVENT world:unitAdded] #1 (clearUnitCaches) took 0.0ms
2026-10-01T18:06:18.618Z [EVENT world:unitAdded] #2 (markBedsDirty) took 0.0ms
2026-10-01T18:06:18.619Z [EVENT world:unitAdded] #3 (anon_3) took 0.6ms
2026-10-01T18:06:18.619Z [EVENT world:unitAdded] #4 (anon_4) took 0.0ms
2026-10-01T18:06:18.619Z [EVENT world:unitAdded] #5 (anon_5) took 0.0ms
2026-10-01T18:06:18.620Z [EVENT world:unitAdded] #0 (anon_0) took 0.0ms
2026-10-01T18:06:18.620Z [EVENT world:unitAdded] #1 (clearUnitCaches) took 0.0ms
2026-10-01T18:06:18.620Z [EVENT world:unitAdded] #2 (markBedsDirty) took 0.0ms
2026-10-01T18:06:18.621Z [EVENT world:unitAdded] #3 (anon_3) took 0.8ms
2026-10-01T18:06:18.622Z [EVENT world:unitAdded] #4 (anon_4) took 0.0ms
2026-10-01T18:06:18.622Z [EVENT world:unitAdded] #5 (anon_5) took 0.0ms
2026-10-01T18:06:18.622Z [EVENT world:unitAdded] #0 (anon_0) took 0.0ms
2026-10-01T18:06:18.622Z [EVENT world:unitAdded] #1 (clearUnitCaches) took 0.0ms
2026-10-01T18:06:18.622Z [EVENT world:unitAdded] #2 (markBedsDirty) took 0.0ms
2026-10-01T18:06:18.623Z [EVENT world:unitAdded] #3 (anon_3) took 0.5ms
2026-10-01T18:06:18.623Z [EVENT world:unitAdded] #4 (anon_4) took 0.0ms
2026-10-01T18:06:18.623Z [EVENT world:unitAdded] #5 (anon_5) took 0.0ms
2026-10-01T18:06:18.624Z [EVENT world:unitAdded] #0 (anon_0) took 0.0ms
2026-10-01T18:06:18.624Z [EVENT world:unitAdded] #1 (clearUnitCaches) took 0.0ms
2026-10-01T18:06:18.624Z [EVENT world:unitAdded] #2 (markBedsDirty) took 0.0ms
2026-10-01T18:06:18.625Z [EVENT world:unitAdded] #3 (anon_3) took 0.6ms
2026-10-01T18:06:18.625Z [EVENT world:unitAdded] #4 (anon_4) took 0.0ms
2026-10-01T18:06:18.625Z [EVENT world:unitAdded] #5 (anon_5) took 0.0ms
2026-10-01T18:06:18.626Z [EVENT world:unitAdded] #0 (anon_0) took 0.0ms
2026-10-01T18:06:18.626Z [EVENT world:unitAdded] #1 (clearUnitCaches) took 0.0ms
2026-10-01T18:06:18.626Z [EVENT world:unitAdded] #2 (markBedsDirty) took 0.0ms
2026-10-01T18:06:18.627Z [EVENT world:unitAdded] #3 (anon_3) took 0.7ms
2026-10-01T18:06:18.627Z [EVENT world:unitAdded] #4 (anon_4) took 0.0ms
2026-10-01T18:06:18.627Z [EVENT world:unitAdded] #5 (anon_5) took 0.0ms
2026-10-01T18:06:18.628Z [EVENT world:unitAdded] #0 (anon_0) took 0.0ms
2026-10-01T18:06:18.628Z [EVENT world:unitAdded] #1 (clearUnitCaches) took 0.0ms
2026-10-01T18:06:18.628Z [EVENT world:unitAdded] #2 (markBedsDirty) took 0.0ms
2026-10-01T18:06:18.628Z [EVENT world:unitAdded] #3 (anon_3) took 0.5ms
2026-10-01T18:06:18.629Z [EVENT world:unitAdded] #4 (anon_4) took 0.0ms
2026-10-01T18:06:18.629Z [EVENT world:unitAdded] #5 (anon_5) took 0.0ms
2026-10-01T18:06:18.629Z [EVENT world:unitAdded] #0 (anon_0) took 0.0ms
2026-10-01T18:06:18.629Z [EVENT world:unitAdded] #1 (clearUnitCaches) took 0.0ms
2026-10-01T18:06:18.629Z [EVENT world:unitAdded] #2 (markBedsDirty) took 0.0ms
2026-10-01T18:06:18.630Z [EVENT world:unitAdded] #3 (anon_3) took 0.6ms
2026-10-01T18:06:18.630Z [EVENT world:unitAdded] #4 (anon_4) took 0.0ms
2026-10-01T18:06:18.631Z [EVENT world:unitAdded] #5 (anon_5) took 0.0ms
2026-10-01T18:06:18.631Z [EVENT world:unitAdded] #0 (anon_0) took 0.0ms
2026-10-01T18:06:18.631Z [EVENT world:unitAdded] #1 (clearUnitCaches) took 0.0ms
2026-10-01T18:06:18.631Z [EVENT world:unitAdded] #2 (markBedsDirty) took 0.0ms
2026-10-01T18:06:18.632Z [EVENT world:unitAdded] #3 (anon_3) took 0.6ms
2026-10-01T18:06:18.632Z [EVENT world:unitAdded] #4 (anon_4) took 0.0ms
2026-10-01T18:06:18.632Z [EVENT world:unitAdded] #5 (anon_5) took 0.0ms
2026-10-01T18:06:18.633Z [EVENT world:unitAdded] #0 (anon_0) took 0.0ms
2026-10-01T18:06:18.633Z [EVENT world:unitAdded] #1 (clearUnitCaches) took 0.0ms
2026-10-01T18:06:18.633Z [EVENT world:unitAdded] #2 (markBedsDirty) took 0.0ms
2026-10-01T18:06:18.634Z [EVENT world:unitAdded] #3 (anon_3) took 0.5ms
2026-10-01T18:06:18.634Z [EVENT world:unitAdded] #4 (anon_4) took 0.0ms
2026-10-01T18:06:18.634Z [EVENT world:unitAdded] #5 (anon_5) took 0.0ms
2026-10-01T18:06:18.635Z [EVENT world:unitAdded] #0 (anon_0) took 0.0ms
2026-10-01T18:06:18.635Z [EVENT world:unitAdded] #1 (clearUnitCaches) took 0.0ms
2026-10-01T18:06:18.635Z [EVENT world:unitAdded] #2 (markBedsDirty) took 0.0ms
2026-10-01T18:06:18.636Z [EVENT world:unitAdded] #3 (anon_3) took 0.7ms
2026-10-01T18:06:18.636Z [EVENT world:unitAdded] #4 (anon_4) took 0.0ms
2026-10-01T18:06:18.636Z [EVENT world:unitAdded] #5 (anon_5) took 0.0ms
2026-10-01T18:06:18.637Z [EVENT world:unitAdded] #0 (anon_0) took 0.0ms
2026-10-01T18:06:18.637Z [EVENT world:unitAdded] #1 (clearUnitCaches) took 0.0ms
2026-10-01T18:06:18.637Z [EVENT world:unitAdded] #2 (markBedsDirty) took 0.0ms
2026-10-01T18:06:18.638Z [EVENT world:unitAdded] #3 (anon_3) took 0.7ms
2026-10-01T18:06:18.638Z [EVENT world:unitAdded] #4 (anon_4) took 0.0ms
2026-10-01T18:06:18.638Z [EVENT world:unitAdded] #5 (anon_5) took 0.0ms
2026-10-01T18:06:18.639Z [EVENT world:unitAdded] #0 (anon_0) took 0.0ms
2026-10-01T18:06:18.639Z [EVENT world:unitAdded] #1 (clearUnitCaches) took 0.0ms
2026-10-01T18:06:18.639Z [EVENT world:unitAdded] #2 (markBedsDirty) took 0.0ms
2026-10-01T18:06:18.640Z [EVENT world:unitAdded] #3 (anon_3) took 0.9ms
2026-10-01T18:06:18.641Z [EVENT world:unitAdded] #4 (anon_4) took 0.0ms
2026-10-01T18:06:18.641Z [EVENT world:unitAdded] #5 (anon_5) took 0.0ms
2026-10-01T18:06:18.641Z [EVENT world:unitAdded] #0 (anon_0) took 0.0ms
2026-10-01T18:06:18.641Z [EVENT world:unitAdded] #1 (clearUnitCaches) took 0.0ms
2026-10-01T18:06:18.642Z [EVENT world:unitAdded] #2 (markBedsDirty) took 0.0ms
2026-10-01T18:06:18.642Z [EVENT world:unitAdded] #3 (anon_3) took 0.6ms
2026-10-01T18:06:18.643Z [EVENT world:unitAdded] #4 (anon_4) took 0.0ms
2026-10-01T18:06:18.643Z [EVENT world:unitAdded] #5 (anon_5) took 0.0ms
2026-10-01T18:06:18.643Z [EVENT world:unitAdded] #0 (anon_0) took 0.0ms
2026-10-01T18:06:18.643Z [EVENT world:unitAdded] #1 (clearUnitCaches) took 0.0ms
2026-10-01T18:06:18.644Z [EVENT world:unitAdded] #2 (markBedsDirty) took 0.0ms
2026-10-01T18:06:18.644Z [EVENT world:unitAdded] #3 (anon_3) took 0.6ms
2026-10-01T18:06:18.645Z [EVENT world:unitAdded] #4 (anon_4) took 0.0ms
2026-10-01T18:06:18.645Z [EVENT world:unitAdded] #5 (anon_5) took 0.0ms
2026-10-01T18:06:18.645Z [EVENT world:unitAdded] #0 (anon_0) took 0.0ms
2026-10-01T18:06:18.645Z [EVENT world:unitAdded] #1 (clearUnitCaches) took 0.0ms
2026-10-01T18:06:18.645Z [EVENT world:unitAdded] #2 (markBedsDirty) took 0.0ms
2026-10-01T18:06:18.646Z [EVENT world:unitAdded] #3 (anon_3) took 0.7ms
2026-10-01T18:06:18.647Z [EVENT world:unitAdded] #4 (anon_4) took 0.0ms
2026-10-01T18:06:18.647Z [EVENT world:unitAdded] #5 (anon_5) took 0.0ms
2026-10-01T18:06:18.647Z [EVENT world:unitAdded] #0 (anon_0) took 0.0ms
2026-10-01T18:06:18.647Z [EVENT world:unitAdded] #1 (clearUnitCaches) took 0.0ms
2026-10-01T18:06:18.648Z [EVENT world:unitAdded] #2 (markBedsDirty) took 0.0ms
2026-10-01T18:06:18.648Z [EVENT world:unitAdded] #3 (anon_3) took 0.5ms
2026-10-01T18:06:18.649Z [EVENT world:unitAdded] #4 (anon_4) took 0.0ms
2026-10-01T18:06:18.649Z [EVENT world:unitAdded] #5 (anon_5) took 0.0ms
2026-10-01T18:06:18.649Z [EVENT world:unitAdded] #0 (anon_0) took 0.0ms
2026-10-01T18:06:18.650Z [EVENT world:unitAdded] #1 (clearUnitCaches) took 0.0ms
2026-10-01T18:06:18.650Z [EVENT world:unitAdded] #2 (markBedsDirty) took 0.0ms
2026-10-01T18:06:18.651Z [EVENT world:unitAdded] #3 (anon_3) took 1.1ms
2026-10-01T18:06:18.651Z [EVENT world:unitAdded] #4 (anon_4) took 0.0ms
2026-10-01T18:06:18.651Z [EVENT world:unitAdded] #5 (anon_5) took 0.0ms
2026-10-01T18:06:18.652Z [EVENT world:unitAdded] #0 (anon_0) took 0.0ms
2026-10-01T18:06:18.652Z [EVENT world:unitAdded] #1 (clearUnitCaches) took 0.0ms
2026-10-01T18:06:18.652Z [EVENT world:unitAdded] #2 (markBedsDirty) took 0.0ms
2026-10-01T18:06:18.654Z [EVENT world:unitAdded] #3 (anon_3) took 0.9ms
2026-10-01T18:06:18.654Z [EVENT world:unitAdded] #4 (anon_4) took 0.0ms
2026-10-01T18:06:18.654Z [EVENT world:unitAdded] #5 (anon_5) took 0.0ms
2026-10-01T18:06:18.655Z [EVENT world:unitAdded] #0 (anon_0) took 0.0ms
2026-10-01T18:06:18.655Z [EVENT world:unitAdded] #1 (clearUnitCaches) took 0.0ms
2026-10-01T18:06:18.655Z [EVENT world:unitAdded] #2 (markBedsDirty) took 0.0ms
2026-10-01T18:06:18.656Z [EVENT world:unitAdded] #3 (anon_3) took 0.5ms
2026-10-01T18:06:18.656Z [EVENT world:unitAdded] #4 (anon_4) took 0.0ms
2026-10-01T18:06:18.656Z [EVENT world:unitAdded] #5 (anon_5) took 0.0ms
2026-10-01T18:06:18.657Z [EVENT world:unitAdded] #0 (anon_0) took 0.0ms
2026-10-01T18:06:18.657Z [EVENT world:unitAdded] #1 (clearUnitCaches) took 0.0ms
2026-10-01T18:06:18.657Z [EVENT world:unitAdded] #2 (markBedsDirty) took 0.0ms
2026-10-01T18:06:18.658Z [EVENT world:unitAdded] #3 (anon_3) took 1.0ms
2026-10-01T18:06:18.659Z [EVENT world:unitAdded] #4 (anon_4) took 0.0ms
2026-10-01T18:06:18.659Z [EVENT world:unitAdded] #5 (anon_5) took 0.0ms
2026-10-01T18:06:18.660Z [EVENT world:unitAdded] #0 (anon_0) took 0.1ms
2026-10-01T18:06:18.660Z [EVENT world:unitAdded] #1 (clearUnitCaches) took 0.0ms
2026-10-01T18:06:18.660Z [EVENT world:unitAdded] #2 (markBedsDirty) took 0.0ms
2026-10-01T18:06:18.661Z [EVENT world:unitAdded] #3 (anon_3) took 0.7ms
2026-10-01T18:06:18.661Z [EVENT world:unitAdded] #4 (anon_4) took 0.0ms
2026-10-01T18:06:18.662Z [EVENT world:unitAdded] #5 (anon_5) took 0.0ms
2026-10-01T18:06:18.662Z [EVENT world:unitAdded] #0 (anon_0) took 0.0ms
2026-10-01T18:06:18.663Z [EVENT world:unitAdded] #1 (clearUnitCaches) took 0.0ms
2026-10-01T18:06:18.663Z [EVENT world:unitAdded] #2 (markBedsDirty) took 0.0ms
2026-10-01T18:06:18.664Z [EVENT world:unitAdded] #3 (anon_3) took 0.5ms
2026-10-01T18:06:18.664Z [EVENT world:unitAdded] #4 (anon_4) took 0.2ms
2026-10-01T18:06:18.664Z [EVENT world:unitAdded] #5 (anon_5) took 0.0ms
2026-10-01T18:06:18.665Z [EVENT world:unitAdded] #0 (anon_0) took 0.0ms
2026-10-01T18:06:18.665Z [EVENT world:unitAdded] #1 (clearUnitCaches) took 0.0ms
2026-10-01T18:06:18.665Z [EVENT world:unitAdded] #2 (markBedsDirty) took 0.0ms
2026-10-01T18:06:18.666Z [EVENT world:unitAdded] #3 (anon_3) took 0.5ms
2026-10-01T18:06:18.666Z [EVENT world:unitAdded] #4 (anon_4) took 0.0ms
2026-10-01T18:06:18.666Z [EVENT world:unitAdded] #5 (anon_5) took 0.0ms
2026-10-01T18:06:18.667Z [EVENT world:unitAdded] #0 (anon_0) took 0.0ms
2026-10-01T18:06:18.667Z [EVENT world:unitAdded] #1 (clearUnitCaches) took 0.0ms
2026-10-01T18:06:18.667Z [EVENT world:unitAdded] #2 (markBedsDirty) took 0.0ms
2026-10-01T18:06:18.668Z [EVENT world:unitAdded] #3 (anon_3) took 0.8ms
2026-10-01T18:06:18.668Z [EVENT world:unitAdded] #4 (anon_4) took 0.0ms
2026-10-01T18:06:18.668Z [EVENT world:unitAdded] #5 (anon_5) took 0.0ms
2026-10-01T18:06:18.669Z [EVENT world:unitAdded] #0 (anon_0) took 0.0ms
2026-10-01T18:06:18.669Z [EVENT world:unitAdded] #1 (clearUnitCaches) took 0.0ms
2026-10-01T18:06:18.669Z [EVENT world:unitAdded] #2 (markBedsDirty) took 0.0ms
2026-10-01T18:06:18.670Z [EVENT world:unitAdded] #3 (anon_3) took 0.9ms
2026-10-01T18:06:18.671Z [EVENT world:unitAdded] #4 (anon_4) took 0.0ms
2026-10-01T18:06:18.671Z [EVENT world:unitAdded] #5 (anon_5) took 0.0ms
2026-10-01T18:06:18.671Z [EVENT world:unitAdded] #0 (anon_0) took 0.0ms
2026-10-01T18:06:18.671Z [EVENT world:unitAdded] #1 (clearUnitCaches) took 0.0ms
2026-10-01T18:06:18.672Z [EVENT world:unitAdded] #2 (markBedsDirty) took 0.0ms
2026-10-01T18:06:18.672Z [EVENT world:unitAdded] #3 (anon_3) took 0.5ms
2026-10-01T18:06:18.673Z [EVENT world:unitAdded] #4 (anon_4) took 0.0ms
2026-10-01T18:06:18.673Z [EVENT world:unitAdded] #5 (anon_5) took 0.0ms
2026-10-01T18:06:18.673Z [EVENT world:unitAdded] #0 (anon_0) took 0.0ms
2026-10-01T18:06:18.673Z [EVENT world:unitAdded] #1 (clearUnitCaches) took 0.0ms
2026-10-01T18:06:18.674Z [EVENT world:unitAdded] #2 (markBedsDirty) took 0.0ms
2026-10-01T18:06:18.675Z [EVENT world:unitAdded] #3 (anon_3) took 0.8ms
2026-10-01T18:06:18.675Z [EVENT world:unitAdded] #4 (anon_4) took 0.0ms
2026-10-01T18:06:18.675Z [EVENT world:unitAdded] #5 (anon_5) took 0.0ms
2026-10-01T18:06:18.676Z [EVENT world:unitAdded] #0 (anon_0) took 0.0ms
2026-10-01T18:06:18.676Z [EVENT world:unitAdded] #1 (clearUnitCaches) took 0.0ms
2026-10-01T18:06:18.676Z [EVENT world:unitAdded] #2 (markBedsDirty) took 0.0ms
2026-10-01T18:06:18.677Z [EVENT world:unitAdded] #3 (anon_3) took 0.6ms
2026-10-01T18:06:18.677Z [EVENT world:unitAdded] #4 (anon_4) took 0.0ms
2026-10-01T18:06:18.677Z [EVENT world:unitAdded] #5 (anon_5) took 0.0ms
2026-10-01T18:06:18.678Z [EVENT world:unitAdded] #0 (anon_0) took 0.0ms
2026-10-01T18:06:18.678Z [EVENT world:unitAdded] #1 (clearUnitCaches) took 0.0ms
2026-10-01T18:06:18.678Z [EVENT world:unitAdded] #2 (markBedsDirty) took 0.0ms
2026-10-01T18:06:18.679Z [EVENT world:unitAdded] #3 (anon_3) took 0.5ms
2026-10-01T18:06:18.679Z [EVENT world:unitAdded] #4 (anon_4) took 0.0ms
2026-10-01T18:06:18.679Z [EVENT world:unitAdded] #5 (anon_5) took 0.0ms
2026-10-01T18:06:18.679Z [EVENT world:unitAdded] #0 (anon_0) took 0.0ms
2026-10-01T18:06:18.679Z [EVENT world:unitAdded] #1 (clearUnitCaches) took 0.0ms
2026-10-01T18:06:18.680Z [EVENT world:unitAdded] #2 (markBedsDirty) took 0.0ms
2026-10-01T18:06:18.680Z [EVENT world:unitAdded] #3 (anon_3) took 0.6ms
2026-10-01T18:06:18.681Z [EVENT world:unitAdded] #4 (anon_4) took 0.0ms
2026-10-01T18:06:18.681Z [EVENT world:unitAdded] #5 (anon_5) took 0.0ms
2026-10-01T18:06:18.681Z [EVENT world:unitAdded] #0 (anon_0) took 0.0ms
2026-10-01T18:06:18.681Z [EVENT world:unitAdded] #1 (clearUnitCaches) took 0.0ms
2026-10-01T18:06:18.682Z [EVENT world:unitAdded] #2 (markBedsDirty) took 0.0ms
2026-10-01T18:06:18.683Z [EVENT world:unitAdded] #3 (anon_3) took 0.9ms
2026-10-01T18:06:18.683Z [EVENT world:unitAdded] #4 (anon_4) took 0.0ms
2026-10-01T18:06:18.683Z [EVENT world:unitAdded] #5 (anon_5) took 0.0ms
2026-10-01T18:06:18.684Z [EVENT world:unitAdded] #0 (anon_0) took 0.0ms
2026-10-01T18:06:18.684Z [EVENT world:unitAdded] #1 (clearUnitCaches) took 0.0ms
2026-10-01T18:06:18.684Z [EVENT world:unitAdded] #2 (markBedsDirty) took 0.0ms
2026-10-01T18:06:18.685Z [EVENT world:unitAdded] #3 (anon_3) took 0.5ms
2026-10-01T18:06:18.685Z [EVENT world:unitAdded] #4 (anon_4) took 0.0ms
2026-10-01T18:06:18.685Z [EVENT world:unitAdded] #5 (anon_5) took 0.0ms
2026-10-01T18:06:18.686Z [EVENT world:unitAdded] #0 (anon_0) took 0.0ms
2026-10-01T18:06:18.686Z [EVENT world:unitAdded] #1 (clearUnitCaches) took 0.0ms
2026-10-01T18:06:18.686Z [EVENT world:unitAdded] #2 (markBedsDirty) took 0.0ms
2026-10-01T18:06:18.687Z [EVENT world:unitAdded] #3 (anon_3) took 0.7ms
2026-10-01T18:06:18.687Z [EVENT world:unitAdded] #4 (anon_4) took 0.0ms
2026-10-01T18:06:18.687Z [EVENT world:unitAdded] #5 (anon_5) took 0.0ms
2026-10-01T18:06:18.688Z [EVENT world:unitAdded] #0 (anon_0) took 0.0ms
2026-10-01T18:06:18.688Z [EVENT world:unitAdded] #1 (clearUnitCaches) took 0.0ms
2026-10-01T18:06:18.688Z [EVENT world:unitAdded] #2 (markBedsDirty) took 0.0ms
2026-10-01T18:06:18.689Z [EVENT world:unitAdded] #3 (anon_3) took 0.8ms
2026-10-01T18:06:18.690Z [EVENT world:unitAdded] #4 (anon_4) took 0.0ms
2026-10-01T18:06:18.690Z [EVENT world:unitAdded] #5 (anon_5) took 0.0ms
2026-10-01T18:06:18.690Z [EVENT world:unitAdded] #0 (anon_0) took 0.0ms
2026-10-01T18:06:18.691Z [EVENT world:unitAdded] #1 (clearUnitCaches) took 0.0ms
2026-10-01T18:06:18.691Z [EVENT world:unitAdded] #2 (markBedsDirty) took 0.0ms
2026-10-01T18:06:18.692Z [EVENT world:unitAdded] #3 (anon_3) took 0.5ms
2026-10-01T18:06:18.692Z [EVENT world:unitAdded] #4 (anon_4) took 0.0ms
2026-10-01T18:06:18.692Z [EVENT world:unitAdded] #5 (anon_5) took 0.0ms
2026-10-01T18:06:18.692Z [EVENT world:unitAdded] #0 (anon_0) took 0.0ms
2026-10-01T18:06:18.692Z [EVENT world:unitAdded] #1 (clearUnitCaches) took 0.0ms
2026-10-01T18:06:18.693Z [EVENT world:unitAdded] #2 (markBedsDirty) took 0.0ms
2026-10-01T18:06:18.693Z [EVENT world:unitAdded] #3 (anon_3) took 0.6ms
2026-10-01T18:06:18.694Z [EVENT world:unitAdded] #4 (anon_4) took 0.0ms
2026-10-01T18:06:18.694Z [EVENT world:unitAdded] #5 (anon_5) took 0.0ms
2026-10-01T18:06:18.694Z [EVENT world:unitAdded] #0 (anon_0) took 0.0ms
2026-10-01T18:06:18.694Z [EVENT world:unitAdded] #1 (clearUnitCaches) took 0.0ms
2026-10-01T18:06:18.695Z [EVENT world:unitAdded] #2 (markBedsDirty) took 0.0ms
2026-10-01T18:06:18.696Z [EVENT world:unitAdded] #3 (anon_3) took 0.8ms
2026-10-01T18:06:18.696Z [EVENT world:unitAdded] #4 (anon_4) took 0.0ms
2026-10-01T18:06:18.696Z [EVENT world:unitAdded] #5 (anon_5) took 0.0ms
2026-10-01T18:06:18.696Z [EVENT world:unitAdded] #0 (anon_0) took 0.0ms
2026-10-01T18:06:18.697Z [EVENT world:unitAdded] #1 (clearUnitCaches) took 0.0ms
2026-10-01T18:06:18.697Z [EVENT world:unitAdded] #2 (markBedsDirty) took 0.0ms
2026-10-01T18:06:18.698Z [EVENT world:unitAdded] #3 (anon_3) took 0.7ms
2026-10-01T18:06:18.698Z [EVENT world:unitAdded] #4 (anon_4) took 0.0ms
2026-10-01T18:06:18.698Z [EVENT world:unitAdded] #5 (anon_5) took 0.0ms
2026-10-01T18:06:18.698Z [EVENT world:unitAdded] #0 (anon_0) took 0.0ms
2026-10-01T18:06:18.699Z [EVENT world:unitAdded] #1 (clearUnitCaches) took 0.0ms
2026-10-01T18:06:18.699Z [EVENT world:unitAdded] #2 (markBedsDirty) took 0.0ms
2026-10-01T18:06:18.699Z [EVENT world:unitAdded] #3 (anon_3) took 0.4ms
2026-10-01T18:06:18.700Z [EVENT world:unitAdded] #4 (anon_4) took 0.0ms
2026-10-01T18:06:18.700Z [EVENT world:unitAdded] #5 (anon_5) took 0.0ms
2026-10-01T18:06:18.700Z [EVENT world:unitAdded] #0 (anon_0) took 0.0ms
2026-10-01T18:06:18.700Z [EVENT world:unitAdded] #1 (clearUnitCaches) took 0.0ms
2026-10-01T18:06:18.700Z [EVENT world:unitAdded] #2 (markBedsDirty) took 0.0ms
2026-10-01T18:06:18.701Z [EVENT world:unitAdded] #3 (anon_3) took 0.7ms
2026-10-01T18:06:18.702Z [EVENT world:unitAdded] #4 (anon_4) took 0.0ms
2026-10-01T18:06:18.702Z [EVENT world:unitAdded] #5 (anon_5) took 0.0ms
2026-10-01T18:06:18.702Z [EVENT world:unitAdded] #0 (anon_0) took 0.0ms
2026-10-01T18:06:18.703Z [EVENT world:unitAdded] #1 (clearUnitCaches) took 0.0ms
2026-10-01T18:06:18.703Z [EVENT world:unitAdded] #2 (markBedsDirty) took 0.0ms
2026-10-01T18:06:18.704Z [EVENT world:unitAdded] #3 (anon_3) took 0.8ms
2026-10-01T18:06:18.704Z [EVENT world:unitAdded] #4 (anon_4) took 0.0ms
2026-10-01T18:06:18.704Z [EVENT world:unitAdded] #5 (anon_5) took 0.0ms
2026-10-01T18:06:18.705Z [EVENT world:unitAdded] #0 (anon_0) took 0.0ms
2026-10-01T18:06:18.705Z [EVENT world:unitAdded] #1 (clearUnitCaches) took 0.0ms
2026-10-01T18:06:18.705Z [EVENT world:unitAdded] #2 (markBedsDirty) took 0.0ms
2026-10-01T18:06:18.706Z [EVENT world:unitAdded] #3 (anon_3) took 0.6ms
2026-10-01T18:06:18.706Z [EVENT world:unitAdded] #4 (anon_4) took 0.0ms
2026-10-01T18:06:18.706Z [EVENT world:unitAdded] #5 (anon_5) took 0.0ms
2026-10-01T18:06:18.707Z [EVENT world:unitAdded] #0 (anon_0) took 0.0ms
2026-10-01T18:06:18.707Z [EVENT world:unitAdded] #1 (clearUnitCaches) took 0.0ms
2026-10-01T18:06:18.707Z [EVENT world:unitAdded] #2 (markBedsDirty) took 0.0ms
2026-10-01T18:06:18.708Z [EVENT world:unitAdded] #3 (anon_3) took 0.9ms
2026-10-01T18:06:18.709Z [EVENT world:unitAdded] #4 (anon_4) took 0.0ms
2026-10-01T18:06:18.709Z [EVENT world:unitAdded] #5 (anon_5) took 0.0ms
2026-10-01T18:06:18.709Z [EVENT world:unitAdded] #0 (anon_0) took 0.0ms
2026-10-01T18:06:18.710Z [EVENT world:unitAdded] #1 (clearUnitCaches) took 0.0ms
2026-10-01T18:06:18.710Z [EVENT world:unitAdded] #2 (markBedsDirty) took 0.0ms
2026-10-01T18:06:18.711Z [EVENT world:unitAdded] #3 (anon_3) took 0.7ms
2026-10-01T18:06:18.711Z [EVENT world:unitAdded] #4 (anon_4) took 0.0ms
2026-10-01T18:06:18.711Z [EVENT world:unitAdded] #5 (anon_5) took 0.0ms
2026-10-01T18:06:18.712Z [EVENT world:unitAdded] #0 (anon_0) took 0.0ms
2026-10-01T18:06:18.712Z [EVENT world:unitAdded] #1 (clearUnitCaches) took 0.0ms
2026-10-01T18:06:18.712Z [EVENT world:unitAdded] #2 (markBedsDirty) took 0.0ms
2026-10-01T18:06:18.713Z [EVENT world:unitAdded] #3 (anon_3) took 0.5ms
2026-10-01T18:06:18.713Z [EVENT world:unitAdded] #4 (anon_4) took 0.0ms
2026-10-01T18:06:18.713Z [EVENT world:unitAdded] #5 (anon_5) took 0.0ms
2026-10-01T18:06:18.714Z [EVENT world:unitAdded] #0 (anon_0) took 0.0ms
2026-10-01T18:06:18.714Z [EVENT world:unitAdded] #1 (clearUnitCaches) took 0.0ms
2026-10-01T18:06:18.715Z [EVENT world:unitAdded] #2 (markBedsDirty) took 0.0ms
2026-10-01T18:06:18.716Z [EVENT world:unitAdded] #3 (anon_3) took 0.8ms
2026-10-01T18:06:18.716Z [EVENT world:unitAdded] #4 (anon_4) took 0.0ms
2026-10-01T18:06:18.716Z [EVENT world:unitAdded] #5 (anon_5) took 0.0ms
2026-10-01T18:06:18.717Z [EVENT world:unitAdded] #0 (anon_0) took 0.0ms
2026-10-01T18:06:18.717Z [EVENT world:unitAdded] #1 (clearUnitCaches) took 0.0ms
2026-10-01T18:06:18.717Z [EVENT world:unitAdded] #2 (markBedsDirty) took 0.0ms
2026-10-01T18:06:18.718Z [EVENT world:unitAdded] #3 (anon_3) took 0.8ms
2026-10-01T18:06:18.718Z [EVENT world:unitAdded] #4 (anon_4) took 0.0ms
2026-10-01T18:06:18.718Z [EVENT world:unitAdded] #5 (anon_5) took 0.0ms
2026-10-01T18:06:18.719Z [EVENT world:unitAdded] #0 (anon_0) took 0.0ms
2026-10-01T18:06:18.719Z [EVENT world:unitAdded] #1 (clearUnitCaches) took 0.0ms
2026-10-01T18:06:18.719Z [EVENT world:unitAdded] #2 (markBedsDirty) took 0.0ms
2026-10-01T18:06:18.720Z [EVENT world:unitAdded] #3 (anon_3) took 0.5ms
2026-10-01T18:06:18.720Z [EVENT world:unitAdded] #4 (anon_4) took 0.0ms
2026-10-01T18:06:18.720Z [EVENT world:unitAdded] #5 (anon_5) took 0.0ms
2026-10-01T18:06:18.721Z [EVENT world:unitAdded] #0 (anon_0) took 0.2ms
2026-10-01T18:06:18.721Z [EVENT world:unitAdded] #1 (clearUnitCaches) took 0.0ms
2026-10-01T18:06:18.721Z [EVENT world:unitAdded] #2 (markBedsDirty) took 0.0ms
2026-10-01T18:06:18.722Z [EVENT world:unitAdded] #3 (anon_3) took 0.5ms
2026-10-01T18:06:18.722Z [EVENT world:unitAdded] #4 (anon_4) took 0.0ms
2026-10-01T18:06:18.722Z [EVENT world:unitAdded] #5 (anon_5) took 0.0ms
2026-10-01T18:06:18.723Z [EVENT world:unitAdded] #0 (anon_0) took 0.0ms
2026-10-01T18:06:18.723Z [EVENT world:unitAdded] #1 (clearUnitCaches) took 0.0ms
2026-10-01T18:06:18.723Z [EVENT world:unitAdded] #2 (markBedsDirty) took 0.0ms
2026-10-01T18:06:18.724Z [EVENT world:unitAdded] #3 (anon_3) took 0.7ms
2026-10-01T18:06:18.724Z [EVENT world:unitAdded] #4 (anon_4) took 0.0ms
2026-10-01T18:06:18.724Z [EVENT world:unitAdded] #5 (anon_5) took 0.0ms
2026-10-01T18:06:18.725Z [EVENT world:unitAdded] #0 (anon_0) took 0.0ms
2026-10-01T18:06:18.725Z [EVENT world:unitAdded] #1 (clearUnitCaches) took 0.0ms
2026-10-01T18:06:18.725Z [EVENT world:unitAdded] #2 (markBedsDirty) took 0.0ms
2026-10-01T18:06:18.726Z [EVENT world:unitAdded] #3 (anon_3) took 0.7ms
2026-10-01T18:06:18.726Z [EVENT world:unitAdded] #4 (anon_4) took 0.0ms
2026-10-01T18:06:18.726Z [EVENT world:unitAdded] #5 (anon_5) took 0.0ms
2026-10-01T18:06:18.727Z [EVENT world:unitAdded] #0 (anon_0) took 0.0ms
2026-10-01T18:06:18.727Z [EVENT world:unitAdded] #1 (clearUnitCaches) took 0.0ms
2026-10-01T18:06:18.727Z [EVENT world:unitAdded] #2 (markBedsDirty) took 0.0ms
2026-10-01T18:06:18.728Z [EVENT world:unitAdded] #3 (anon_3) took 0.5ms
2026-10-01T18:06:18.728Z [EVENT world:unitAdded] #4 (anon_4) took 0.0ms
2026-10-01T18:06:18.728Z [EVENT world:unitAdded] #5 (anon_5) took 0.0ms
2026-10-01T18:06:18.729Z [EVENT world:unitAdded] #0 (anon_0) took 0.0ms
2026-10-01T18:06:18.729Z [EVENT world:unitAdded] #1 (clearUnitCaches) took 0.0ms
2026-10-01T18:06:18.729Z [EVENT world:unitAdded] #2 (markBedsDirty) took 0.0ms
2026-10-01T18:06:18.730Z [EVENT world:unitAdded] #3 (anon_3) took 0.7ms
2026-10-01T18:06:18.730Z [EVENT world:unitAdded] #4 (anon_4) took 0.0ms
2026-10-01T18:06:18.731Z [EVENT world:unitAdded] #5 (anon_5) took 0.0ms
2026-10-01T18:06:18.732Z [EVENT world:unitAdded] #0 (anon_0) took 0.0ms
2026-10-01T18:06:18.733Z [EVENT world:unitAdded] #1 (clearUnitCaches) took 0.0ms
2026-10-01T18:06:18.733Z [EVENT world:unitAdded] #2 (markBedsDirty) took 0.0ms
2026-10-01T18:06:18.734Z [EVENT world:unitAdded] #3 (anon_3) took 0.8ms
2026-10-01T18:06:18.734Z [EVENT world:unitAdded] #4 (anon_4) took 0.0ms
2026-10-01T18:06:18.734Z [EVENT world:unitAdded] #5 (anon_5) took 0.0ms
2026-10-01T18:06:18.735Z [EVENT world:unitAdded] #0 (anon_0) took 0.0ms
2026-10-01T18:06:18.735Z [EVENT world:unitAdded] #1 (clearUnitCaches) took 0.0ms
2026-10-01T18:06:18.735Z [EVENT world:unitAdded] #2 (markBedsDirty) took 0.0ms
2026-10-01T18:06:18.736Z [EVENT world:unitAdded] #3 (anon_3) took 0.5ms
2026-10-01T18:06:18.736Z [EVENT world:unitAdded] #4 (anon_4) took 0.0ms
2026-10-01T18:06:18.736Z [EVENT world:unitAdded] #5 (anon_5) took 0.0ms
2026-10-01T18:06:18.736Z [EVENT world:unitAdded] #0 (anon_0) took 0.0ms
2026-10-01T18:06:18.737Z [EVENT world:unitAdded] #1 (clearUnitCaches) took 0.0ms
2026-10-01T18:06:18.737Z [EVENT world:unitAdded] #2 (markBedsDirty) took 0.0ms
2026-10-01T18:06:18.738Z [EVENT world:unitAdded] #3 (anon_3) took 0.8ms
2026-10-01T18:06:18.738Z [EVENT world:unitAdded] #4 (anon_4) took 0.0ms
2026-10-01T18:06:18.738Z [EVENT world:unitAdded] #5 (anon_5) took 0.0ms
2026-10-01T18:06:18.739Z [EVENT world:unitAdded] #0 (anon_0) took 0.0ms
2026-10-01T18:06:18.739Z [EVENT world:unitAdded] #1 (clearUnitCaches) took 0.0ms
2026-10-01T18:06:18.739Z [EVENT world:unitAdded] #2 (markBedsDirty) took 0.0ms
2026-10-01T18:06:18.740Z [EVENT world:unitAdded] #3 (anon_3) took 1.0ms
2026-10-01T18:06:18.741Z [EVENT world:unitAdded] #4 (anon_4) took 0.0ms
2026-10-01T18:06:18.741Z [EVENT world:unitAdded] #5 (anon_5) took 0.0ms
2026-10-01T18:06:18.741Z [EVENT world:unitAdded] #0 (anon_0) took 0.0ms
2026-10-01T18:06:18.742Z [EVENT world:unitAdded] #1 (clearUnitCaches) took 0.0ms
2026-10-01T18:06:18.742Z [EVENT world:unitAdded] #2 (markBedsDirty) took 0.0ms
2026-10-01T18:06:18.743Z [EVENT world:unitAdded] #3 (anon_3) took 0.5ms
2026-10-01T18:06:18.743Z [EVENT world:unitAdded] #4 (anon_4) took 0.0ms
2026-10-01T18:06:18.743Z [EVENT world:unitAdded] #5 (anon_5) took 0.0ms
2026-10-01T18:06:18.743Z [EVENT world:unitAdded] #0 (anon_0) took 0.0ms
2026-10-01T18:06:18.743Z [EVENT world:unitAdded] #1 (clearUnitCaches) took 0.0ms
2026-10-01T18:06:18.744Z [EVENT world:unitAdded] #2 (markBedsDirty) took 0.0ms
2026-10-01T18:06:18.745Z [EVENT world:unitAdded] #3 (anon_3) took 0.7ms
2026-10-01T18:06:18.745Z [EVENT world:unitAdded] #4 (anon_4) took 0.0ms
2026-10-01T18:06:18.745Z [EVENT world:unitAdded] #5 (anon_5) took 0.0ms
2026-10-01T18:06:18.746Z [EVENT world:unitAdded] #0 (anon_0) took 0.0ms
2026-10-01T18:06:18.746Z [EVENT world:unitAdded] #1 (clearUnitCaches) took 0.0ms
2026-10-01T18:06:18.746Z [EVENT world:unitAdded] #2 (markBedsDirty) took 0.0ms
2026-10-01T18:06:18.747Z [EVENT world:unitAdded] #3 (anon_3) took 0.9ms
2026-10-01T18:06:18.748Z [EVENT world:unitAdded] #4 (anon_4) took 0.0ms
2026-10-01T18:06:18.748Z [EVENT world:unitAdded] #5 (anon_5) took 0.0ms
2026-10-01T18:06:18.748Z [EVENT world:unitAdded] #0 (anon_0) took 0.0ms
2026-10-01T18:06:18.749Z [EVENT world:unitAdded] #1 (clearUnitCaches) took 0.0ms
2026-10-01T18:06:18.749Z [EVENT world:unitAdded] #2 (markBedsDirty) took 0.0ms
2026-10-01T18:06:18.749Z [EVENT world:unitAdded] #3 (anon_3) took 0.5ms
2026-10-01T18:06:18.750Z [EVENT world:unitAdded] #4 (anon_4) took 0.0ms
2026-10-01T18:06:18.750Z [EVENT world:unitAdded] #5 (anon_5) took 0.0ms
2026-10-01T18:06:18.750Z [EVENT world:unitAdded] #0 (anon_0) took 0.0ms
2026-10-01T18:06:18.751Z [EVENT world:unitAdded] #1 (clearUnitCaches) took 0.0ms
2026-10-01T18:06:18.751Z [EVENT world:unitAdded] #2 (markBedsDirty) took 0.0ms
2026-10-01T18:06:18.752Z [EVENT world:unitAdded] #3 (anon_3) took 0.5ms
2026-10-01T18:06:18.752Z [EVENT world:unitAdded] #4 (anon_4) took 0.0ms
2026-10-01T18:06:18.752Z [EVENT world:unitAdded] #5 (anon_5) took 0.0ms
2026-10-01T18:06:18.752Z [EVENT world:unitAdded] #0 (anon_0) took 0.0ms
2026-10-01T18:06:18.753Z [EVENT world:unitAdded] #1 (clearUnitCaches) took 0.0ms
2026-10-01T18:06:18.753Z [EVENT world:unitAdded] #2 (markBedsDirty) took 0.0ms
2026-10-01T18:06:18.754Z [EVENT world:unitAdded] #3 (anon_3) took 0.8ms
2026-10-01T18:06:18.754Z [EVENT world:unitAdded] #4 (anon_4) took 0.0ms
2026-10-01T18:06:18.754Z [EVENT world:unitAdded] #5 (anon_5) took 0.0ms
2026-10-01T18:06:18.755Z [EVENT world:unitAdded] #0 (anon_0) took 0.0ms
2026-10-01T18:06:18.755Z [EVENT world:unitAdded] #1 (clearUnitCaches) took 0.0ms
2026-10-01T18:06:18.755Z [EVENT world:unitAdded] #2 (markBedsDirty) took 0.0ms
2026-10-01T18:06:18.756Z [EVENT world:unitAdded] #3 (anon_3) took 0.6ms
2026-10-01T18:06:18.756Z [EVENT world:unitAdded] #4 (anon_4) took 0.0ms
2026-10-01T18:06:18.757Z [EVENT world:unitAdded] #5 (anon_5) took 0.0ms
2026-10-01T18:06:18.757Z [EVENT world:unitAdded] #0 (anon_0) took 0.0ms
2026-10-01T18:06:18.757Z [EVENT world:unitAdded] #1 (clearUnitCaches) took 0.0ms
2026-10-01T18:06:18.758Z [EVENT world:unitAdded] #2 (markBedsDirty) took 0.0ms
2026-10-01T18:06:18.758Z [EVENT world:unitAdded] #3 (anon_3) took 0.6ms
2026-10-01T18:06:18.759Z [EVENT world:unitAdded] #4 (anon_4) took 0.0ms
2026-10-01T18:06:18.759Z [EVENT world:unitAdded] #5 (anon_5) took 0.0ms
2026-10-01T18:06:18.760Z [EVENT world:unitAdded] #0 (anon_0) took 0.0ms
2026-10-01T18:06:18.760Z [EVENT world:unitAdded] #1 (clearUnitCaches) took 0.0ms
2026-10-01T18:06:18.760Z [EVENT world:unitAdded] #2 (markBedsDirty) took 0.0ms
2026-10-01T18:06:18.761Z [EVENT world:unitAdded] #3 (anon_3) took 0.9ms
2026-10-01T18:06:18.761Z [EVENT world:unitAdded] #4 (anon_4) took 0.0ms
2026-10-01T18:06:18.762Z [EVENT world:unitAdded] #5 (anon_5) took 0.0ms
2026-10-01T18:06:18.762Z [EVENT world:unitAdded] #0 (anon_0) took 0.0ms
2026-10-01T18:06:18.762Z [EVENT world:unitAdded] #1 (clearUnitCaches) took 0.0ms
2026-10-01T18:06:18.763Z [EVENT world:unitAdded] #2 (markBedsDirty) took 0.0ms
2026-10-01T18:06:18.763Z [EVENT world:unitAdded] #3 (anon_3) took 0.5ms
2026-10-01T18:06:18.764Z [EVENT world:unitAdded] #4 (anon_4) took 0.0ms
2026-10-01T18:06:18.764Z [EVENT world:unitAdded] #5 (anon_5) took 0.0ms
2026-10-01T18:06:18.764Z [EVENT world:unitAdded] #0 (anon_0) took 0.0ms
2026-10-01T18:06:18.764Z [EVENT world:unitAdded] #1 (clearUnitCaches) took 0.0ms
2026-10-01T18:06:18.765Z [EVENT world:unitAdded] #2 (markBedsDirty) took 0.0ms
2026-10-01T18:06:18.765Z [EVENT world:unitAdded] #3 (anon_3) took 0.6ms
2026-10-01T18:06:18.766Z [EVENT world:unitAdded] #4 (anon_4) took 0.0ms
2026-10-01T18:06:18.766Z [EVENT world:unitAdded] #5 (anon_5) took 0.0ms
2026-10-01T18:06:18.767Z [EVENT world:unitAdded] #0 (anon_0) took 0.0ms
2026-10-01T18:06:18.767Z [EVENT world:unitAdded] #1 (clearUnitCaches) took 0.0ms
2026-10-01T18:06:18.767Z [EVENT world:unitAdded] #2 (markBedsDirty) took 0.0ms
2026-10-01T18:06:18.768Z [EVENT world:unitAdded] #3 (anon_3) took 0.5ms
2026-10-01T18:06:18.768Z [EVENT world:unitAdded] #4 (anon_4) took 0.0ms
2026-10-01T18:06:18.768Z [EVENT world:unitAdded] #5 (anon_5) took 0.0ms
2026-10-01T18:06:18.769Z [EVENT world:unitAdded] #0 (anon_0) took 0.0ms
2026-10-01T18:06:18.769Z [EVENT world:unitAdded] #1 (clearUnitCaches) took 0.0ms
2026-10-01T18:06:18.769Z [EVENT world:unitAdded] #2 (markBedsDirty) took 0.0ms
2026-10-01T18:06:18.770Z [EVENT world:unitAdded] #3 (anon_3) took 0.5ms
2026-10-01T18:06:18.770Z [EVENT world:unitAdded] #4 (anon_4) took 0.0ms
2026-10-01T18:06:18.770Z [EVENT world:unitAdded] #5 (anon_5) took 0.0ms
2026-10-01T18:06:18.771Z [EVENT world:unitAdded] #0 (anon_0) took 0.0ms
2026-10-01T18:06:18.771Z [EVENT world:unitAdded] #1 (clearUnitCaches) took 0.0ms
2026-10-01T18:06:18.771Z [EVENT world:unitAdded] #2 (markBedsDirty) took 0.0ms
2026-10-01T18:06:18.772Z [EVENT world:unitAdded] #3 (anon_3) took 0.7ms
2026-10-01T18:06:18.772Z [EVENT world:unitAdded] #4 (anon_4) took 0.0ms
2026-10-01T18:06:18.772Z [EVENT world:unitAdded] #5 (anon_5) took 0.0ms
2026-10-01T18:06:18.773Z [EVENT world:unitAdded] #0 (anon_0) took 0.0ms
2026-10-01T18:06:18.773Z [EVENT world:unitAdded] #1 (clearUnitCaches) took 0.0ms
2026-10-01T18:06:18.773Z [EVENT world:unitAdded] #2 (markBedsDirty) took 0.0ms
2026-10-01T18:06:18.774Z [EVENT world:unitAdded] #3 (anon_3) took 0.5ms
2026-10-01T18:06:18.774Z [EVENT world:unitAdded] #4 (anon_4) took 0.0ms
2026-10-01T18:06:18.774Z [EVENT world:unitAdded] #5 (anon_5) took 0.0ms
2026-10-01T18:06:18.775Z [EVENT world:unitAdded] #0 (anon_0) took 0.0ms
2026-10-01T18:06:18.775Z [EVENT world:unitAdded] #1 (clearUnitCaches) took 0.0ms
2026-10-01T18:06:18.775Z [EVENT world:unitAdded] #2 (markBedsDirty) took 0.0ms
2026-10-01T18:06:18.776Z [EVENT world:unitAdded] #3 (anon_3) took 0.5ms
2026-10-01T18:06:18.776Z [EVENT world:unitAdded] #4 (anon_4) took 0.0ms
2026-10-01T18:06:18.776Z [EVENT world:unitAdded] #5 (anon_5) took 0.0ms
2026-10-01T18:06:18.777Z [EVENT world:unitAdded] #0 (anon_0) took 0.0ms
2026-10-01T18:06:18.777Z [EVENT world:unitAdded] #1 (clearUnitCaches) took 0.0ms
2026-10-01T18:06:18.777Z [EVENT world:unitAdded] #2 (markBedsDirty) took 0.0ms
2026-10-01T18:06:18.778Z [EVENT world:unitAdded] #3 (anon_3) took 0.7ms
2026-10-01T18:06:18.778Z [EVENT world:unitAdded] #4 (anon_4) took 0.0ms
2026-10-01T18:06:18.778Z [EVENT world:unitAdded] #5 (anon_5) took 0.0ms
2026-10-01T18:06:18.779Z [EVENT world:unitAdded] #0 (anon_0) took 0.0ms
2026-10-01T18:06:18.779Z [EVENT world:unitAdded] #1 (clearUnitCaches) took 0.0ms
2026-10-01T18:06:18.779Z [EVENT world:unitAdded] #2 (markBedsDirty) took 0.0ms
2026-10-01T18:06:18.780Z [EVENT world:unitAdded] #3 (anon_3) took 0.5ms
2026-10-01T18:06:18.780Z [EVENT world:unitAdded] #4 (anon_4) took 0.0ms
2026-10-01T18:06:18.780Z [EVENT world:unitAdded] #5 (anon_5) took 0.0ms
2026-10-01T18:06:18.781Z [EVENT world:unitAdded] #0 (anon_0) took 0.0ms
2026-10-01T18:06:18.781Z [EVENT world:unitAdded] #1 (clearUnitCaches) took 0.0ms
2026-10-01T18:06:18.781Z [EVENT world:unitAdded] #2 (markBedsDirty) took 0.0ms
2026-10-01T18:06:18.782Z [EVENT world:unitAdded] #3 (anon_3) took 0.6ms
2026-10-01T18:06:18.782Z [EVENT world:unitAdded] #4 (anon_4) took 0.0ms
2026-10-01T18:06:18.782Z [EVENT world:unitAdded] #5 (anon_5) took 0.0ms
2026-10-01T18:06:18.783Z [EVENT world:unitAdded] #0 (anon_0) took 0.0ms
2026-10-01T18:06:18.783Z [EVENT world:unitAdded] #1 (clearUnitCaches) took 0.0ms
2026-10-01T18:06:18.783Z [EVENT world:unitAdded] #2 (markBedsDirty) took 0.0ms
2026-10-01T18:06:18.784Z [EVENT world:unitAdded] #3 (anon_3) took 0.8ms
2026-10-01T18:06:18.784Z [EVENT world:unitAdded] #4 (anon_4) took 0.0ms
2026-10-01T18:06:18.784Z [EVENT world:unitAdded] #5 (anon_5) took 0.0ms
2026-10-01T18:06:18.785Z [EVENT world:unitAdded] #0 (anon_0) took 0.0ms
2026-10-01T18:06:18.785Z [EVENT world:unitAdded] #1 (clearUnitCaches) took 0.0ms
2026-10-01T18:06:18.785Z [EVENT world:unitAdded] #2 (markBedsDirty) took 0.0ms
2026-10-01T18:06:18.786Z [EVENT world:unitAdded] #3 (anon_3) took 0.6ms
2026-10-01T18:06:18.786Z [EVENT world:unitAdded] #4 (anon_4) took 0.0ms
2026-10-01T18:06:18.786Z [EVENT world:unitAdded] #5 (anon_5) took 0.0ms
2026-10-01T18:06:18.787Z [EVENT world:unitAdded] #0 (anon_0) took 0.0ms
2026-10-01T18:06:18.787Z [EVENT world:unitAdded] #1 (clearUnitCaches) took 0.0ms
2026-10-01T18:06:18.787Z [EVENT world:unitAdded] #2 (markBedsDirty) took 0.0ms
2026-10-01T18:06:18.788Z [EVENT world:unitAdded] #3 (anon_3) took 0.5ms
2026-10-01T18:06:18.788Z [EVENT world:unitAdded] #4 (anon_4) took 0.0ms
2026-10-01T18:06:18.788Z [EVENT world:unitAdded] #5 (anon_5) took 0.0ms
2026-10-01T18:06:18.789Z [EVENT world:unitAdded] #0 (anon_0) took 0.0ms
2026-10-01T18:06:18.789Z [EVENT world:unitAdded] #1 (clearUnitCaches) took 0.0ms
2026-10-01T18:06:18.789Z [EVENT world:unitAdded] #2 (markBedsDirty) took 0.0ms
2026-10-01T18:06:18.790Z [EVENT world:unitAdded] #3 (anon_3) took 0.8ms
2026-10-01T18:06:18.790Z [EVENT world:unitAdded] #4 (anon_4) took 0.0ms
2026-10-01T18:06:18.790Z [EVENT world:unitAdded] #5 (anon_5) took 0.0ms
2026-10-01T18:06:18.791Z [EVENT world:unitAdded] #0 (anon_0) took 0.0ms
2026-10-01T18:06:18.791Z [EVENT world:unitAdded] #1 (clearUnitCaches) took 0.0ms
2026-10-01T18:06:18.791Z [EVENT world:unitAdded] #2 (markBedsDirty) took 0.0ms
2026-10-01T18:06:18.792Z [EVENT world:unitAdded] #3 (anon_3) took 0.5ms
2026-10-01T18:06:18.792Z [EVENT world:unitAdded] #4 (anon_4) took 0.0ms
2026-10-01T18:06:18.792Z [EVENT world:unitAdded] #5 (anon_5) took 0.0ms
2026-10-01T18:06:18.793Z [EVENT world:unitAdded] #0 (anon_0) took 0.0ms
2026-10-01T18:06:18.793Z [EVENT world:unitAdded] #1 (clearUnitCaches) took 0.0ms
2026-10-01T18:06:18.793Z [EVENT world:unitAdded] #2 (markBedsDirty) took 0.0ms
2026-10-01T18:06:18.794Z [EVENT world:unitAdded] #3 (anon_3) took 0.5ms
2026-10-01T18:06:18.794Z [EVENT world:unitAdded] #4 (anon_4) took 0.0ms
2026-10-01T18:06:18.794Z [EVENT world:unitAdded] #5 (anon_5) took 0.0ms
2026-10-01T18:06:18.794Z [EVENT world:unitAdded] #0 (anon_0) took 0.0ms
2026-10-01T18:06:18.795Z [EVENT world:unitAdded] #1 (clearUnitCaches) took 0.0ms
2026-10-01T18:06:18.795Z [EVENT world:unitAdded] #2 (markBedsDirty) took 0.0ms
2026-10-01T18:06:18.796Z [EVENT world:unitAdded] #3 (anon_3) took 0.8ms
2026-10-01T18:06:18.796Z [EVENT world:unitAdded] #4 (anon_4) took 0.0ms
2026-10-01T18:06:18.796Z [EVENT world:unitAdded] #5 (anon_5) took 0.0ms
2026-10-01T18:06:18.797Z [EVENT world:unitAdded] #0 (anon_0) took 0.0ms
2026-10-01T18:06:18.797Z [EVENT world:unitAdded] #1 (clearUnitCaches) took 0.0ms
2026-10-01T18:06:18.797Z [EVENT world:unitAdded] #2 (markBedsDirty) took 0.0ms
2026-10-01T18:06:18.798Z [EVENT world:unitAdded] #3 (anon_3) took 0.6ms
2026-10-01T18:06:18.798Z [EVENT world:unitAdded] #4 (anon_4) took 0.0ms
2026-10-01T18:06:18.798Z [EVENT world:unitAdded] #5 (anon_5) took 0.0ms
2026-10-01T18:06:18.799Z [EVENT world:unitAdded] #0 (anon_0) took 0.0ms
2026-10-01T18:06:18.799Z [EVENT world:unitAdded] #1 (clearUnitCaches) took 0.0ms
2026-10-01T18:06:18.799Z [EVENT world:unitAdded] #2 (markBedsDirty) took 0.0ms
2026-10-01T18:06:18.800Z [EVENT world:unitAdded] #3 (anon_3) took 0.7ms
2026-10-01T18:06:18.801Z [EVENT world:unitAdded] #4 (anon_4) took 0.0ms
2026-10-01T18:06:18.801Z [EVENT world:unitAdded] #5 (anon_5) took 0.0ms
2026-10-01T18:06:18.801Z [EVENT world:unitAdded] #0 (anon_0) took 0.0ms
2026-10-01T18:06:18.802Z [EVENT world:unitAdded] #1 (clearUnitCaches) took 0.0ms
2026-10-01T18:06:18.802Z [EVENT world:unitAdded] #2 (markBedsDirty) took 0.0ms
2026-10-01T18:06:18.803Z [EVENT world:unitAdded] #3 (anon_3) took 0.8ms
2026-10-01T18:06:18.803Z [EVENT world:unitAdded] #4 (anon_4) took 0.0ms
2026-10-01T18:06:18.803Z [EVENT world:unitAdded] #5 (anon_5) took 0.0ms
2026-10-01T18:06:18.804Z [EVENT world:unitAdded] #0 (anon_0) took 0.0ms
2026-10-01T18:06:18.804Z [EVENT world:unitAdded] #1 (clearUnitCaches) took 0.0ms
2026-10-01T18:06:18.804Z [EVENT world:unitAdded] #2 (markBedsDirty) took 0.0ms
2026-10-01T18:06:18.805Z [EVENT world:unitAdded] #3 (anon_3) took 0.6ms
2026-10-01T18:06:18.805Z [EVENT world:unitAdded] #4 (anon_4) took 0.0ms
2026-10-01T18:06:18.806Z [EVENT world:unitAdded] #5 (anon_5) took 0.0ms
2026-10-01T18:06:18.806Z [EVENT world:unitAdded] #0 (anon_0) took 0.0ms
2026-10-01T18:06:18.806Z [EVENT world:unitAdded] #1 (clearUnitCaches) took 0.0ms
2026-10-01T18:06:18.806Z [EVENT world:unitAdded] #2 (markBedsDirty) took 0.0ms
2026-10-01T18:06:18.807Z [EVENT world:unitAdded] #3 (anon_3) took 0.5ms
2026-10-01T18:06:18.807Z [EVENT world:unitAdded] #4 (anon_4) took 0.0ms
2026-10-01T18:06:18.807Z [EVENT world:unitAdded] #5 (anon_5) took 0.0ms
2026-10-01T18:06:18.808Z [EVENT world:unitAdded] #0 (anon_0) took 0.0ms
2026-10-01T18:06:18.808Z [EVENT world:unitAdded] #1 (clearUnitCaches) took 0.0ms
2026-10-01T18:06:18.809Z [EVENT world:unitAdded] #2 (markBedsDirty) took 0.0ms
2026-10-01T18:06:18.809Z [EVENT world:unitAdded] #3 (anon_3) took 0.5ms
2026-10-01T18:06:18.809Z [EVENT world:unitAdded] #4 (anon_4) took 0.0ms
2026-10-01T18:06:18.810Z [EVENT world:unitAdded] #5 (anon_5) took 0.0ms
2026-10-01T18:06:18.810Z [EVENT world:unitAdded] #0 (anon_0) took 0.0ms
2026-10-01T18:06:18.810Z [EVENT world:unitAdded] #1 (clearUnitCaches) took 0.0ms
2026-10-01T18:06:18.811Z [EVENT world:unitAdded] #2 (markBedsDirty) took 0.0ms
2026-10-01T18:06:18.812Z [EVENT world:unitAdded] #3 (anon_3) took 0.5ms
2026-10-01T18:06:18.812Z [EVENT world:unitAdded] #4 (anon_4) took 0.0ms
2026-10-01T18:06:18.812Z [EVENT world:unitAdded] #5 (anon_5) took 0.0ms
2026-10-01T18:06:18.813Z [EVENT world:unitAdded] #0 (anon_0) took 0.0ms
2026-10-01T18:06:18.813Z [EVENT world:unitAdded] #1 (clearUnitCaches) took 0.0ms
2026-10-01T18:06:18.813Z [EVENT world:unitAdded] #2 (markBedsDirty) took 0.0ms
2026-10-01T18:06:18.814Z [EVENT world:unitAdded] #3 (anon_3) took 0.9ms
2026-10-01T18:06:18.815Z [EVENT world:unitAdded] #4 (anon_4) took 0.0ms
2026-10-01T18:06:18.815Z [EVENT world:unitAdded] #5 (anon_5) took 0.0ms
2026-10-01T18:06:18.816Z [EVENT world:unitAdded] #0 (anon_0) took 0.0ms
2026-10-01T18:06:18.816Z [EVENT world:unitAdded] #1 (clearUnitCaches) took 0.0ms
2026-10-01T18:06:18.816Z [EVENT world:unitAdded] #2 (markBedsDirty) took 0.0ms
2026-10-01T18:06:18.817Z [EVENT world:unitAdded] #3 (anon_3) took 0.5ms
2026-10-01T18:06:18.817Z [EVENT world:unitAdded] #4 (anon_4) took 0.0ms
2026-10-01T18:06:18.817Z [EVENT world:unitAdded] #5 (anon_5) took 0.0ms
2026-10-01T18:06:18.818Z [EVENT world:unitAdded] #0 (anon_0) took 0.0ms
2026-10-01T18:06:18.818Z [EVENT world:unitAdded] #1 (clearUnitCaches) took 0.0ms
2026-10-01T18:06:18.818Z [EVENT world:unitAdded] #2 (markBedsDirty) took 0.0ms
2026-10-01T18:06:18.819Z [EVENT world:unitAdded] #3 (anon_3) took 0.5ms
2026-10-01T18:06:18.819Z [EVENT world:unitAdded] #4 (anon_4) took 0.0ms
2026-10-01T18:06:18.819Z [EVENT world:unitAdded] #5 (anon_5) took 0.0ms
2026-10-01T18:06:18.819Z [EVENT world:unitAdded] #0 (anon_0) took 0.0ms
2026-10-01T18:06:18.820Z [EVENT world:unitAdded] #1 (clearUnitCaches) took 0.0ms
2026-10-01T18:06:18.820Z [EVENT world:unitAdded] #2 (markBedsDirty) took 0.0ms
2026-10-01T18:06:18.821Z [EVENT world:unitAdded] #3 (anon_3) took 0.9ms
2026-10-01T18:06:18.821Z [EVENT world:unitAdded] #4 (anon_4) took 0.0ms
2026-10-01T18:06:18.821Z [EVENT world:unitAdded] #5 (anon_5) took 0.0ms
2026-10-01T18:06:18.822Z [EVENT world:unitAdded] #0 (anon_0) took 0.0ms
2026-10-01T18:06:18.822Z [EVENT world:unitAdded] #1 (clearUnitCaches) took 0.0ms
2026-10-01T18:06:18.822Z [EVENT world:unitAdded] #2 (markBedsDirty) took 0.0ms
2026-10-01T18:06:18.823Z [EVENT world:unitAdded] #3 (anon_3) took 0.5ms
2026-10-01T18:06:18.823Z [EVENT world:unitAdded] #4 (anon_4) took 0.0ms
2026-10-01T18:06:18.823Z [EVENT world:unitAdded] #5 (anon_5) took 0.0ms
2026-10-01T18:06:18.824Z [EVENT world:unitAdded] #0 (anon_0) took 0.0ms
2026-10-01T18:06:18.824Z [EVENT world:unitAdded] #1 (clearUnitCaches) took 0.0ms
2026-10-01T18:06:18.824Z [EVENT world:unitAdded] #2 (markBedsDirty) took 0.0ms
2026-10-01T18:06:18.824Z [EVENT world:unitAdded] #3 (anon_3) took 0.4ms
2026-10-01T18:06:18.825Z [EVENT world:unitAdded] #4 (anon_4) took 0.0ms
2026-10-01T18:06:18.825Z [EVENT world:unitAdded] #5 (anon_5) took 0.0ms
2026-10-01T18:06:18.825Z [EVENT world:unitAdded] #0 (anon_0) took 0.0ms
2026-10-01T18:06:18.825Z [EVENT world:unitAdded] #1 (clearUnitCaches) took 0.0ms
2026-10-01T18:06:18.825Z [EVENT world:unitAdded] #2 (markBedsDirty) took 0.0ms
2026-10-01T18:06:18.826Z [EVENT world:unitAdded] #3 (anon_3) took 0.8ms
2026-10-01T18:06:18.827Z [EVENT world:unitAdded] #4 (anon_4) took 0.0ms
2026-10-01T18:06:18.827Z [EVENT world:unitAdded] #5 (anon_5) took 0.0ms
2026-10-01T18:06:18.827Z [EVENT world:unitAdded] #0 (anon_0) took 0.0ms
2026-10-01T18:06:18.828Z [EVENT world:unitAdded] #1 (clearUnitCaches) took 0.0ms
2026-10-01T18:06:18.828Z [EVENT world:unitAdded] #2 (markBedsDirty) took 0.0ms
2026-10-01T18:06:18.828Z [EVENT world:unitAdded] #3 (anon_3) took 0.5ms
2026-10-01T18:06:18.829Z [EVENT world:unitAdded] #4 (anon_4) took 0.0ms
2026-10-01T18:06:18.829Z [EVENT world:unitAdded] #5 (anon_5) took 0.0ms
2026-10-01T18:06:18.829Z [EVENT world:unitAdded] #0 (anon_0) took 0.0ms
2026-10-01T18:06:18.829Z [EVENT world:unitAdded] #1 (clearUnitCaches) took 0.0ms
2026-10-01T18:06:18.830Z [EVENT world:unitAdded] #2 (markBedsDirty) took 0.0ms
2026-10-01T18:06:18.830Z [EVENT world:unitAdded] #3 (anon_3) took 0.5ms
2026-10-01T18:06:18.830Z [EVENT world:unitAdded] #4 (anon_4) took 0.0ms
2026-10-01T18:06:18.831Z [EVENT world:unitAdded] #5 (anon_5) took 0.0ms
2026-10-01T18:06:18.831Z [EVENT world:unitAdded] #0 (anon_0) took 0.0ms
2026-10-01T18:06:18.831Z [EVENT world:unitAdded] #1 (clearUnitCaches) took 0.0ms
2026-10-01T18:06:18.831Z [EVENT world:unitAdded] #2 (markBedsDirty) took 0.0ms
2026-10-01T18:06:18.832Z [EVENT world:unitAdded] #3 (anon_3) took 0.8ms
2026-10-01T18:06:18.833Z [EVENT world:unitAdded] #4 (anon_4) took 0.0ms
2026-10-01T18:06:18.833Z [EVENT world:unitAdded] #5 (anon_5) took 0.0ms
2026-10-01T18:06:18.833Z [EVENT world:unitAdded] #0 (anon_0) took 0.0ms
2026-10-01T18:06:18.833Z [EVENT world:unitAdded] #1 (clearUnitCaches) took 0.0ms
2026-10-01T18:06:18.833Z [EVENT world:unitAdded] #2 (markBedsDirty) took 0.0ms
2026-10-01T18:06:18.834Z [EVENT world:unitAdded] #3 (anon_3) took 0.5ms
2026-10-01T18:06:18.834Z [EVENT world:unitAdded] #4 (anon_4) took 0.0ms
2026-10-01T18:06:18.834Z [EVENT world:unitAdded] #5 (anon_5) took 0.0ms
2026-10-01T18:06:18.835Z [EVENT world:unitAdded] #0 (anon_0) took 0.0ms
2026-10-01T18:06:18.835Z [EVENT world:unitAdded] #1 (clearUnitCaches) took 0.0ms
2026-10-01T18:06:18.835Z [EVENT world:unitAdded] #2 (markBedsDirty) took 0.0ms
2026-10-01T18:06:18.836Z [EVENT world:unitAdded] #3 (anon_3) took 0.5ms
2026-10-01T18:06:18.836Z [EVENT world:unitAdded] #4 (anon_4) took 0.0ms
2026-10-01T18:06:18.836Z [EVENT world:unitAdded] #5 (anon_5) took 0.0ms
2026-10-01T18:06:18.836Z [EVENT world:unitAdded] #0 (anon_0) took 0.0ms
2026-10-01T18:06:18.837Z [EVENT world:unitAdded] #1 (clearUnitCaches) took 0.0ms
2026-10-01T18:06:18.837Z [EVENT world:unitAdded] #2 (markBedsDirty) took 0.0ms
2026-10-01T18:06:18.838Z [EVENT world:unitAdded] #3 (anon_3) took 0.8ms
2026-10-01T18:06:18.838Z [EVENT world:unitAdded] #4 (anon_4) took 0.0ms
2026-10-01T18:06:18.838Z [EVENT world:unitAdded] #5 (anon_5) took 0.0ms
2026-10-01T18:06:18.839Z [EVENT world:unitAdded] #0 (anon_0) took 0.0ms
2026-10-01T18:06:18.839Z [EVENT world:unitAdded] #1 (clearUnitCaches) took 0.0ms
2026-10-01T18:06:18.840Z [EVENT world:unitAdded] #2 (markBedsDirty) took 0.0ms
2026-10-01T18:06:18.841Z [EVENT world:unitAdded] #3 (anon_3) took 0.6ms
2026-10-01T18:06:18.841Z [EVENT world:unitAdded] #4 (anon_4) took 0.0ms
2026-10-01T18:06:18.841Z [EVENT world:unitAdded] #5 (anon_5) took 0.0ms
2026-10-01T18:06:18.842Z [EVENT world:unitAdded] #0 (anon_0) took 0.0ms
2026-10-01T18:06:18.842Z [EVENT world:unitAdded] #1 (clearUnitCaches) took 0.0ms
2026-10-01T18:06:18.842Z [EVENT world:unitAdded] #2 (markBedsDirty) took 0.0ms
2026-10-01T18:06:18.843Z [EVENT world:unitAdded] #3 (anon_3) took 0.5ms
2026-10-01T18:06:18.843Z [EVENT world:unitAdded] #4 (anon_4) took 0.0ms
2026-10-01T18:06:18.843Z [EVENT world:unitAdded] #5 (anon_5) took 0.0ms
2026-10-01T18:06:18.844Z [EVENT world:unitAdded] #0 (anon_0) took 0.0ms
2026-10-01T18:06:18.844Z [EVENT world:unitAdded] #1 (clearUnitCaches) took 0.0ms
2026-10-01T18:06:18.844Z [EVENT world:unitAdded] #2 (markBedsDirty) took 0.0ms
2026-10-01T18:06:18.845Z [EVENT world:unitAdded] #3 (anon_3) took 0.8ms
2026-10-01T18:06:18.845Z [EVENT world:unitAdded] #4 (anon_4) took 0.0ms
2026-10-01T18:06:18.845Z [EVENT world:unitAdded] #5 (anon_5) took 0.0ms
2026-10-01T18:06:18.846Z [EVENT world:unitAdded] #0 (anon_0) took 0.0ms
2026-10-01T18:06:18.846Z [EVENT world:unitAdded] #1 (clearUnitCaches) took 0.0ms
2026-10-01T18:06:18.846Z [EVENT world:unitAdded] #2 (markBedsDirty) took 0.0ms
2026-10-01T18:06:18.847Z [EVENT world:unitAdded] #3 (anon_3) took 0.5ms
2026-10-01T18:06:18.847Z [EVENT world:unitAdded] #4 (anon_4) took 0.0ms
2026-10-01T18:06:18.847Z [EVENT world:unitAdded] #5 (anon_5) took 0.0ms
2026-10-01T18:06:18.847Z [EVENT world:unitAdded] #0 (anon_0) took 0.0ms
2026-10-01T18:06:18.847Z [EVENT world:unitAdded] #1 (clearUnitCaches) took 0.0ms
2026-10-01T18:06:18.848Z [EVENT world:unitAdded] #2 (markBedsDirty) took 0.0ms
2026-10-01T18:06:18.848Z [EVENT world:unitAdded] #3 (anon_3) took 0.4ms
2026-10-01T18:06:18.848Z [EVENT world:unitAdded] #4 (anon_4) took 0.0ms
2026-10-01T18:06:18.849Z [EVENT world:unitAdded] #5 (anon_5) took 0.0ms
2026-10-01T18:06:18.849Z [EVENT world:unitAdded] #0 (anon_0) took 0.0ms
2026-10-01T18:06:18.849Z [EVENT world:unitAdded] #1 (clearUnitCaches) took 0.0ms
2026-10-01T18:06:18.849Z [EVENT world:unitAdded] #2 (markBedsDirty) took 0.0ms
2026-10-01T18:06:18.850Z [EVENT world:unitAdded] #3 (anon_3) took 0.7ms
2026-10-01T18:06:18.851Z [EVENT world:unitAdded] #4 (anon_4) took 0.0ms
2026-10-01T18:06:18.851Z [EVENT world:unitAdded] #5 (anon_5) took 0.0ms
2026-10-01T18:06:18.851Z [EVENT world:unitAdded] #0 (anon_0) took 0.0ms
2026-10-01T18:06:18.851Z [EVENT world:unitAdded] #1 (clearUnitCaches) took 0.0ms
2026-10-01T18:06:18.851Z [EVENT world:unitAdded] #2 (markBedsDirty) took 0.0ms
2026-10-01T18:06:18.852Z [EVENT world:unitAdded] #3 (anon_3) took 0.5ms
2026-10-01T18:06:18.853Z [EVENT world:unitAdded] #4 (anon_4) took 0.0ms
2026-10-01T18:06:18.853Z [EVENT world:unitAdded] #5 (anon_5) took 0.0ms
2026-10-01T18:06:18.853Z [EVENT world:unitAdded] #0 (anon_0) took 0.0ms
2026-10-01T18:06:18.853Z [EVENT world:unitAdded] #1 (clearUnitCaches) took 0.0ms
2026-10-01T18:06:18.854Z [EVENT world:unitAdded] #2 (markBedsDirty) took 0.0ms
2026-10-01T18:06:18.855Z [EVENT world:unitAdded] #3 (anon_3) took 1.3ms
2026-10-01T18:06:18.856Z [EVENT world:unitAdded] #4 (anon_4) took 0.0ms
2026-10-01T18:06:18.856Z [EVENT world:unitAdded] #5 (anon_5) took 0.0ms
2026-10-01T18:06:18.856Z [EVENT world:unitAdded] #0 (anon_0) took 0.0ms
2026-10-01T18:06:18.857Z [EVENT world:unitAdded] #1 (clearUnitCaches) took 0.0ms
2026-10-01T18:06:18.857Z [EVENT world:unitAdded] #2 (markBedsDirty) took 0.0ms
2026-10-01T18:06:18.858Z [EVENT world:unitAdded] #3 (anon_3) took 0.5ms
2026-10-01T18:06:18.858Z [EVENT world:unitAdded] #4 (anon_4) took 0.0ms
2026-10-01T18:06:18.858Z [EVENT world:unitAdded] #5 (anon_5) took 0.0ms
2026-10-01T18:06:18.858Z [EVENT world:unitAdded] #0 (anon_0) took 0.0ms
2026-10-01T18:06:18.858Z [EVENT world:unitAdded] #1 (clearUnitCaches) took 0.0ms
2026-10-01T18:06:18.859Z [EVENT world:unitAdded] #2 (markBedsDirty) took 0.0ms
2026-10-01T18:06:18.859Z [EVENT world:unitAdded] #3 (anon_3) took 0.5ms
2026-10-01T18:06:18.859Z [EVENT world:unitAdded] #4 (anon_4) took 0.0ms
2026-10-01T18:06:18.860Z [EVENT world:unitAdded] #5 (anon_5) took 0.0ms
2026-10-01T18:06:18.860Z [EVENT world:unitAdded] #0 (anon_0) took 0.0ms
2026-10-01T18:06:18.860Z [EVENT world:unitAdded] #1 (clearUnitCaches) took 0.0ms
2026-10-01T18:06:18.860Z [EVENT world:unitAdded] #2 (markBedsDirty) took 0.0ms
2026-10-01T18:06:18.861Z [EVENT world:unitAdded] #3 (anon_3) took 0.7ms
2026-10-01T18:06:18.861Z [EVENT world:unitAdded] #4 (anon_4) took 0.0ms
2026-10-01T18:06:18.862Z [EVENT world:unitAdded] #5 (anon_5) took 0.0ms
2026-10-01T18:06:18.862Z [EVENT world:unitAdded] #0 (anon_0) took 0.0ms
2026-10-01T18:06:18.862Z [EVENT world:unitAdded] #1 (clearUnitCaches) took 0.0ms
2026-10-01T18:06:18.862Z [EVENT world:unitAdded] #2 (markBedsDirty) took 0.0ms
2026-10-01T18:06:18.863Z [EVENT world:unitAdded] #3 (anon_3) took 0.5ms
2026-10-01T18:06:18.863Z [EVENT world:unitAdded] #4 (anon_4) took 0.0ms
2026-10-01T18:06:18.863Z [EVENT world:unitAdded] #5 (anon_5) took 0.0ms
2026-10-01T18:06:18.864Z [EVENT world:unitAdded] #0 (anon_0) took 0.0ms
2026-10-01T18:06:18.864Z [EVENT world:unitAdded] #1 (clearUnitCaches) took 0.0ms
2026-10-01T18:06:18.864Z [EVENT world:unitAdded] #2 (markBedsDirty) took 0.0ms
2026-10-01T18:06:18.865Z [EVENT world:unitAdded] #3 (anon_3) took 0.5ms
2026-10-01T18:06:18.865Z [EVENT world:unitAdded] #4 (anon_4) took 0.0ms
2026-10-01T18:06:18.865Z [EVENT world:unitAdded] #5 (anon_5) took 0.0ms
2026-10-01T18:06:18.866Z [EVENT world:unitAdded] #0 (anon_0) took 0.0ms
2026-10-01T18:06:18.866Z [EVENT world:unitAdded] #1 (clearUnitCaches) took 0.0ms
2026-10-01T18:06:18.866Z [EVENT world:unitAdded] #2 (markBedsDirty) took 0.0ms
2026-10-01T18:06:18.867Z [EVENT world:unitAdded] #3 (anon_3) took 0.7ms
2026-10-01T18:06:18.867Z [EVENT world:unitAdded] #4 (anon_4) took 0.0ms
2026-10-01T18:06:18.868Z [EVENT world:unitAdded] #5 (anon_5) took 0.0ms
2026-10-01T18:06:18.868Z [EVENT world:unitAdded] #0 (anon_0) took 0.0ms
2026-10-01T18:06:18.868Z [EVENT world:unitAdded] #1 (clearUnitCaches) took 0.0ms
2026-10-01T18:06:18.868Z [EVENT world:unitAdded] #2 (markBedsDirty) took 0.0ms
2026-10-01T18:06:18.869Z [EVENT world:unitAdded] #3 (anon_3) took 0.5ms
2026-10-01T18:06:18.869Z [EVENT world:unitAdded] #4 (anon_4) took 0.0ms
2026-10-01T18:06:18.870Z [EVENT world:unitAdded] #5 (anon_5) took 0.0ms
2026-10-01T18:06:18.870Z [EVENT world:unitAdded] #0 (anon_0) took 0.0ms
2026-10-01T18:06:18.871Z [EVENT world:unitAdded] #1 (clearUnitCaches) took 0.0ms
2026-10-01T18:06:18.871Z [EVENT world:unitAdded] #2 (markBedsDirty) took 0.0ms
2026-10-01T18:06:18.872Z [EVENT world:unitAdded] #3 (anon_3) took 0.5ms
2026-10-01T18:06:18.872Z [EVENT world:unitAdded] #4 (anon_4) took 0.0ms
2026-10-01T18:06:18.872Z [EVENT world:unitAdded] #5 (anon_5) took 0.0ms
2026-10-01T18:06:18.873Z [EVENT world:unitAdded] #0 (anon_0) took 0.0ms
2026-10-01T18:06:18.873Z [EVENT world:unitAdded] #1 (clearUnitCaches) took 0.0ms
2026-10-01T18:06:18.873Z [EVENT world:unitAdded] #2 (markBedsDirty) took 0.0ms
2026-10-01T18:06:18.874Z [EVENT world:unitAdded] #3 (anon_3) took 0.7ms
2026-10-01T18:06:18.874Z [EVENT world:unitAdded] #4 (anon_4) took 0.0ms
2026-10-01T18:06:18.874Z [EVENT world:unitAdded] #5 (anon_5) took 0.0ms
2026-10-01T18:06:18.875Z [EVENT world:unitAdded] #0 (anon_0) took 0.0ms
2026-10-01T18:06:18.875Z [EVENT world:unitAdded] #1 (clearUnitCaches) took 0.0ms
2026-10-01T18:06:18.875Z [EVENT world:unitAdded] #2 (markBedsDirty) took 0.0ms
2026-10-01T18:06:18.876Z [EVENT world:unitAdded] #3 (anon_3) took 0.5ms
2026-10-01T18:06:18.876Z [EVENT world:unitAdded] #4 (anon_4) took 0.0ms
2026-10-01T18:06:18.876Z [EVENT world:unitAdded] #5 (anon_5) took 0.0ms
2026-10-01T18:06:18.877Z [EVENT world:unitAdded] #0 (anon_0) took 0.0ms
2026-10-01T18:06:18.877Z [EVENT world:unitAdded] #1 (clearUnitCaches) took 0.0ms
2026-10-01T18:06:18.878Z [EVENT world:unitAdded] #2 (markBedsDirty) took 0.0ms
2026-10-01T18:06:18.878Z [EVENT world:unitAdded] #3 (anon_3) took 0.7ms
2026-10-01T18:06:18.879Z [EVENT world:unitAdded] #4 (anon_4) took 0.0ms
2026-10-01T18:06:18.879Z [EVENT world:unitAdded] #5 (anon_5) took 0.0ms
2026-10-01T18:06:18.879Z [EVENT world:unitAdded] #0 (anon_0) took 0.0ms
2026-10-01T18:06:18.880Z [EVENT world:unitAdded] #1 (clearUnitCaches) took 0.0ms
2026-10-01T18:06:18.880Z [EVENT world:unitAdded] #2 (markBedsDirty) took 0.0ms
2026-10-01T18:06:18.881Z [EVENT world:unitAdded] #3 (anon_3) took 0.9ms
2026-10-01T18:06:18.881Z [EVENT world:unitAdded] #4 (anon_4) took 0.0ms
2026-10-01T18:06:18.881Z [EVENT world:unitAdded] #5 (anon_5) took 0.0ms
2026-10-01T18:06:18.882Z [EVENT world:unitAdded] #0 (anon_0) took 0.0ms
2026-10-01T18:06:18.882Z [EVENT world:unitAdded] #1 (clearUnitCaches) took 0.0ms
2026-10-01T18:06:18.882Z [EVENT world:unitAdded] #2 (markBedsDirty) took 0.0ms
2026-10-01T18:06:18.882Z [EVENT world:unitAdded] #3 (anon_3) took 0.5ms
2026-10-01T18:06:18.883Z [EVENT world:unitAdded] #4 (anon_4) took 0.0ms
2026-10-01T18:06:18.883Z [EVENT world:unitAdded] #5 (anon_5) took 0.0ms
2026-10-01T18:06:18.883Z [EVENT world:unitAdded] #0 (anon_0) took 0.0ms
2026-10-01T18:06:18.884Z [EVENT world:unitAdded] #1 (clearUnitCaches) took 0.0ms
2026-10-01T18:06:18.884Z [EVENT world:unitAdded] #2 (markBedsDirty) took 0.0ms
2026-10-01T18:06:18.884Z [EVENT world:unitAdded] #3 (anon_3) took 0.5ms
2026-10-01T18:06:18.885Z [EVENT world:unitAdded] #4 (anon_4) took 0.0ms
2026-10-01T18:06:18.885Z [EVENT world:unitAdded] #5 (anon_5) took 0.0ms
2026-10-01T18:06:18.885Z [EVENT world:unitAdded] #0 (anon_0) took 0.0ms
2026-10-01T18:06:18.885Z [EVENT world:unitAdded] #1 (clearUnitCaches) took 0.0ms
2026-10-01T18:06:18.886Z [EVENT world:unitAdded] #2 (markBedsDirty) took 0.0ms
2026-10-01T18:06:18.887Z [EVENT world:unitAdded] #3 (anon_3) took 0.9ms
2026-10-01T18:06:18.887Z [EVENT world:unitAdded] #4 (anon_4) took 0.0ms
2026-10-01T18:06:18.887Z [EVENT world:unitAdded] #5 (anon_5) took 0.0ms
2026-10-01T18:06:18.888Z [EVENT world:unitAdded] #0 (anon_0) took 0.0ms
2026-10-01T18:06:18.888Z [EVENT world:unitAdded] #1 (clearUnitCaches) took 0.0ms
2026-10-01T18:06:18.888Z [EVENT world:unitAdded] #2 (markBedsDirty) took 0.0ms
2026-10-01T18:06:18.889Z [EVENT world:unitAdded] #3 (anon_3) took 0.5ms
2026-10-01T18:06:18.889Z [EVENT world:unitAdded] #4 (anon_4) took 0.0ms
2026-10-01T18:06:18.889Z [EVENT world:unitAdded] #5 (anon_5) took 0.0ms
2026-10-01T18:06:18.890Z [EVENT world:unitAdded] #0 (anon_0) took 0.0ms
2026-10-01T18:06:18.890Z [EVENT world:unitAdded] #1 (clearUnitCaches) took 0.0ms
2026-10-01T18:06:18.890Z [EVENT world:unitAdded] #2 (markBedsDirty) took 0.0ms
2026-10-01T18:06:18.891Z [EVENT world:unitAdded] #3 (anon_3) took 0.5ms
2026-10-01T18:06:18.891Z [EVENT world:unitAdded] #4 (anon_4) took 0.0ms
2026-10-01T18:06:18.891Z [EVENT world:unitAdded] #5 (anon_5) took 0.0ms
2026-10-01T18:06:18.892Z [EVENT world:unitAdded] #0 (anon_0) took 0.0ms
2026-10-01T18:06:18.892Z [EVENT world:unitAdded] #1 (clearUnitCaches) took 0.0ms
2026-10-01T18:06:18.892Z [EVENT world:unitAdded] #2 (markBedsDirty) took 0.0ms
2026-10-01T18:06:18.892Z [EVENT world:unitAdded] #3 (anon_3) took 0.5ms
2026-10-01T18:06:18.893Z [EVENT world:unitAdded] #4 (anon_4) took 0.0ms
2026-10-01T18:06:18.893Z [EVENT world:unitAdded] #5 (anon_5) took 0.0ms
2026-10-01T18:06:18.893Z [EVENT world:unitAdded] #0 (anon_0) took 0.0ms
2026-10-01T18:06:18.893Z [EVENT world:unitAdded] #1 (clearUnitCaches) took 0.0ms
2026-10-01T18:06:18.893Z [EVENT world:unitAdded] #2 (markBedsDirty) took 0.0ms
2026-10-01T18:06:18.894Z [EVENT world:unitAdded] #3 (anon_3) took 0.5ms
2026-10-01T18:06:18.894Z [EVENT world:unitAdded] #4 (anon_4) took 0.0ms
2026-10-01T18:06:18.894Z [EVENT world:unitAdded] #5 (anon_5) took 0.0ms
2026-10-01T18:06:18.895Z [EVENT world:unitAdded] #0 (anon_0) took 0.0ms
2026-10-01T18:06:18.895Z [EVENT world:unitAdded] #1 (clearUnitCaches) took 0.0ms
2026-10-01T18:06:18.895Z [EVENT world:unitAdded] #2 (markBedsDirty) took 0.0ms
2026-10-01T18:06:18.896Z [EVENT world:unitAdded] #3 (anon_3) took 0.8ms
2026-10-01T18:06:18.896Z [EVENT world:unitAdded] #4 (anon_4) took 0.0ms
2026-10-01T18:06:18.897Z [EVENT world:unitAdded] #5 (anon_5) took 0.0ms
2026-10-01T18:06:18.897Z [EVENT world:unitAdded] #0 (anon_0) took 0.0ms
2026-10-01T18:06:18.897Z [EVENT world:unitAdded] #1 (clearUnitCaches) took 0.0ms
2026-10-01T18:06:18.897Z [EVENT world:unitAdded] #2 (markBedsDirty) took 0.0ms
2026-10-01T18:06:18.898Z [EVENT world:unitAdded] #3 (anon_3) took 0.6ms
2026-10-01T18:06:18.898Z [EVENT world:unitAdded] #4 (anon_4) took 0.0ms
2026-10-01T18:06:18.899Z [EVENT world:unitAdded] #5 (anon_5) took 0.0ms
2026-10-01T18:06:18.899Z [EVENT world:unitAdded] #0 (anon_0) took 0.0ms
2026-10-01T18:06:18.899Z [EVENT world:unitAdded] #1 (clearUnitCaches) took 0.0ms
2026-10-01T18:06:18.900Z [EVENT world:unitAdded] #2 (markBedsDirty) took 0.0ms
2026-10-01T18:06:18.900Z [EVENT world:unitAdded] #3 (anon_3) took 0.6ms
2026-10-01T18:06:18.901Z [EVENT world:unitAdded] #4 (anon_4) took 0.0ms
2026-10-01T18:06:18.901Z [EVENT world:unitAdded] #5 (anon_5) took 0.0ms
2026-10-01T18:06:18.901Z [EVENT world:unitAdded] #0 (anon_0) took 0.0ms
2026-10-01T18:06:18.902Z [EVENT world:unitAdded] #1 (clearUnitCaches) took 0.0ms
2026-10-01T18:06:18.902Z [EVENT world:unitAdded] #2 (markBedsDirty) took 0.0ms
2026-10-01T18:06:18.903Z [EVENT world:unitAdded] #3 (anon_3) took 0.8ms
2026-10-01T18:06:18.903Z [EVENT world:unitAdded] #4 (anon_4) took 0.0ms
2026-10-01T18:06:18.903Z [EVENT world:unitAdded] #5 (anon_5) took 0.0ms
2026-10-01T18:06:18.904Z [EVENT world:unitAdded] #0 (anon_0) took 0.0ms
2026-10-01T18:06:18.905Z [EVENT world:unitAdded] #1 (clearUnitCaches) took 0.0ms
2026-10-01T18:06:18.905Z [EVENT world:unitAdded] #2 (markBedsDirty) took 0.0ms
2026-10-01T18:06:18.906Z [EVENT world:unitAdded] #3 (anon_3) took 0.5ms
2026-10-01T18:06:18.906Z [EVENT world:unitAdded] #4 (anon_4) took 0.0ms
2026-10-01T18:06:18.906Z [EVENT world:unitAdded] #5 (anon_5) took 0.0ms
2026-10-01T18:06:18.906Z [EVENT world:unitAdded] #0 (anon_0) took 0.0ms
2026-10-01T18:06:18.907Z [EVENT world:unitAdded] #1 (clearUnitCaches) took 0.0ms
2026-10-01T18:06:18.907Z [EVENT world:unitAdded] #2 (markBedsDirty) took 0.0ms
2026-10-01T18:06:18.907Z [EVENT world:unitAdded] #3 (anon_3) took 0.5ms
2026-10-01T18:06:18.908Z [EVENT world:unitAdded] #4 (anon_4) took 0.0ms
2026-10-01T18:06:18.908Z [EVENT world:unitAdded] #5 (anon_5) took 0.0ms
2026-10-01T18:06:18.908Z [EVENT world:unitAdded] #0 (anon_0) took 0.0ms
2026-10-01T18:06:18.908Z [EVENT world:unitAdded] #1 (clearUnitCaches) took 0.0ms
2026-10-01T18:06:18.909Z [EVENT world:unitAdded] #2 (markBedsDirty) took 0.0ms
2026-10-01T18:06:18.910Z [EVENT world:unitAdded] #3 (anon_3) took 1.0ms
2026-10-01T18:06:18.910Z [EVENT world:unitAdded] #4 (anon_4) took 0.0ms
2026-10-01T18:06:18.910Z [EVENT world:unitAdded] #5 (anon_5) took 0.0ms
2026-10-01T18:06:18.911Z [EVENT world:unitAdded] #0 (anon_0) took 0.0ms
2026-10-01T18:06:18.911Z [EVENT world:unitAdded] #1 (clearUnitCaches) took 0.0ms
2026-10-01T18:06:18.911Z [EVENT world:unitAdded] #2 (markBedsDirty) took 0.0ms
2026-10-01T18:06:18.912Z [EVENT world:unitAdded] #3 (anon_3) took 0.6ms
2026-10-01T18:06:18.912Z [EVENT world:unitAdded] #4 (anon_4) took 0.0ms
2026-10-01T18:06:18.912Z [EVENT world:unitAdded] #5 (anon_5) took 0.0ms
2026-10-01T18:06:18.913Z [EVENT world:unitAdded] #0 (anon_0) took 0.0ms
2026-10-01T18:06:18.913Z [EVENT world:unitAdded] #1 (clearUnitCaches) took 0.0ms
2026-10-01T18:06:18.913Z [EVENT world:unitAdded] #2 (markBedsDirty) took 0.0ms
2026-10-01T18:06:18.914Z [EVENT world:unitAdded] #3 (anon_3) took 0.6ms
2026-10-01T18:06:18.914Z [EVENT world:unitAdded] #4 (anon_4) took 0.0ms
2026-10-01T18:06:18.914Z [EVENT world:unitAdded] #5 (anon_5) took 0.0ms
2026-10-01T18:06:18.915Z [EVENT world:unitAdded] #0 (anon_0) took 0.0ms
2026-10-01T18:06:18.915Z [EVENT world:unitAdded] #1 (clearUnitCaches) took 0.0ms
2026-10-01T18:06:18.915Z [EVENT world:unitAdded] #2 (markBedsDirty) took 0.0ms
2026-10-01T18:06:18.916Z [EVENT world:unitAdded] #3 (anon_3) took 0.8ms
2026-10-01T18:06:18.916Z [EVENT world:unitAdded] #4 (anon_4) took 0.0ms
2026-10-01T18:06:18.916Z [EVENT world:unitAdded] #5 (anon_5) took 0.0ms
2026-10-01T18:06:18.917Z [EVENT world:unitAdded] #0 (anon_0) took 0.0ms
2026-10-01T18:06:18.917Z [EVENT world:unitAdded] #1 (clearUnitCaches) took 0.0ms
2026-10-01T18:06:18.917Z [EVENT world:unitAdded] #2 (markBedsDirty) took 0.0ms
2026-10-01T18:06:18.918Z [EVENT world:unitAdded] #3 (anon_3) took 0.5ms
2026-10-01T18:06:18.918Z [EVENT world:unitAdded] #4 (anon_4) took 0.0ms
2026-10-01T18:06:18.918Z [EVENT world:unitAdded] #5 (anon_5) took 0.0ms
2026-10-01T18:06:18.918Z [EVENT world:unitAdded] #0 (anon_0) took 0.0ms
2026-10-01T18:06:18.919Z [EVENT world:unitAdded] #1 (clearUnitCaches) took 0.0ms
2026-10-01T18:06:18.919Z [EVENT world:unitAdded] #2 (markBedsDirty) took 0.0ms
2026-10-01T18:06:18.920Z [EVENT world:unitAdded] #3 (anon_3) took 0.5ms
2026-10-01T18:06:18.920Z [EVENT world:unitAdded] #4 (anon_4) took 0.0ms
2026-10-01T18:06:18.920Z [EVENT world:unitAdded] #5 (anon_5) took 0.0ms
2026-10-01T18:06:18.920Z [EVENT world:unitAdded] #0 (anon_0) took 0.0ms
2026-10-01T18:06:18.920Z [EVENT world:unitAdded] #1 (clearUnitCaches) took 0.0ms
2026-10-01T18:06:18.921Z [EVENT world:unitAdded] #2 (markBedsDirty) took 0.0ms
2026-10-01T18:06:18.922Z [EVENT world:unitAdded] #3 (anon_3) took 0.9ms
2026-10-01T18:06:18.922Z [EVENT world:unitAdded] #4 (anon_4) took 0.0ms
2026-10-01T18:06:18.922Z [EVENT world:unitAdded] #5 (anon_5) took 0.0ms
2026-10-01T18:06:18.923Z [EVENT world:unitAdded] #0 (anon_0) took 0.0ms
2026-10-01T18:06:18.923Z [EVENT world:unitAdded] #1 (clearUnitCaches) took 0.0ms
2026-10-01T18:06:18.923Z [EVENT world:unitAdded] #2 (markBedsDirty) took 0.0ms
2026-10-01T18:06:18.924Z [EVENT world:unitAdded] #3 (anon_3) took 0.5ms
2026-10-01T18:06:18.924Z [EVENT world:unitAdded] #4 (anon_4) took 0.0ms
2026-10-01T18:06:18.924Z [EVENT world:unitAdded] #5 (anon_5) took 0.0ms
2026-10-01T18:06:18.925Z [EVENT world:unitAdded] #0 (anon_0) took 0.0ms
2026-10-01T18:06:18.925Z [EVENT world:unitAdded] #1 (clearUnitCaches) took 0.0ms
2026-10-01T18:06:18.925Z [EVENT world:unitAdded] #2 (markBedsDirty) took 0.0ms
2026-10-01T18:06:18.926Z [EVENT world:unitAdded] #3 (anon_3) took 0.9ms
2026-10-01T18:06:18.927Z [EVENT world:unitAdded] #4 (anon_4) took 0.0ms
2026-10-01T18:06:18.927Z [EVENT world:unitAdded] #5 (anon_5) took 0.0ms
2026-10-01T18:06:18.927Z [EVENT world:unitAdded] #0 (anon_0) took 0.0ms
2026-10-01T18:06:18.928Z [EVENT world:unitAdded] #1 (clearUnitCaches) took 0.0ms
2026-10-01T18:06:18.928Z [EVENT world:unitAdded] #2 (markBedsDirty) took 0.0ms
2026-10-01T18:06:18.929Z [EVENT world:unitAdded] #3 (anon_3) took 0.6ms
2026-10-01T18:06:18.929Z [EVENT world:unitAdded] #4 (anon_4) took 0.0ms
2026-10-01T18:06:18.929Z [EVENT world:unitAdded] #5 (anon_5) took 0.0ms
2026-10-01T18:06:18.929Z [EVENT world:unitAdded] #0 (anon_0) took 0.0ms
2026-10-01T18:06:18.929Z [EVENT world:unitAdded] #1 (clearUnitCaches) took 0.0ms
2026-10-01T18:06:18.930Z [EVENT world:unitAdded] #2 (markBedsDirty) took 0.0ms
2026-10-01T18:06:18.930Z [EVENT world:unitAdded] #3 (anon_3) took 0.4ms
2026-10-01T18:06:18.930Z [EVENT world:unitAdded] #4 (anon_4) took 0.0ms
2026-10-01T18:06:18.931Z [EVENT world:unitAdded] #5 (anon_5) took 0.0ms
2026-10-01T18:06:18.931Z [EVENT world:unitAdded] #0 (anon_0) took 0.0ms
2026-10-01T18:06:18.931Z [EVENT world:unitAdded] #1 (clearUnitCaches) took 0.0ms
2026-10-01T18:06:18.931Z [EVENT world:unitAdded] #2 (markBedsDirty) took 0.0ms
2026-10-01T18:06:18.932Z [EVENT world:unitAdded] #3 (anon_3) took 0.8ms
2026-10-01T18:06:18.933Z [EVENT world:unitAdded] #4 (anon_4) took 0.0ms
2026-10-01T18:06:18.933Z [EVENT world:unitAdded] #5 (anon_5) took 0.0ms
2026-10-01T18:06:18.933Z [EVENT world:unitAdded] #0 (anon_0) took 0.0ms
2026-10-01T18:06:18.933Z [EVENT world:unitAdded] #1 (clearUnitCaches) took 0.0ms
2026-10-01T18:06:18.934Z [EVENT world:unitAdded] #2 (markBedsDirty) took 0.0ms
2026-10-01T18:06:18.934Z [EVENT world:unitAdded] #3 (anon_3) took 0.5ms
2026-10-01T18:06:18.934Z [EVENT world:unitAdded] #4 (anon_4) took 0.0ms
2026-10-01T18:06:18.935Z [EVENT world:unitAdded] #5 (anon_5) took 0.0ms
2026-10-01T18:06:18.935Z [EVENT world:unitAdded] #0 (anon_0) took 0.0ms
2026-10-01T18:06:18.935Z [EVENT world:unitAdded] #1 (clearUnitCaches) took 0.0ms
2026-10-01T18:06:18.935Z [EVENT world:unitAdded] #2 (markBedsDirty) took 0.0ms
2026-10-01T18:06:18.936Z [EVENT world:unitAdded] #3 (anon_3) took 0.5ms
2026-10-01T18:06:18.936Z [EVENT world:unitAdded] #4 (anon_4) took 0.0ms
2026-10-01T18:06:18.936Z [EVENT world:unitAdded] #5 (anon_5) took 0.0ms
2026-10-01T18:06:18.937Z [EVENT world:unitAdded] #0 (anon_0) took 0.0ms
2026-10-01T18:06:18.937Z [EVENT world:unitAdded] #1 (clearUnitCaches) took 0.0ms
2026-10-01T18:06:18.937Z [EVENT world:unitAdded] #2 (markBedsDirty) took 0.0ms
2026-10-01T18:06:18.938Z [EVENT world:unitAdded] #3 (anon_3) took 0.8ms
2026-10-01T18:06:18.938Z [EVENT world:unitAdded] #4 (anon_4) took 0.0ms
2026-10-01T18:06:18.939Z [EVENT world:unitAdded] #5 (anon_5) took 0.0ms
2026-10-01T18:06:18.939Z [EVENT world:unitAdded] #0 (anon_0) took 0.0ms
2026-10-01T18:06:18.939Z [EVENT world:unitAdded] #1 (clearUnitCaches) took 0.0ms
2026-10-01T18:06:18.940Z [EVENT world:unitAdded] #2 (markBedsDirty) took 0.0ms
2026-10-01T18:06:18.940Z [EVENT world:unitAdded] #3 (anon_3) took 0.6ms
2026-10-01T18:06:18.941Z [EVENT world:unitAdded] #4 (anon_4) took 0.0ms
2026-10-01T18:06:18.941Z [EVENT world:unitAdded] #5 (anon_5) took 0.0ms
2026-10-01T18:06:18.941Z [EVENT world:unitAdded] #0 (anon_0) took 0.0ms
2026-10-01T18:06:18.941Z [EVENT world:unitAdded] #1 (clearUnitCaches) took 0.0ms
2026-10-01T18:06:18.941Z [EVENT world:unitAdded] #2 (markBedsDirty) took 0.0ms
2026-10-01T18:06:18.942Z [EVENT world:unitAdded] #3 (anon_3) took 0.5ms
2026-10-01T18:06:18.942Z [EVENT world:unitAdded] #4 (anon_4) took 0.0ms
2026-10-01T18:06:18.942Z [EVENT world:unitAdded] #5 (anon_5) took 0.0ms
2026-10-01T18:06:18.943Z [EVENT world:unitAdded] #0 (anon_0) took 0.0ms
2026-10-01T18:06:18.943Z [EVENT world:unitAdded] #1 (clearUnitCaches) took 0.0ms
2026-10-01T18:06:18.943Z [EVENT world:unitAdded] #2 (markBedsDirty) took 0.0ms
2026-10-01T18:06:18.944Z [EVENT world:unitAdded] #3 (anon_3) took 0.7ms
2026-10-01T18:06:18.944Z [EVENT world:unitAdded] #4 (anon_4) took 0.0ms
2026-10-01T18:06:18.944Z [EVENT world:unitAdded] #5 (anon_5) took 0.0ms
2026-10-01T18:06:18.945Z [EVENT world:unitAdded] #0 (anon_0) took 0.0ms
2026-10-01T18:06:18.945Z [EVENT world:unitAdded] #1 (clearUnitCaches) took 0.0ms
2026-10-01T18:06:18.945Z [EVENT world:unitAdded] #2 (markBedsDirty) took 0.0ms
2026-10-01T18:06:18.946Z [EVENT world:unitAdded] #3 (anon_3) took 0.6ms
2026-10-01T18:06:18.946Z [EVENT world:unitAdded] #4 (anon_4) took 0.0ms
2026-10-01T18:06:18.946Z [EVENT world:unitAdded] #5 (anon_5) took 0.0ms
2026-10-01T18:06:18.947Z [EVENT world:unitAdded] #0 (anon_0) took 0.0ms
2026-10-01T18:06:18.947Z [EVENT world:unitAdded] #1 (clearUnitCaches) took 0.0ms
2026-10-01T18:06:18.947Z [EVENT world:unitAdded] #2 (markBedsDirty) took 0.0ms
2026-10-01T18:06:18.948Z [EVENT world:unitAdded] #3 (anon_3) took 0.5ms
2026-10-01T18:06:18.948Z [EVENT world:unitAdded] #4 (anon_4) took 0.0ms
2026-10-01T18:06:18.948Z [EVENT world:unitAdded] #5 (anon_5) took 0.0ms
2026-10-01T18:06:18.949Z [EVENT world:unitAdded] #0 (anon_0) took 0.0ms
2026-10-01T18:06:18.949Z [EVENT world:unitAdded] #1 (clearUnitCaches) took 0.0ms
2026-10-01T18:06:18.949Z [EVENT world:unitAdded] #2 (markBedsDirty) took 0.0ms
2026-10-01T18:06:18.950Z [EVENT world:unitAdded] #3 (anon_3) took 0.8ms
2026-10-01T18:06:18.950Z [EVENT world:unitAdded] #4 (anon_4) took 0.0ms
2026-10-01T18:06:18.951Z [EVENT world:unitAdded] #5 (anon_5) took 0.0ms
2026-10-01T18:06:18.951Z [EVENT world:unitAdded] #0 (anon_0) took 0.0ms
2026-10-01T18:06:18.951Z [EVENT world:unitAdded] #1 (clearUnitCaches) took 0.0ms
2026-10-01T18:06:18.951Z [EVENT world:unitAdded] #2 (markBedsDirty) took 0.0ms
2026-10-01T18:06:18.952Z [EVENT world:unitAdded] #3 (anon_3) took 0.6ms
2026-10-01T18:06:18.953Z [EVENT world:unitAdded] #4 (anon_4) took 0.0ms
2026-10-01T18:06:18.953Z [EVENT world:unitAdded] #5 (anon_5) took 0.0ms
2026-10-01T18:06:18.953Z [EVENT world:unitAdded] #0 (anon_0) took 0.0ms
2026-10-01T18:06:18.953Z [EVENT world:unitAdded] #1 (clearUnitCaches) took 0.0ms
2026-10-01T18:06:18.954Z [EVENT world:unitAdded] #2 (markBedsDirty) took 0.0ms
2026-10-01T18:06:18.954Z [EVENT world:unitAdded] #3 (anon_3) took 0.5ms
2026-10-01T18:06:18.955Z [EVENT world:unitAdded] #4 (anon_4) took 0.0ms
2026-10-01T18:06:18.955Z [EVENT world:unitAdded] #5 (anon_5) took 0.0ms
2026-10-01T18:06:18.955Z [EVENT world:unitAdded] #0 (anon_0) took 0.0ms
2026-10-01T18:06:18.955Z [EVENT world:unitAdded] #1 (clearUnitCaches) took 0.0ms
2026-10-01T18:06:18.955Z [EVENT world:unitAdded] #2 (markBedsDirty) took 0.0ms
2026-10-01T18:06:18.957Z [EVENT world:unitAdded] #3 (anon_3) took 0.9ms
2026-10-01T18:06:18.957Z [EVENT world:unitAdded] #4 (anon_4) took 0.0ms
2026-10-01T18:06:18.957Z [EVENT world:unitAdded] #5 (anon_5) took 0.0ms
2026-10-01T18:06:18.958Z [EVENT world:unitAdded] #0 (anon_0) took 0.0ms
2026-10-01T18:06:18.958Z [EVENT world:unitAdded] #1 (clearUnitCaches) took 0.0ms
2026-10-01T18:06:18.958Z [EVENT world:unitAdded] #2 (markBedsDirty) took 0.0ms
2026-10-01T18:06:18.959Z [EVENT world:unitAdded] #3 (anon_3) took 0.5ms
2026-10-01T18:06:18.959Z [EVENT world:unitAdded] #4 (anon_4) took 0.1ms
2026-10-01T18:06:18.960Z [EVENT world:unitAdded] #5 (anon_5) took 0.0ms
2026-10-01T18:06:18.960Z [EVENT world:unitAdded] #0 (anon_0) took 0.0ms
2026-10-01T18:06:18.960Z [EVENT world:unitAdded] #1 (clearUnitCaches) took 0.0ms
2026-10-01T18:06:18.961Z [EVENT world:unitAdded] #2 (markBedsDirty) took 0.0ms
2026-10-01T18:06:18.962Z [EVENT world:unitAdded] #3 (anon_3) took 0.9ms
2026-10-01T18:06:18.962Z [EVENT world:unitAdded] #4 (anon_4) took 0.0ms
2026-10-01T18:06:18.962Z [EVENT world:unitAdded] #5 (anon_5) took 0.0ms
2026-10-01T18:06:18.963Z [EVENT world:unitAdded] #0 (anon_0) took 0.0ms
2026-10-01T18:06:18.963Z [EVENT world:unitAdded] #1 (clearUnitCaches) took 0.0ms
2026-10-01T18:06:18.963Z [EVENT world:unitAdded] #2 (markBedsDirty) took 0.0ms
2026-10-01T18:06:18.964Z [EVENT world:unitAdded] #3 (anon_3) took 0.5ms
2026-10-01T18:06:18.964Z [EVENT world:unitAdded] #4 (anon_4) took 0.0ms
2026-10-01T18:06:18.964Z [EVENT world:unitAdded] #5 (anon_5) took 0.0ms
2026-10-01T18:06:18.965Z [EVENT world:unitAdded] #0 (anon_0) took 0.0ms
2026-10-01T18:06:18.965Z [EVENT world:unitAdded] #1 (clearUnitCaches) took 0.0ms
2026-10-01T18:06:18.965Z [EVENT world:unitAdded] #2 (markBedsDirty) took 0.0ms
2026-10-01T18:06:18.965Z [EVENT world:unitAdded] #3 (anon_3) took 0.5ms
2026-10-01T18:06:18.966Z [EVENT world:unitAdded] #4 (anon_4) took 0.0ms
2026-10-01T18:06:18.966Z [EVENT world:unitAdded] #5 (anon_5) took 0.0ms
2026-10-01T18:06:18.966Z [EVENT world:unitAdded] #0 (anon_0) took 0.0ms
2026-10-01T18:06:18.966Z [EVENT world:unitAdded] #1 (clearUnitCaches) took 0.0ms
2026-10-01T18:06:18.967Z [EVENT world:unitAdded] #2 (markBedsDirty) took 0.0ms
2026-10-01T18:06:18.968Z [EVENT world:unitAdded] #3 (anon_3) took 0.8ms
2026-10-01T18:06:18.968Z [EVENT world:unitAdded] #4 (anon_4) took 0.0ms
2026-10-01T18:06:18.968Z [EVENT world:unitAdded] #5 (anon_5) took 0.0ms
2026-10-01T18:06:18.968Z [EVENT world:unitAdded] #0 (anon_0) took 0.0ms
2026-10-01T18:06:18.969Z [EVENT world:unitAdded] #1 (clearUnitCaches) took 0.0ms
2026-10-01T18:06:18.969Z [EVENT world:unitAdded] #2 (markBedsDirty) took 0.0ms
2026-10-01T18:06:18.969Z [EVENT world:unitAdded] #3 (anon_3) took 0.5ms
2026-10-01T18:06:18.970Z [EVENT world:unitAdded] #4 (anon_4) took 0.0ms
2026-10-01T18:06:18.970Z [EVENT world:unitAdded] #5 (anon_5) took 0.0ms
2026-10-01T18:06:18.970Z [EVENT world:unitAdded] #0 (anon_0) took 0.0ms
2026-10-01T18:06:18.970Z [EVENT world:unitAdded] #1 (clearUnitCaches) took 0.0ms
2026-10-01T18:06:18.971Z [EVENT world:unitAdded] #2 (markBedsDirty) took 0.0ms
2026-10-01T18:06:18.971Z [EVENT world:unitAdded] #3 (anon_3) took 0.5ms
2026-10-01T18:06:18.971Z [EVENT world:unitAdded] #4 (anon_4) took 0.0ms
2026-10-01T18:06:18.972Z [EVENT world:unitAdded] #5 (anon_5) took 0.0ms
2026-10-01T18:06:18.972Z [EVENT world:unitAdded] #0 (anon_0) took 0.0ms
2026-10-01T18:06:18.972Z [EVENT world:unitAdded] #1 (clearUnitCaches) took 0.0ms
2026-10-01T18:06:18.972Z [EVENT world:unitAdded] #2 (markBedsDirty) took 0.0ms
2026-10-01T18:06:18.973Z [EVENT world:unitAdded] #3 (anon_3) took 0.9ms
2026-10-01T18:06:18.974Z [EVENT world:unitAdded] #4 (anon_4) took 0.0ms
2026-10-01T18:06:18.974Z [EVENT world:unitAdded] #5 (anon_5) took 0.0ms
2026-10-01T18:06:18.975Z [EVENT world:unitAdded] #0 (anon_0) took 0.0ms
2026-10-01T18:06:18.975Z [EVENT world:unitAdded] #1 (clearUnitCaches) took 0.0ms
2026-10-01T18:06:18.975Z [EVENT world:unitAdded] #2 (markBedsDirty) took 0.0ms
2026-10-01T18:06:18.977Z [EVENT world:unitAdded] #3 (anon_3) took 0.5ms
2026-10-01T18:06:18.977Z [EVENT world:unitAdded] #4 (anon_4) took 0.0ms
2026-10-01T18:06:18.977Z [EVENT world:unitAdded] #5 (anon_5) took 0.0ms
2026-10-01T18:06:18.977Z [EVENT world:unitAdded] #0 (anon_0) took 0.0ms
2026-10-01T18:06:18.978Z [EVENT world:unitAdded] #1 (clearUnitCaches) took 0.0ms
2026-10-01T18:06:18.978Z [EVENT world:unitAdded] #2 (markBedsDirty) took 0.0ms
2026-10-01T18:06:18.978Z [EVENT world:unitAdded] #3 (anon_3) took 0.5ms
2026-10-01T18:06:18.979Z [EVENT world:unitAdded] #4 (anon_4) took 0.0ms
2026-10-01T18:06:18.979Z [EVENT world:unitAdded] #5 (anon_5) took 0.0ms
2026-10-01T18:06:18.979Z [EVENT world:unitAdded] #0 (anon_0) took 0.0ms
2026-10-01T18:06:18.979Z [EVENT world:unitAdded] #1 (clearUnitCaches) took 0.0ms
2026-10-01T18:06:18.979Z [EVENT world:unitAdded] #2 (markBedsDirty) took 0.0ms
2026-10-01T18:06:18.980Z [EVENT world:unitAdded] #3 (anon_3) took 0.8ms
2026-10-01T18:06:18.981Z [EVENT world:unitAdded] #4 (anon_4) took 0.0ms
2026-10-01T18:06:18.981Z [EVENT world:unitAdded] #5 (anon_5) took 0.0ms
2026-10-01T18:06:18.981Z [EVENT world:unitAdded] #0 (anon_0) took 0.0ms
2026-10-01T18:06:18.982Z [EVENT world:unitAdded] #1 (clearUnitCaches) took 0.0ms
2026-10-01T18:06:18.982Z [EVENT world:unitAdded] #2 (markBedsDirty) took 0.0ms
2026-10-01T18:06:18.982Z [EVENT world:unitAdded] #3 (anon_3) took 0.5ms
2026-10-01T18:06:18.983Z [EVENT world:unitAdded] #4 (anon_4) took 0.0ms
2026-10-01T18:06:18.983Z [EVENT world:unitAdded] #5 (anon_5) took 0.0ms
2026-10-01T18:06:18.983Z [EVENT world:unitAdded] #0 (anon_0) took 0.0ms
2026-10-01T18:06:18.983Z [EVENT world:unitAdded] #1 (clearUnitCaches) took 0.0ms
2026-10-01T18:06:18.983Z [EVENT world:unitAdded] #2 (markBedsDirty) took 0.0ms
2026-10-01T18:06:18.984Z [EVENT world:unitAdded] #3 (anon_3) took 0.5ms
2026-10-01T18:06:18.985Z [EVENT world:unitAdded] #4 (anon_4) took 0.0ms
2026-10-01T18:06:18.985Z [EVENT world:unitAdded] #5 (anon_5) took 0.0ms
2026-10-01T18:06:18.985Z [EVENT world:unitAdded] #0 (anon_0) took 0.0ms
2026-10-01T18:06:18.985Z [EVENT world:unitAdded] #1 (clearUnitCaches) took 0.0ms
2026-10-01T18:06:18.985Z [EVENT world:unitAdded] #2 (markBedsDirty) took 0.0ms
2026-10-01T18:06:18.987Z [EVENT world:unitAdded] #3 (anon_3) took 1.0ms
2026-10-01T18:06:18.987Z [EVENT world:unitAdded] #4 (anon_4) took 0.0ms
2026-10-01T18:06:18.987Z [EVENT world:unitAdded] #5 (anon_5) took 0.0ms
2026-10-01T18:06:18.988Z [EVENT world:unitAdded] #0 (anon_0) took 0.0ms
2026-10-01T18:06:18.988Z [EVENT world:unitAdded] #1 (clearUnitCaches) took 0.0ms
2026-10-01T18:06:18.988Z [EVENT world:unitAdded] #2 (markBedsDirty) took 0.0ms
2026-10-01T18:06:18.989Z [EVENT world:unitAdded] #3 (anon_3) took 0.5ms
2026-10-01T18:06:18.989Z [EVENT world:unitAdded] #4 (anon_4) took 0.0ms
2026-10-01T18:06:18.989Z [EVENT world:unitAdded] #5 (anon_5) took 0.0ms
2026-10-01T18:06:18.990Z [EVENT world:unitAdded] #0 (anon_0) took 0.0ms
2026-10-01T18:06:18.990Z [EVENT world:unitAdded] #1 (clearUnitCaches) took 0.0ms
2026-10-01T18:06:18.990Z [EVENT world:unitAdded] #2 (markBedsDirty) took 0.0ms
2026-10-01T18:06:18.990Z [EVENT world:unitAdded] #3 (anon_3) took 0.4ms
2026-10-01T18:06:18.991Z [EVENT world:unitAdded] #4 (anon_4) took 0.0ms
2026-10-01T18:06:18.991Z [EVENT world:unitAdded] #5 (anon_5) took 0.0ms
2026-10-01T18:06:18.991Z [EVENT world:unitAdded] #0 (anon_0) took 0.0ms
2026-10-01T18:06:18.991Z [EVENT world:unitAdded] #1 (clearUnitCaches) took 0.0ms
2026-10-01T18:06:18.992Z [EVENT world:unitAdded] #2 (markBedsDirty) took 0.0ms
2026-10-01T18:06:18.992Z [EVENT world:unitAdded] #3 (anon_3) took 0.5ms
2026-10-01T18:06:18.993Z [EVENT world:unitAdded] #4 (anon_4) took 0.0ms
2026-10-01T18:06:18.993Z [EVENT world:unitAdded] #5 (anon_5) took 0.0ms
2026-10-01T18:06:18.993Z [EVENT world:unitAdded] #0 (anon_0) took 0.0ms
2026-10-01T18:06:18.993Z [EVENT world:unitAdded] #1 (clearUnitCaches) took 0.0ms
2026-10-01T18:06:18.994Z [EVENT world:unitAdded] #2 (markBedsDirty) took 0.0ms
2026-10-01T18:06:18.995Z [EVENT world:unitAdded] #3 (anon_3) took 0.7ms
2026-10-01T18:06:18.995Z [EVENT world:unitAdded] #4 (anon_4) took 0.0ms
2026-10-01T18:06:18.995Z [EVENT world:unitAdded] #5 (anon_5) took 0.0ms
2026-10-01T18:06:18.996Z [EVENT world:unitAdded] #0 (anon_0) took 0.0ms
2026-10-01T18:06:18.996Z [EVENT world:unitAdded] #1 (clearUnitCaches) took 0.0ms
2026-10-01T18:06:18.996Z [EVENT world:unitAdded] #2 (markBedsDirty) took 0.0ms
2026-10-01T18:06:18.997Z [EVENT world:unitAdded] #3 (anon_3) took 0.8ms
2026-10-01T18:06:18.997Z [EVENT world:unitAdded] #4 (anon_4) took 0.0ms
2026-10-01T18:06:18.998Z [EVENT world:unitAdded] #5 (anon_5) took 0.0ms
2026-10-01T18:06:18.998Z [EVENT world:unitAdded] #0 (anon_0) took 0.0ms
2026-10-01T18:06:18.998Z [EVENT world:unitAdded] #1 (clearUnitCaches) took 0.0ms
2026-10-01T18:06:18.998Z [EVENT world:unitAdded] #2 (markBedsDirty) took 0.0ms
2026-10-01T18:06:18.999Z [EVENT world:unitAdded] #3 (anon_3) took 0.6ms
2026-10-01T18:06:19.000Z [EVENT world:unitAdded] #4 (anon_4) took 0.0ms
2026-10-01T18:06:19.000Z [EVENT world:unitAdded] #5 (anon_5) took 0.0ms
2026-10-01T18:06:19.000Z [EVENT world:unitAdded] #0 (anon_0) took 0.0ms
2026-10-01T18:06:19.001Z [EVENT world:unitAdded] #1 (clearUnitCaches) took 0.0ms
2026-10-01T18:06:19.001Z [EVENT world:unitAdded] #2 (markBedsDirty) took 0.0ms
2026-10-01T18:06:19.002Z [EVENT world:unitAdded] #3 (anon_3) took 0.6ms
2026-10-01T18:06:19.002Z [EVENT world:unitAdded] #4 (anon_4) took 0.0ms
2026-10-01T18:06:19.002Z [EVENT world:unitAdded] #5 (anon_5) took 0.0ms
2026-10-01T18:06:19.003Z [EVENT world:unitAdded] #0 (anon_0) took 0.0ms
2026-10-01T18:06:19.003Z [EVENT world:unitAdded] #1 (clearUnitCaches) took 0.0ms
2026-10-01T18:06:19.003Z [EVENT world:unitAdded] #2 (markBedsDirty) took 0.0ms
2026-10-01T18:06:19.004Z [EVENT world:unitAdded] #3 (anon_3) took 0.8ms
2026-10-01T18:06:19.004Z [EVENT world:unitAdded] #4 (anon_4) took 0.0ms
2026-10-01T18:06:19.004Z [EVENT world:unitAdded] #5 (anon_5) took 0.0ms
2026-10-01T18:06:19.005Z [EVENT world:unitAdded] #0 (anon_0) took 0.0ms
2026-10-01T18:06:19.005Z [EVENT world:unitAdded] #1 (clearUnitCaches) took 0.0ms
2026-10-01T18:06:19.005Z [EVENT world:unitAdded] #2 (markBedsDirty) took 0.0ms
2026-10-01T18:06:19.006Z [EVENT world:unitAdded] #3 (anon_3) took 0.5ms
2026-10-01T18:06:19.006Z [EVENT world:unitAdded] #4 (anon_4) took 0.0ms
2026-10-01T18:06:19.006Z [EVENT world:unitAdded] #5 (anon_5) took 0.0ms
2026-10-01T18:06:19.006Z [EVENT world:unitAdded] #0 (anon_0) took 0.0ms
2026-10-01T18:06:19.006Z [EVENT world:unitAdded] #1 (clearUnitCaches) took 0.0ms
2026-10-01T18:06:19.007Z [EVENT world:unitAdded] #2 (markBedsDirty) took 0.0ms
2026-10-01T18:06:19.007Z [EVENT world:unitAdded] #3 (anon_3) took 0.5ms
2026-10-01T18:06:19.007Z [EVENT world:unitAdded] #4 (anon_4) took 0.0ms
2026-10-01T18:06:19.008Z [EVENT world:unitAdded] #5 (anon_5) took 0.0ms
2026-10-01T18:06:19.008Z [EVENT world:unitAdded] #0 (anon_0) took 0.0ms
2026-10-01T18:06:19.008Z [EVENT world:unitAdded] #1 (clearUnitCaches) took 0.0ms
2026-10-01T18:06:19.008Z [EVENT world:unitAdded] #2 (markBedsDirty) took 0.0ms
2026-10-01T18:06:19.009Z [EVENT world:unitAdded] #3 (anon_3) took 0.8ms
2026-10-01T18:06:19.010Z [EVENT world:unitAdded] #4 (anon_4) took 0.0ms
2026-10-01T18:06:19.010Z [EVENT world:unitAdded] #5 (anon_5) took 0.0ms
2026-10-01T18:06:19.010Z [EVENT world:unitAdded] #0 (anon_0) took 0.0ms
2026-10-01T18:06:19.010Z [EVENT world:unitAdded] #1 (clearUnitCaches) took 0.0ms
2026-10-01T18:06:19.011Z [EVENT world:unitAdded] #2 (markBedsDirty) took 0.0ms
2026-10-01T18:06:19.011Z [EVENT world:unitAdded] #3 (anon_3) took 0.6ms
2026-10-01T18:06:19.012Z [EVENT world:unitAdded] #4 (anon_4) took 0.0ms
2026-10-01T18:06:19.012Z [EVENT world:unitAdded] #5 (anon_5) took 0.0ms
2026-10-01T18:06:19.013Z [EVENT world:unitAdded] #0 (anon_0) took 0.0ms
2026-10-01T18:06:19.013Z [EVENT world:unitAdded] #1 (clearUnitCaches) took 0.0ms
2026-10-01T18:06:19.013Z [EVENT world:unitAdded] #2 (markBedsDirty) took 0.0ms
2026-10-01T18:06:19.014Z [EVENT world:unitAdded] #3 (anon_3) took 0.5ms
2026-10-01T18:06:19.014Z [EVENT world:unitAdded] #4 (anon_4) took 0.0ms
2026-10-01T18:06:19.014Z [EVENT world:unitAdded] #5 (anon_5) took 0.0ms
2026-10-01T18:06:19.015Z [EVENT world:unitAdded] #0 (anon_0) took 0.0ms
2026-10-01T18:06:19.015Z [EVENT world:unitAdded] #1 (clearUnitCaches) took 0.0ms
2026-10-01T18:06:19.015Z [EVENT world:unitAdded] #2 (markBedsDirty) took 0.0ms
2026-10-01T18:06:19.016Z [EVENT world:unitAdded] #3 (anon_3) took 0.7ms
2026-10-01T18:06:19.016Z [EVENT world:unitAdded] #4 (anon_4) took 0.0ms
2026-10-01T18:06:19.016Z [EVENT world:unitAdded] #5 (anon_5) took 0.0ms
2026-10-01T18:06:19.017Z [EVENT world:unitAdded] #0 (anon_0) took 0.0ms
2026-10-01T18:06:19.017Z [EVENT world:unitAdded] #1 (clearUnitCaches) took 0.0ms
2026-10-01T18:06:19.017Z [EVENT world:unitAdded] #2 (markBedsDirty) took 0.0ms
2026-10-01T18:06:19.018Z [EVENT world:unitAdded] #3 (anon_3) took 0.5ms
2026-10-01T18:06:19.018Z [EVENT world:unitAdded] #4 (anon_4) took 0.0ms
2026-10-01T18:06:19.018Z [EVENT world:unitAdded] #5 (anon_5) took 0.0ms
2026-10-01T18:06:19.018Z [EVENT world:unitAdded] #0 (anon_0) took 0.0ms
2026-10-01T18:06:19.019Z [EVENT world:unitAdded] #1 (clearUnitCaches) took 0.0ms
2026-10-01T18:06:19.019Z [EVENT world:unitAdded] #2 (markBedsDirty) took 0.0ms
2026-10-01T18:06:19.019Z [EVENT world:unitAdded] #3 (anon_3) took 0.5ms
2026-10-01T18:06:19.020Z [EVENT world:unitAdded] #4 (anon_4) took 0.0ms
2026-10-01T18:06:19.020Z [EVENT world:unitAdded] #5 (anon_5) took 0.0ms
2026-10-01T18:06:19.020Z [EVENT world:unitAdded] #0 (anon_0) took 0.0ms
2026-10-01T18:06:19.020Z [EVENT world:unitAdded] #1 (clearUnitCaches) took 0.0ms
2026-10-01T18:06:19.020Z [EVENT world:unitAdded] #2 (markBedsDirty) took 0.0ms
2026-10-01T18:06:19.021Z [EVENT world:unitAdded] #3 (anon_3) took 0.7ms
2026-10-01T18:06:19.022Z [EVENT world:unitAdded] #4 (anon_4) took 0.0ms
2026-10-01T18:06:19.022Z [EVENT world:unitAdded] #5 (anon_5) took 0.0ms
2026-10-01T18:06:19.022Z [EVENT world:unitAdded] #0 (anon_0) took 0.0ms
2026-10-01T18:06:19.022Z [EVENT world:unitAdded] #1 (clearUnitCaches) took 0.0ms
2026-10-01T18:06:19.022Z [EVENT world:unitAdded] #2 (markBedsDirty) took 0.0ms
2026-10-01T18:06:19.023Z [EVENT world:unitAdded] #3 (anon_3) took 0.5ms
2026-10-01T18:06:19.023Z [EVENT world:unitAdded] #4 (anon_4) took 0.0ms
2026-10-01T18:06:19.024Z [EVENT world:unitAdded] #5 (anon_5) took 0.0ms
2026-10-01T18:06:19.024Z [EVENT world:unitAdded] #0 (anon_0) took 0.0ms
2026-10-01T18:06:19.024Z [EVENT world:unitAdded] #1 (clearUnitCaches) took 0.0ms
2026-10-01T18:06:19.025Z [EVENT world:unitAdded] #2 (markBedsDirty) took 0.0ms
2026-10-01T18:06:19.025Z [EVENT world:unitAdded] #3 (anon_3) took 0.5ms
2026-10-01T18:06:19.026Z [EVENT world:unitAdded] #4 (anon_4) took 0.0ms
2026-10-01T18:06:19.026Z [EVENT world:unitAdded] #5 (anon_5) took 0.0ms
2026-10-01T18:06:19.026Z [EVENT world:unitAdded] #0 (anon_0) took 0.0ms
2026-10-01T18:06:19.026Z [EVENT world:unitAdded] #1 (clearUnitCaches) took 0.0ms
2026-10-01T18:06:19.027Z [EVENT world:unitAdded] #2 (markBedsDirty) took 0.0ms
2026-10-01T18:06:19.028Z [EVENT world:unitAdded] #3 (anon_3) took 0.8ms
2026-10-01T18:06:19.028Z [EVENT world:unitAdded] #4 (anon_4) took 0.0ms
2026-10-01T18:06:19.028Z [EVENT world:unitAdded] #5 (anon_5) took 0.0ms
2026-10-01T18:06:19.029Z [EVENT world:unitAdded] #0 (anon_0) took 0.0ms
2026-10-01T18:06:19.029Z [EVENT world:unitAdded] #1 (clearUnitCaches) took 0.0ms
2026-10-01T18:06:19.029Z [EVENT world:unitAdded] #2 (markBedsDirty) took 0.0ms
2026-10-01T18:06:19.030Z [EVENT world:unitAdded] #3 (anon_3) took 0.5ms
2026-10-01T18:06:19.030Z [EVENT world:unitAdded] #4 (anon_4) took 0.0ms
2026-10-01T18:06:19.030Z [EVENT world:unitAdded] #5 (anon_5) took 0.0ms
2026-10-01T18:06:19.031Z [EVENT world:unitAdded] #0 (anon_0) took 0.0ms
2026-10-01T18:06:19.031Z [EVENT world:unitAdded] #1 (clearUnitCaches) took 0.0ms
2026-10-01T18:06:19.031Z [EVENT world:unitAdded] #2 (markBedsDirty) took 0.0ms
2026-10-01T18:06:19.032Z [EVENT world:unitAdded] #3 (anon_3) took 0.5ms
2026-10-01T18:06:19.032Z [EVENT world:unitAdded] #4 (anon_4) took 0.0ms
2026-10-01T18:06:19.032Z [EVENT world:unitAdded] #5 (anon_5) took 0.0ms
2026-10-01T18:06:19.033Z [EVENT world:unitAdded] #0 (anon_0) took 0.0ms
2026-10-01T18:06:19.033Z [EVENT world:unitAdded] #1 (clearUnitCaches) took 0.0ms
2026-10-01T18:06:19.033Z [EVENT world:unitAdded] #2 (markBedsDirty) took 0.0ms
2026-10-01T18:06:19.034Z [EVENT world:unitAdded] #3 (anon_3) took 0.5ms
2026-10-01T18:06:19.034Z [EVENT world:unitAdded] #4 (anon_4) took 0.0ms
2026-10-01T18:06:19.034Z [EVENT world:unitAdded] #5 (anon_5) took 0.0ms
2026-10-01T18:06:19.035Z [EVENT world:unitAdded] #0 (anon_0) took 0.0ms
2026-10-01T18:06:19.035Z [EVENT world:unitAdded] #1 (clearUnitCaches) took 0.0ms
2026-10-01T18:06:19.035Z [EVENT world:unitAdded] #2 (markBedsDirty) took 0.0ms
2026-10-01T18:06:19.036Z [EVENT world:unitAdded] #3 (anon_3) took 0.5ms
2026-10-01T18:06:19.036Z [EVENT world:unitAdded] #4 (anon_4) took 0.0ms
2026-10-01T18:06:19.036Z [EVENT world:unitAdded] #5 (anon_5) took 0.0ms
2026-10-01T18:06:19.037Z [EVENT world:unitAdded] #0 (anon_0) took 0.0ms
2026-10-01T18:06:19.037Z [EVENT world:unitAdded] #1 (clearUnitCaches) took 0.0ms
2026-10-01T18:06:19.037Z [EVENT world:unitAdded] #2 (markBedsDirty) took 0.0ms
2026-10-01T18:06:19.038Z [EVENT world:unitAdded] #3 (anon_3) took 0.8ms
2026-10-01T18:06:19.038Z [EVENT world:unitAdded] #4 (anon_4) took 0.0ms
2026-10-01T18:06:19.039Z [EVENT world:unitAdded] #5 (anon_5) took 0.0ms
2026-10-01T18:06:19.039Z [EVENT world:unitAdded] #0 (anon_0) took 0.0ms
2026-10-01T18:06:19.039Z [EVENT world:unitAdded] #1 (clearUnitCaches) took 0.0ms
2026-10-01T18:06:19.039Z [EVENT world:unitAdded] #2 (markBedsDirty) took 0.0ms
2026-10-01T18:06:19.040Z [EVENT world:unitAdded] #3 (anon_3) took 0.5ms
2026-10-01T18:06:19.040Z [EVENT world:unitAdded] #4 (anon_4) took 0.0ms
2026-10-01T18:06:19.040Z [EVENT world:unitAdded] #5 (anon_5) took 0.0ms
2026-10-01T18:06:19.041Z [EVENT world:unitAdded] #0 (anon_0) took 0.0ms
2026-10-01T18:06:19.041Z [EVENT world:unitAdded] #1 (clearUnitCaches) took 0.0ms
2026-10-01T18:06:19.041Z [EVENT world:unitAdded] #2 (markBedsDirty) took 0.0ms
2026-10-01T18:06:19.042Z [EVENT world:unitAdded] #3 (anon_3) took 0.5ms
2026-10-01T18:06:19.042Z [EVENT world:unitAdded] #4 (anon_4) took 0.0ms
2026-10-01T18:06:19.042Z [EVENT world:unitAdded] #5 (anon_5) took 0.0ms
2026-10-01T18:06:19.043Z [EVENT world:unitAdded] #0 (anon_0) took 0.0ms
2026-10-01T18:06:19.043Z [EVENT world:unitAdded] #1 (clearUnitCaches) took 0.0ms
2026-10-01T18:06:19.043Z [EVENT world:unitAdded] #2 (markBedsDirty) took 0.0ms
2026-10-01T18:06:19.044Z [EVENT world:unitAdded] #3 (anon_3) took 0.8ms
2026-10-01T18:06:19.044Z [EVENT world:unitAdded] #4 (anon_4) took 0.0ms
2026-10-01T18:06:19.044Z [EVENT world:unitAdded] #5 (anon_5) took 0.0ms
2026-10-01T18:06:19.045Z [EVENT world:unitAdded] #0 (anon_0) took 0.0ms
2026-10-01T18:06:19.045Z [EVENT world:unitAdded] #1 (clearUnitCaches) took 0.0ms
2026-10-01T18:06:19.045Z [EVENT world:unitAdded] #2 (markBedsDirty) took 0.0ms
2026-10-01T18:06:19.046Z [EVENT world:unitAdded] #3 (anon_3) took 0.5ms
2026-10-01T18:06:19.046Z [EVENT world:unitAdded] #4 (anon_4) took 0.0ms
2026-10-01T18:06:19.046Z [EVENT world:unitAdded] #5 (anon_5) took 0.0ms
2026-10-01T18:06:19.047Z [EVENT world:unitAdded] #0 (anon_0) took 0.0ms
2026-10-01T18:06:19.047Z [EVENT world:unitAdded] #1 (clearUnitCaches) took 0.0ms
2026-10-01T18:06:19.047Z [EVENT world:unitAdded] #2 (markBedsDirty) took 0.0ms
2026-10-01T18:06:19.048Z [EVENT world:unitAdded] #3 (anon_3) took 0.5ms
2026-10-01T18:06:19.048Z [EVENT world:unitAdded] #4 (anon_4) took 0.0ms
2026-10-01T18:06:19.048Z [EVENT world:unitAdded] #5 (anon_5) took 0.0ms
2026-10-01T18:06:19.049Z [EVENT world:unitAdded] #0 (anon_0) took 0.0ms
2026-10-01T18:06:19.049Z [EVENT world:unitAdded] #1 (clearUnitCaches) took 0.0ms
2026-10-01T18:06:19.049Z [EVENT world:unitAdded] #2 (markBedsDirty) took 0.0ms
2026-10-01T18:06:19.050Z [EVENT world:unitAdded] #3 (anon_3) took 0.8ms
2026-10-01T18:06:19.050Z [EVENT world:unitAdded] #4 (anon_4) took 0.0ms
2026-10-01T18:06:19.051Z [EVENT world:unitAdded] #5 (anon_5) took 0.0ms
2026-10-01T18:06:19.051Z [EVENT world:unitAdded] #0 (anon_0) took 0.0ms
2026-10-01T18:06:19.051Z [EVENT world:unitAdded] #1 (clearUnitCaches) took 0.0ms
2026-10-01T18:06:19.051Z [EVENT world:unitAdded] #2 (markBedsDirty) took 0.0ms
2026-10-01T18:06:19.052Z [EVENT world:unitAdded] #3 (anon_3) took 0.6ms
2026-10-01T18:06:19.053Z [EVENT world:unitAdded] #4 (anon_4) took 0.0ms
2026-10-01T18:06:19.053Z [EVENT world:unitAdded] #5 (anon_5) took 0.0ms
2026-10-01T18:06:19.053Z [EVENT world:unitAdded] #0 (anon_0) took 0.0ms
2026-10-01T18:06:19.053Z [EVENT world:unitAdded] #1 (clearUnitCaches) took 0.0ms
2026-10-01T18:06:19.053Z [EVENT world:unitAdded] #2 (markBedsDirty) took 0.0ms
2026-10-01T18:06:19.054Z [EVENT world:unitAdded] #3 (anon_3) took 0.5ms
2026-10-01T18:06:19.054Z [EVENT world:unitAdded] #4 (anon_4) took 0.0ms
2026-10-01T18:06:19.055Z [EVENT world:unitAdded] #5 (anon_5) took 0.0ms
2026-10-01T18:06:19.055Z [EVENT world:unitAdded] #0 (anon_0) took 0.0ms
2026-10-01T18:06:19.055Z [EVENT world:unitAdded] #1 (clearUnitCaches) took 0.0ms
2026-10-01T18:06:19.056Z [EVENT world:unitAdded] #2 (markBedsDirty) took 0.0ms
2026-10-01T18:06:19.057Z [EVENT world:unitAdded] #3 (anon_3) took 0.9ms
2026-10-01T18:06:19.057Z [EVENT world:unitAdded] #4 (anon_4) took 0.0ms
2026-10-01T18:06:19.057Z [EVENT world:unitAdded] #5 (anon_5) took 0.0ms
2026-10-01T18:06:19.058Z [EVENT world:unitAdded] #0 (anon_0) took 0.0ms
2026-10-01T18:06:19.058Z [EVENT world:unitAdded] #1 (clearUnitCaches) took 0.0ms
2026-10-01T18:06:19.058Z [EVENT world:unitAdded] #2 (markBedsDirty) took 0.0ms
2026-10-01T18:06:19.059Z [EVENT world:unitAdded] #3 (anon_3) took 0.5ms
2026-10-01T18:06:19.059Z [EVENT world:unitAdded] #4 (anon_4) took 0.0ms
2026-10-01T18:06:19.059Z [EVENT world:unitAdded] #5 (anon_5) took 0.0ms
2026-10-01T18:06:19.059Z [EVENT world:unitAdded] #0 (anon_0) took 0.0ms
2026-10-01T18:06:19.059Z [EVENT world:unitAdded] #1 (clearUnitCaches) took 0.0ms
2026-10-01T18:06:19.060Z [EVENT world:unitAdded] #2 (markBedsDirty) took 0.0ms
2026-10-01T18:06:19.061Z [EVENT world:unitAdded] #3 (anon_3) took 0.5ms
2026-10-01T18:06:19.061Z [EVENT world:unitAdded] #4 (anon_4) took 0.0ms
2026-10-01T18:06:19.061Z [EVENT world:unitAdded] #5 (anon_5) took 0.0ms
2026-10-01T18:06:19.061Z [EVENT world:unitAdded] #0 (anon_0) took 0.0ms
2026-10-01T18:06:19.062Z [EVENT world:unitAdded] #1 (clearUnitCaches) took 0.0ms
2026-10-01T18:06:19.062Z [EVENT world:unitAdded] #2 (markBedsDirty) took 0.0ms
2026-10-01T18:06:19.063Z [EVENT world:unitAdded] #3 (anon_3) took 0.7ms
2026-10-01T18:06:19.063Z [EVENT world:unitAdded] #4 (anon_4) took 0.0ms
2026-10-01T18:06:19.063Z [EVENT world:unitAdded] #5 (anon_5) took 0.0ms
2026-10-01T18:06:19.063Z [EVENT world:unitAdded] #0 (anon_0) took 0.0ms
2026-10-01T18:06:19.064Z [EVENT world:unitAdded] #1 (clearUnitCaches) took 0.0ms
2026-10-01T18:06:19.064Z [EVENT world:unitAdded] #2 (markBedsDirty) took 0.0ms
2026-10-01T18:06:19.064Z [EVENT world:unitAdded] #3 (anon_3) took 0.5ms
2026-10-01T18:06:19.065Z [EVENT world:unitAdded] #4 (anon_4) took 0.0ms
2026-10-01T18:06:19.065Z [EVENT world:unitAdded] #5 (anon_5) took 0.0ms
2026-10-01T18:06:19.065Z [EVENT world:unitAdded] #0 (anon_0) took 0.0ms
2026-10-01T18:06:19.065Z [EVENT world:unitAdded] #1 (clearUnitCaches) took 0.0ms
2026-10-01T18:06:19.065Z [EVENT world:unitAdded] #2 (markBedsDirty) took 0.0ms
2026-10-01T18:06:19.066Z [EVENT world:unitAdded] #3 (anon_3) took 0.8ms
2026-10-01T18:06:19.067Z [EVENT world:unitAdded] #4 (anon_4) took 0.0ms
2026-10-01T18:06:19.067Z [EVENT world:unitAdded] #5 (anon_5) took 0.0ms
2026-10-01T18:06:19.067Z [EVENT world:unitAdded] #0 (anon_0) took 0.0ms
2026-10-01T18:06:19.067Z [EVENT world:unitAdded] #1 (clearUnitCaches) took 0.0ms
2026-10-01T18:06:19.068Z [EVENT world:unitAdded] #2 (markBedsDirty) took 0.0ms
2026-10-01T18:06:19.068Z [EVENT world:unitAdded] #3 (anon_3) took 0.5ms
2026-10-01T18:06:19.068Z [EVENT world:unitAdded] #4 (anon_4) took 0.0ms
2026-10-01T18:06:19.068Z [EVENT world:unitAdded] #5 (anon_5) took 0.0ms
2026-10-01T18:06:19.069Z [EVENT world:unitAdded] #0 (anon_0) took 0.0ms
2026-10-01T18:06:19.069Z [EVENT world:unitAdded] #1 (clearUnitCaches) took 0.0ms
2026-10-01T18:06:19.069Z [EVENT world:unitAdded] #2 (markBedsDirty) took 0.0ms
2026-10-01T18:06:19.070Z [EVENT world:unitAdded] #3 (anon_3) took 0.5ms
2026-10-01T18:06:19.070Z [EVENT world:unitAdded] #4 (anon_4) took 0.0ms
2026-10-01T18:06:19.070Z [EVENT world:unitAdded] #5 (anon_5) took 0.0ms
2026-10-01T18:06:19.071Z [EVENT world:unitAdded] #0 (anon_0) took 0.0ms
2026-10-01T18:06:19.071Z [EVENT world:unitAdded] #1 (clearUnitCaches) took 0.0ms
2026-10-01T18:06:19.071Z [EVENT world:unitAdded] #2 (markBedsDirty) took 0.0ms
2026-10-01T18:06:19.072Z [EVENT world:unitAdded] #3 (anon_3) took 0.8ms
2026-10-01T18:06:19.072Z [EVENT world:unitAdded] #4 (anon_4) took 0.0ms
2026-10-01T18:06:19.072Z [EVENT world:unitAdded] #5 (anon_5) took 0.0ms
2026-10-01T18:06:19.073Z [EVENT world:unitAdded] #0 (anon_0) took 0.0ms
2026-10-01T18:06:19.073Z [EVENT world:unitAdded] #1 (clearUnitCaches) took 0.0ms
2026-10-01T18:06:19.073Z [EVENT world:unitAdded] #2 (markBedsDirty) took 0.0ms
2026-10-01T18:06:19.074Z [EVENT world:unitAdded] #3 (anon_3) took 0.5ms
2026-10-01T18:06:19.074Z [EVENT world:unitAdded] #4 (anon_4) took 0.0ms
2026-10-01T18:06:19.074Z [EVENT world:unitAdded] #5 (anon_5) took 0.0ms
2026-10-01T18:06:19.075Z [EVENT world:unitAdded] #0 (anon_0) took 0.0ms
2026-10-01T18:06:19.075Z [EVENT world:unitAdded] #1 (clearUnitCaches) took 0.0ms
2026-10-01T18:06:19.075Z [EVENT world:unitAdded] #2 (markBedsDirty) took 0.0ms
2026-10-01T18:06:19.076Z [EVENT world:unitAdded] #3 (anon_3) took 0.5ms
2026-10-01T18:06:19.076Z [EVENT world:unitAdded] #4 (anon_4) took 0.0ms
2026-10-01T18:06:19.076Z [EVENT world:unitAdded] #5 (anon_5) took 0.0ms
2026-10-01T18:06:19.076Z [EVENT world:unitAdded] #0 (anon_0) took 0.2ms
2026-10-01T18:06:19.077Z [EVENT world:unitAdded] #1 (clearUnitCaches) took 0.0ms
2026-10-01T18:06:19.077Z [EVENT world:unitAdded] #2 (markBedsDirty) took 0.0ms
2026-10-01T18:06:19.078Z [EVENT world:unitAdded] #3 (anon_3) took 0.7ms
2026-10-01T18:06:19.078Z [EVENT world:unitAdded] #4 (anon_4) took 0.0ms
2026-10-01T18:06:19.078Z [EVENT world:unitAdded] #5 (anon_5) took 0.0ms
2026-10-01T18:06:19.079Z [EVENT world:unitAdded] #0 (anon_0) took 0.0ms
2026-10-01T18:06:19.079Z [EVENT world:unitAdded] #1 (clearUnitCaches) took 0.0ms
2026-10-01T18:06:19.079Z [EVENT world:unitAdded] #2 (markBedsDirty) took 0.0ms
2026-10-01T18:06:19.080Z [EVENT world:unitAdded] #3 (anon_3) took 0.5ms
2026-10-01T18:06:19.080Z [EVENT world:unitAdded] #4 (anon_4) took 0.0ms
2026-10-01T18:06:19.080Z [EVENT world:unitAdded] #5 (anon_5) took 0.0ms
2026-10-01T18:06:19.080Z [EVENT world:unitAdded] #0 (anon_0) took 0.0ms
2026-10-01T18:06:19.081Z [EVENT world:unitAdded] #1 (clearUnitCaches) took 0.0ms
2026-10-01T18:06:19.081Z [EVENT world:unitAdded] #2 (markBedsDirty) took 0.0ms
2026-10-01T18:06:19.081Z [EVENT world:unitAdded] #3 (anon_3) took 0.5ms
2026-10-01T18:06:19.082Z [EVENT world:unitAdded] #4 (anon_4) took 0.0ms
2026-10-01T18:06:19.082Z [EVENT world:unitAdded] #5 (anon_5) took 0.0ms
2026-10-01T18:06:19.082Z [EVENT world:unitAdded] #0 (anon_0) took 0.0ms
2026-10-01T18:06:19.082Z [EVENT world:unitAdded] #1 (clearUnitCaches) took 0.0ms
2026-10-01T18:06:19.083Z [EVENT world:unitAdded] #2 (markBedsDirty) took 0.0ms
2026-10-01T18:06:19.083Z [EVENT world:unitAdded] #3 (anon_3) took 0.8ms
2026-10-01T18:06:19.084Z [EVENT world:unitAdded] #4 (anon_4) took 0.0ms
2026-10-01T18:06:19.084Z [EVENT world:unitAdded] #5 (anon_5) took 0.0ms
2026-10-01T18:06:19.085Z [EVENT world:unitAdded] #0 (anon_0) took 0.0ms
2026-10-01T18:06:19.085Z [EVENT world:unitAdded] #1 (clearUnitCaches) took 0.0ms
2026-10-01T18:06:19.086Z [EVENT world:unitAdded] #2 (markBedsDirty) took 0.0ms
2026-10-01T18:06:19.086Z [EVENT world:unitAdded] #3 (anon_3) took 0.6ms
2026-10-01T18:06:19.087Z [EVENT world:unitAdded] #4 (anon_4) took 0.0ms
2026-10-01T18:06:19.087Z [EVENT world:unitAdded] #5 (anon_5) took 0.0ms
2026-10-01T18:06:19.087Z [EVENT world:unitAdded] #0 (anon_0) took 0.0ms
2026-10-01T18:06:19.087Z [EVENT world:unitAdded] #1 (clearUnitCaches) took 0.0ms
2026-10-01T18:06:19.088Z [EVENT world:unitAdded] #2 (markBedsDirty) took 0.0ms
2026-10-01T18:06:19.088Z [EVENT world:unitAdded] #3 (anon_3) took 0.5ms
2026-10-01T18:06:19.088Z [EVENT world:unitAdded] #4 (anon_4) took 0.0ms
2026-10-01T18:06:19.089Z [EVENT world:unitAdded] #5 (anon_5) took 0.0ms
2026-10-01T18:06:19.089Z [EVENT world:unitAdded] #0 (anon_0) took 0.0ms
2026-10-01T18:06:19.089Z [EVENT world:unitAdded] #1 (clearUnitCaches) took 0.0ms
2026-10-01T18:06:19.089Z [EVENT world:unitAdded] #2 (markBedsDirty) took 0.0ms
2026-10-01T18:06:19.090Z [EVENT world:unitAdded] #3 (anon_3) took 0.8ms
2026-10-01T18:06:19.090Z [EVENT world:unitAdded] #4 (anon_4) took 0.0ms
2026-10-01T18:06:19.091Z [EVENT world:unitAdded] #5 (anon_5) took 0.0ms
2026-10-01T18:06:19.091Z [EVENT world:unitAdded] #0 (anon_0) took 0.0ms
2026-10-01T18:06:19.091Z [EVENT world:unitAdded] #1 (clearUnitCaches) took 0.0ms
2026-10-01T18:06:19.091Z [EVENT world:unitAdded] #2 (markBedsDirty) took 0.0ms
2026-10-01T18:06:19.092Z [EVENT world:unitAdded] #3 (anon_3) took 0.5ms
2026-10-01T18:06:19.092Z [EVENT world:unitAdded] #4 (anon_4) took 0.0ms
2026-10-01T18:06:19.093Z [EVENT world:unitAdded] #5 (anon_5) took 0.0ms
2026-10-01T18:06:19.093Z [EVENT world:unitAdded] #0 (anon_0) took 0.0ms
2026-10-01T18:06:19.093Z [EVENT world:unitAdded] #1 (clearUnitCaches) took 0.0ms
2026-10-01T18:06:19.093Z [EVENT world:unitAdded] #2 (markBedsDirty) took 0.0ms
2026-10-01T18:06:19.094Z [EVENT world:unitAdded] #3 (anon_3) took 0.4ms
2026-10-01T18:06:19.094Z [EVENT world:unitAdded] #4 (anon_4) took 0.0ms
2026-10-01T18:06:19.094Z [EVENT world:unitAdded] #5 (anon_5) took 0.0ms
2026-10-01T18:06:19.095Z [EVENT world:unitAdded] #0 (anon_0) took 0.0ms
2026-10-01T18:06:19.095Z [EVENT world:unitAdded] #1 (clearUnitCaches) took 0.0ms
2026-10-01T18:06:19.095Z [EVENT world:unitAdded] #2 (markBedsDirty) took 0.0ms
2026-10-01T18:06:19.096Z [EVENT world:unitAdded] #3 (anon_3) took 0.8ms
2026-10-01T18:06:19.097Z [EVENT world:unitAdded] #4 (anon_4) took 0.0ms
2026-10-01T18:06:19.097Z [EVENT world:unitAdded] #5 (anon_5) took 0.0ms
2026-10-01T18:06:19.097Z [EVENT world:unitAdded] #0 (anon_0) took 0.0ms
2026-10-01T18:06:19.098Z [EVENT world:unitAdded] #1 (clearUnitCaches) took 0.0ms
2026-10-01T18:06:19.098Z [EVENT world:unitAdded] #2 (markBedsDirty) took 0.0ms
2026-10-01T18:06:19.099Z [EVENT world:unitAdded] #3 (anon_3) took 0.6ms
2026-10-01T18:06:19.099Z [EVENT world:unitAdded] #4 (anon_4) took 0.0ms
2026-10-01T18:06:19.099Z [EVENT world:unitAdded] #5 (anon_5) took 0.0ms
2026-10-01T18:06:19.100Z [EVENT world:unitAdded] #0 (anon_0) took 0.0ms
2026-10-01T18:06:19.100Z [EVENT world:unitAdded] #1 (clearUnitCaches) took 0.0ms
2026-10-01T18:06:19.100Z [EVENT world:unitAdded] #2 (markBedsDirty) took 0.0ms
2026-10-01T18:06:19.101Z [EVENT world:unitAdded] #3 (anon_3) took 0.6ms
2026-10-01T18:06:19.101Z [EVENT world:unitAdded] #4 (anon_4) took 0.0ms
2026-10-01T18:06:19.101Z [EVENT world:unitAdded] #5 (anon_5) took 0.0ms
2026-10-01T18:06:19.102Z [EVENT world:unitAdded] #0 (anon_0) took 0.0ms
2026-10-01T18:06:19.102Z [EVENT world:unitAdded] #1 (clearUnitCaches) took 0.0ms
2026-10-01T18:06:19.102Z [EVENT world:unitAdded] #2 (markBedsDirty) took 0.0ms
2026-10-01T18:06:19.103Z [EVENT world:unitAdded] #3 (anon_3) took 0.4ms
2026-10-01T18:06:19.103Z [EVENT world:unitAdded] #4 (anon_4) took 0.0ms
2026-10-01T18:06:19.103Z [EVENT world:unitAdded] #5 (anon_5) took 0.0ms
2026-10-01T18:06:19.103Z [EVENT world:unitAdded] #0 (anon_0) took 0.0ms
2026-10-01T18:06:19.104Z [EVENT world:unitAdded] #1 (clearUnitCaches) took 0.0ms
2026-10-01T18:06:19.104Z [EVENT world:unitAdded] #2 (markBedsDirty) took 0.0ms
2026-10-01T18:06:19.104Z [EVENT world:unitAdded] #3 (anon_3) took 0.4ms
2026-10-01T18:06:19.104Z [EVENT world:unitAdded] #4 (anon_4) took 0.0ms
2026-10-01T18:06:19.105Z [EVENT world:unitAdded] #5 (anon_5) took 0.0ms
2026-10-01T18:06:19.105Z [EVENT world:unitAdded] #0 (anon_0) took 0.0ms
2026-10-01T18:06:19.105Z [EVENT world:unitAdded] #1 (clearUnitCaches) took 0.0ms
2026-10-01T18:06:19.105Z [EVENT world:unitAdded] #2 (markBedsDirty) took 0.0ms
2026-10-01T18:06:19.106Z [EVENT world:unitAdded] #3 (anon_3) took 0.7ms
2026-10-01T18:06:19.106Z [EVENT world:unitAdded] #4 (anon_4) took 0.0ms
2026-10-01T18:06:19.106Z [EVENT world:unitAdded] #5 (anon_5) took 0.0ms
2026-10-01T18:06:19.107Z [EVENT world:unitAdded] #0 (anon_0) took 0.0ms
2026-10-01T18:06:19.107Z [EVENT world:unitAdded] #1 (clearUnitCaches) took 0.0ms
2026-10-01T18:06:19.107Z [EVENT world:unitAdded] #2 (markBedsDirty) took 0.0ms
2026-10-01T18:06:19.108Z [EVENT world:unitAdded] #3 (anon_3) took 0.5ms
2026-10-01T18:06:19.108Z [EVENT world:unitAdded] #4 (anon_4) took 0.0ms
2026-10-01T18:06:19.109Z [EVENT world:unitAdded] #5 (anon_5) took 0.0ms
2026-10-01T18:06:19.109Z [EVENT world:unitAdded] #0 (anon_0) took 0.0ms
2026-10-01T18:06:19.109Z [EVENT world:unitAdded] #1 (clearUnitCaches) took 0.0ms
2026-10-01T18:06:19.109Z [EVENT world:unitAdded] #2 (markBedsDirty) took 0.0ms
2026-10-01T18:06:19.110Z [EVENT world:unitAdded] #3 (anon_3) took 0.5ms
2026-10-01T18:06:19.110Z [EVENT world:unitAdded] #4 (anon_4) took 0.0ms
2026-10-01T18:06:19.110Z [EVENT world:unitAdded] #5 (anon_5) took 0.0ms
2026-10-01T18:06:19.111Z [EVENT world:unitAdded] #0 (anon_0) took 0.0ms
2026-10-01T18:06:19.111Z [EVENT world:unitAdded] #1 (clearUnitCaches) took 0.0ms
2026-10-01T18:06:19.111Z [EVENT world:unitAdded] #2 (markBedsDirty) took 0.0ms
2026-10-01T18:06:19.112Z [EVENT world:unitAdded] #3 (anon_3) took 0.7ms
2026-10-01T18:06:19.112Z [EVENT world:unitAdded] #4 (anon_4) took 0.0ms
2026-10-01T18:06:19.112Z [EVENT world:unitAdded] #5 (anon_5) took 0.0ms
2026-10-01T18:06:19.113Z [EVENT world:unitAdded] #0 (anon_0) took 0.0ms
2026-10-01T18:06:19.113Z [EVENT world:unitAdded] #1 (clearUnitCaches) took 0.0ms
2026-10-01T18:06:19.113Z [EVENT world:unitAdded] #2 (markBedsDirty) took 0.0ms
2026-10-01T18:06:19.114Z [EVENT world:unitAdded] #3 (anon_3) took 0.5ms
2026-10-01T18:06:19.114Z [EVENT world:unitAdded] #4 (anon_4) took 0.0ms
2026-10-01T18:06:19.114Z [EVENT world:unitAdded] #5 (anon_5) took 0.0ms
2026-10-01T18:06:19.114Z [EVENT world:unitAdded] #0 (anon_0) took 0.0ms
2026-10-01T18:06:19.114Z [EVENT world:unitAdded] #1 (clearUnitCaches) took 0.0ms
2026-10-01T18:06:19.115Z [EVENT world:unitAdded] #2 (markBedsDirty) took 0.0ms
2026-10-01T18:06:19.115Z [EVENT world:unitAdded] #3 (anon_3) took 0.4ms
2026-10-01T18:06:19.115Z [EVENT world:unitAdded] #4 (anon_4) took 0.0ms
2026-10-01T18:06:19.116Z [EVENT world:unitAdded] #5 (anon_5) took 0.0ms
2026-10-01T18:06:19.116Z [EVENT world:unitAdded] #0 (anon_0) took 0.0ms
2026-10-01T18:06:19.116Z [EVENT world:unitAdded] #1 (clearUnitCaches) took 0.0ms
2026-10-01T18:06:19.116Z [EVENT world:unitAdded] #2 (markBedsDirty) took 0.0ms
2026-10-01T18:06:19.117Z [EVENT world:unitAdded] #3 (anon_3) took 0.9ms
2026-10-01T18:06:19.118Z [EVENT world:unitAdded] #4 (anon_4) took 0.0ms
2026-10-01T18:06:19.118Z [EVENT world:unitAdded] #5 (anon_5) took 0.0ms
2026-10-01T18:06:19.118Z [EVENT world:unitAdded] #0 (anon_0) took 0.0ms
2026-10-01T18:06:19.118Z [EVENT world:unitAdded] #1 (clearUnitCaches) took 0.0ms
2026-10-01T18:06:19.119Z [EVENT world:unitAdded] #2 (markBedsDirty) took 0.0ms
2026-10-01T18:06:19.119Z [EVENT world:unitAdded] #3 (anon_3) took 0.6ms
2026-10-01T18:06:19.120Z [EVENT world:unitAdded] #4 (anon_4) took 0.0ms
2026-10-01T18:06:19.120Z [EVENT world:unitAdded] #5 (anon_5) took 0.0ms
2026-10-01T18:06:19.121Z [EVENT world:unitAdded] #0 (anon_0) took 0.0ms
2026-10-01T18:06:19.121Z [EVENT world:unitAdded] #1 (clearUnitCaches) took 0.0ms
2026-10-01T18:06:19.121Z [EVENT world:unitAdded] #2 (markBedsDirty) took 0.0ms
2026-10-01T18:06:19.122Z [EVENT world:unitAdded] #3 (anon_3) took 0.5ms
2026-10-01T18:06:19.122Z [EVENT world:unitAdded] #4 (anon_4) took 0.0ms
2026-10-01T18:06:19.122Z [EVENT world:unitAdded] #5 (anon_5) took 0.0ms
2026-10-01T18:06:19.122Z [EVENT world:unitAdded] #0 (anon_0) took 0.0ms
2026-10-01T18:06:19.122Z [EVENT world:unitAdded] #1 (clearUnitCaches) took 0.0ms
2026-10-01T18:06:19.123Z [EVENT world:unitAdded] #2 (markBedsDirty) took 0.0ms
2026-10-01T18:06:19.123Z [EVENT world:unitAdded] #3 (anon_3) took 0.7ms
2026-10-01T18:06:19.124Z [EVENT world:unitAdded] #4 (anon_4) took 0.0ms
2026-10-01T18:06:19.124Z [EVENT world:unitAdded] #5 (anon_5) took 0.0ms
2026-10-01T18:06:19.124Z [EVENT world:unitAdded] #0 (anon_0) took 0.0ms
2026-10-01T18:06:19.124Z [EVENT world:unitAdded] #1 (clearUnitCaches) took 0.0ms
2026-10-01T18:06:19.124Z [EVENT world:unitAdded] #2 (markBedsDirty) took 0.0ms
2026-10-01T18:06:19.125Z [EVENT world:unitAdded] #3 (anon_3) took 0.5ms
2026-10-01T18:06:19.125Z [EVENT world:unitAdded] #4 (anon_4) took 0.0ms
2026-10-01T18:06:19.125Z [EVENT world:unitAdded] #5 (anon_5) took 0.0ms
2026-10-01T18:06:19.126Z [EVENT world:unitAdded] #0 (anon_0) took 0.0ms
2026-10-01T18:06:19.126Z [EVENT world:unitAdded] #1 (clearUnitCaches) took 0.0ms
2026-10-01T18:06:19.126Z [EVENT world:unitAdded] #2 (markBedsDirty) took 0.0ms
2026-10-01T18:06:19.127Z [EVENT world:unitAdded] #3 (anon_3) took 0.5ms
2026-10-01T18:06:19.127Z [EVENT world:unitAdded] #4 (anon_4) took 0.0ms
2026-10-01T18:06:19.127Z [EVENT world:unitAdded] #5 (anon_5) took 0.0ms
2026-10-01T18:06:19.127Z [EVENT world:unitAdded] #0 (anon_0) took 0.0ms
2026-10-01T18:06:19.127Z [EVENT world:unitAdded] #1 (clearUnitCaches) took 0.0ms
2026-10-01T18:06:19.128Z [EVENT world:unitAdded] #2 (markBedsDirty) took 0.0ms
2026-10-01T18:06:19.129Z [EVENT world:unitAdded] #3 (anon_3) took 0.9ms
2026-10-01T18:06:19.129Z [EVENT world:unitAdded] #4 (anon_4) took 0.0ms
2026-10-01T18:06:19.129Z [EVENT world:unitAdded] #5 (anon_5) took 0.0ms
2026-10-01T18:06:19.129Z [EVENT world:unitAdded] #0 (anon_0) took 0.0ms
2026-10-01T18:06:19.130Z [EVENT world:unitAdded] #1 (clearUnitCaches) took 0.0ms
2026-10-01T18:06:19.130Z [EVENT world:unitAdded] #2 (markBedsDirty) took 0.0ms
2026-10-01T18:06:19.131Z [EVENT world:unitAdded] #3 (anon_3) took 0.6ms
2026-10-01T18:06:19.131Z [EVENT world:unitAdded] #4 (anon_4) took 0.0ms
2026-10-01T18:06:19.131Z [EVENT world:unitAdded] #5 (anon_5) took 0.0ms
2026-10-01T18:06:19.132Z [EVENT world:unitAdded] #0 (anon_0) took 0.0ms
2026-10-01T18:06:19.132Z [EVENT world:unitAdded] #1 (clearUnitCaches) took 0.0ms
2026-10-01T18:06:19.132Z [EVENT world:unitAdded] #2 (markBedsDirty) took 0.0ms
2026-10-01T18:06:19.133Z [EVENT world:unitAdded] #3 (anon_3) took 0.5ms
2026-10-01T18:06:19.133Z [EVENT world:unitAdded] #4 (anon_4) took 0.0ms
2026-10-01T18:06:19.133Z [EVENT world:unitAdded] #5 (anon_5) took 0.0ms
2026-10-01T18:06:19.134Z [EVENT world:unitAdded] #0 (anon_0) took 0.0ms
2026-10-01T18:06:19.134Z [EVENT world:unitAdded] #1 (clearUnitCaches) took 0.0ms
2026-10-01T18:06:19.134Z [EVENT world:unitAdded] #2 (markBedsDirty) took 0.0ms
2026-10-01T18:06:19.135Z [EVENT world:unitAdded] #3 (anon_3) took 0.5ms
2026-10-01T18:06:19.135Z [EVENT world:unitAdded] #4 (anon_4) took 0.0ms
2026-10-01T18:06:19.135Z [EVENT world:unitAdded] #5 (anon_5) took 0.0ms
2026-10-01T18:06:19.135Z [EVENT world:unitAdded] #0 (anon_0) took 0.0ms
2026-10-01T18:06:19.136Z [EVENT world:unitAdded] #1 (clearUnitCaches) took 0.0ms
2026-10-01T18:06:19.136Z [EVENT world:unitAdded] #2 (markBedsDirty) took 0.0ms
2026-10-01T18:06:19.136Z [EVENT world:unitAdded] #3 (anon_3) took 0.5ms
2026-10-01T18:06:19.137Z [EVENT world:unitAdded] #4 (anon_4) took 0.0ms
2026-10-01T18:06:19.137Z [EVENT world:unitAdded] #5 (anon_5) took 0.0ms
2026-10-01T18:06:19.137Z [EVENT world:unitAdded] #0 (anon_0) took 0.0ms
2026-10-01T18:06:19.137Z [EVENT world:unitAdded] #1 (clearUnitCaches) took 0.0ms
2026-10-01T18:06:19.137Z [EVENT world:unitAdded] #2 (markBedsDirty) took 0.0ms
2026-10-01T18:06:19.138Z [EVENT world:unitAdded] #3 (anon_3) took 0.7ms
2026-10-01T18:06:19.138Z [EVENT world:unitAdded] #4 (anon_4) took 0.0ms
2026-10-01T18:06:19.139Z [EVENT world:unitAdded] #5 (anon_5) took 0.0ms
2026-10-01T18:06:19.139Z [EVENT world:unitAdded] #0 (anon_0) took 0.0ms
2026-10-01T18:06:19.139Z [EVENT world:unitAdded] #1 (clearUnitCaches) took 0.0ms
2026-10-01T18:06:19.139Z [EVENT world:unitAdded] #2 (markBedsDirty) took 0.0ms
2026-10-01T18:06:19.140Z [EVENT world:unitAdded] #3 (anon_3) took 0.5ms
2026-10-01T18:06:19.140Z [EVENT world:unitAdded] #4 (anon_4) took 0.0ms
2026-10-01T18:06:19.140Z [EVENT world:unitAdded] #5 (anon_5) took 0.0ms
2026-10-01T18:06:19.140Z [EVENT world:unitAdded] #0 (anon_0) took 0.0ms
2026-10-01T18:06:19.141Z [EVENT world:unitAdded] #1 (clearUnitCaches) took 0.0ms
2026-10-01T18:06:19.141Z [EVENT world:unitAdded] #2 (markBedsDirty) took 0.0ms
2026-10-01T18:06:19.141Z [EVENT world:unitAdded] #3 (anon_3) took 0.5ms
2026-10-01T18:06:19.142Z [EVENT world:unitAdded] #4 (anon_4) took 0.0ms
2026-10-01T18:06:19.142Z [EVENT world:unitAdded] #5 (anon_5) took 0.0ms
2026-10-01T18:06:19.142Z [EVENT world:unitAdded] #0 (anon_0) took 0.0ms
2026-10-01T18:06:19.142Z [EVENT world:unitAdded] #1 (clearUnitCaches) took 0.0ms
2026-10-01T18:06:19.142Z [EVENT world:unitAdded] #2 (markBedsDirty) took 0.0ms
2026-10-01T18:06:19.143Z [EVENT world:unitAdded] #3 (anon_3) took 0.7ms
2026-10-01T18:06:19.143Z [EVENT world:unitAdded] #4 (anon_4) took 0.0ms
2026-10-01T18:06:19.144Z [EVENT world:unitAdded] #5 (anon_5) took 0.0ms
2026-10-01T18:06:19.144Z [EVENT world:unitAdded] #0 (anon_0) took 0.0ms
2026-10-01T18:06:19.144Z [EVENT world:unitAdded] #1 (clearUnitCaches) took 0.0ms
2026-10-01T18:06:19.144Z [EVENT world:unitAdded] #2 (markBedsDirty) took 0.0ms
2026-10-01T18:06:19.145Z [EVENT world:unitAdded] #3 (anon_3) took 0.5ms
2026-10-01T18:06:19.145Z [EVENT world:unitAdded] #4 (anon_4) took 0.0ms
2026-10-01T18:06:19.145Z [EVENT world:unitAdded] #5 (anon_5) took 0.0ms
2026-10-01T18:06:19.146Z [EVENT world:unitAdded] #0 (anon_0) took 0.0ms
2026-10-01T18:06:19.146Z [EVENT world:unitAdded] #1 (clearUnitCaches) took 0.0ms
2026-10-01T18:06:19.146Z [EVENT world:unitAdded] #2 (markBedsDirty) took 0.0ms
2026-10-01T18:06:19.147Z [EVENT world:unitAdded] #3 (anon_3) took 0.5ms
2026-10-01T18:06:19.147Z [EVENT world:unitAdded] #4 (anon_4) took 0.0ms
2026-10-01T18:06:19.147Z [EVENT world:unitAdded] #5 (anon_5) took 0.0ms
2026-10-01T18:06:19.148Z [EVENT world:unitAdded] #0 (anon_0) took 0.0ms
2026-10-01T18:06:19.148Z [EVENT world:unitAdded] #1 (clearUnitCaches) took 0.0ms
2026-10-01T18:06:19.148Z [EVENT world:unitAdded] #2 (markBedsDirty) took 0.0ms
2026-10-01T18:06:19.149Z [EVENT world:unitAdded] #3 (anon_3) took 0.9ms
2026-10-01T18:06:19.149Z [EVENT world:unitAdded] #4 (anon_4) took 0.0ms
2026-10-01T18:06:19.150Z [EVENT world:unitAdded] #5 (anon_5) took 0.0ms
2026-10-01T18:06:19.150Z [EVENT world:unitAdded] #0 (anon_0) took 0.0ms
2026-10-01T18:06:19.150Z [EVENT world:unitAdded] #1 (clearUnitCaches) took 0.0ms
2026-10-01T18:06:19.151Z [EVENT world:unitAdded] #2 (markBedsDirty) took 0.0ms
2026-10-01T18:06:19.151Z [EVENT world:unitAdded] #3 (anon_3) took 0.5ms
2026-10-01T18:06:19.152Z [EVENT world:unitAdded] #4 (anon_4) took 0.0ms
2026-10-01T18:06:19.152Z [EVENT world:unitAdded] #5 (anon_5) took 0.0ms
2026-10-01T18:06:19.152Z [EVENT world:unitAdded] #0 (anon_0) took 0.0ms
2026-10-01T18:06:19.152Z [EVENT world:unitAdded] #1 (clearUnitCaches) took 0.0ms
2026-10-01T18:06:19.153Z [EVENT world:unitAdded] #2 (markBedsDirty) took 0.0ms
2026-10-01T18:06:19.153Z [EVENT world:unitAdded] #3 (anon_3) took 0.6ms
2026-10-01T18:06:19.153Z [EVENT world:unitAdded] #4 (anon_4) took 0.0ms
2026-10-01T18:06:19.154Z [EVENT world:unitAdded] #5 (anon_5) took 0.0ms
2026-10-01T18:06:19.154Z [EVENT world:unitAdded] #0 (anon_0) took 0.0ms
2026-10-01T18:06:19.154Z [EVENT world:unitAdded] #1 (clearUnitCaches) took 0.0ms
2026-10-01T18:06:19.154Z [EVENT world:unitAdded] #2 (markBedsDirty) took 0.0ms
2026-10-01T18:06:19.155Z [EVENT world:unitAdded] #3 (anon_3) took 0.7ms
2026-10-01T18:06:19.156Z [EVENT world:unitAdded] #4 (anon_4) took 0.0ms
2026-10-01T18:06:19.156Z [EVENT world:unitAdded] #5 (anon_5) took 0.0ms
2026-10-01T18:06:19.156Z [EVENT world:unitAdded] #0 (anon_0) took 0.0ms
2026-10-01T18:06:19.157Z [EVENT world:unitAdded] #1 (clearUnitCaches) took 0.0ms
2026-10-01T18:06:19.157Z [EVENT world:unitAdded] #2 (markBedsDirty) took 0.0ms
2026-10-01T18:06:19.157Z [EVENT world:unitAdded] #3 (anon_3) took 0.5ms
2026-10-01T18:06:19.158Z [EVENT world:unitAdded] #4 (anon_4) took 0.0ms
2026-10-01T18:06:19.158Z [EVENT world:unitAdded] #5 (anon_5) took 0.0ms
2026-10-01T18:06:19.158Z [EVENT world:unitAdded] #0 (anon_0) took 0.0ms
2026-10-01T18:06:19.159Z [EVENT world:unitAdded] #1 (clearUnitCaches) took 0.0ms
2026-10-01T18:06:19.159Z [EVENT world:unitAdded] #2 (markBedsDirty) took 0.0ms
2026-10-01T18:06:19.159Z [EVENT world:unitAdded] #3 (anon_3) took 0.5ms
2026-10-01T18:06:19.160Z [EVENT world:unitAdded] #4 (anon_4) took 0.0ms
2026-10-01T18:06:19.160Z [EVENT world:unitAdded] #5 (anon_5) took 0.0ms
2026-10-01T18:06:19.160Z [EVENT world:unitAdded] #0 (anon_0) took 0.0ms
2026-10-01T18:06:19.160Z [EVENT world:unitAdded] #1 (clearUnitCaches) took 0.0ms
2026-10-01T18:06:19.160Z [EVENT world:unitAdded] #2 (markBedsDirty) took 0.0ms
2026-10-01T18:06:19.161Z [EVENT world:unitAdded] #3 (anon_3) took 0.8ms
2026-10-01T18:06:19.162Z [EVENT world:unitAdded] #4 (anon_4) took 0.0ms
2026-10-01T18:06:19.162Z [EVENT world:unitAdded] #5 (anon_5) took 0.0ms
2026-10-01T18:06:19.162Z [EVENT world:unitAdded] #0 (anon_0) took 0.0ms
2026-10-01T18:06:19.163Z [EVENT world:unitAdded] #1 (clearUnitCaches) took 0.0ms
2026-10-01T18:06:19.163Z [EVENT world:unitAdded] #2 (markBedsDirty) took 0.0ms
2026-10-01T18:06:19.163Z [EVENT world:unitAdded] #3 (anon_3) took 0.5ms
2026-10-01T18:06:19.164Z [EVENT world:unitAdded] #4 (anon_4) took 0.0ms
2026-10-01T18:06:19.164Z [EVENT world:unitAdded] #5 (anon_5) took 0.0ms
2026-10-01T18:06:19.164Z [EVENT world:unitAdded] #0 (anon_0) took 0.0ms
2026-10-01T18:06:19.164Z [EVENT world:unitAdded] #1 (clearUnitCaches) took 0.0ms
2026-10-01T18:06:19.165Z [EVENT world:unitAdded] #2 (markBedsDirty) took 0.0ms
2026-10-01T18:06:19.165Z [EVENT world:unitAdded] #3 (anon_3) took 0.7ms
2026-10-01T18:06:19.166Z [EVENT world:unitAdded] #4 (anon_4) took 0.0ms
2026-10-01T18:06:19.166Z [EVENT world:unitAdded] #5 (anon_5) took 0.0ms
2026-10-01T18:06:19.166Z [EVENT world:unitAdded] #0 (anon_0) took 0.0ms
2026-10-01T18:06:19.166Z [EVENT world:unitAdded] #1 (clearUnitCaches) took 0.0ms
2026-10-01T18:06:19.167Z [EVENT world:unitAdded] #2 (markBedsDirty) took 0.0ms
2026-10-01T18:06:19.167Z [EVENT world:unitAdded] #3 (anon_3) took 0.5ms
2026-10-01T18:06:19.167Z [EVENT world:unitAdded] #4 (anon_4) took 0.0ms
2026-10-01T18:06:19.168Z [EVENT world:unitAdded] #5 (anon_5) took 0.0ms
2026-10-01T18:06:19.168Z [EVENT world:unitAdded] #0 (anon_0) took 0.0ms
2026-10-01T18:06:19.168Z [EVENT world:unitAdded] #1 (clearUnitCaches) took 0.0ms
2026-10-01T18:06:19.168Z [EVENT world:unitAdded] #2 (markBedsDirty) took 0.0ms
2026-10-01T18:06:19.169Z [EVENT world:unitAdded] #3 (anon_3) took 0.6ms
2026-10-01T18:06:19.169Z [EVENT world:unitAdded] #4 (anon_4) took 0.0ms
2026-10-01T18:06:19.170Z [EVENT world:unitAdded] #5 (anon_5) took 0.0ms
2026-10-01T18:06:19.170Z [EVENT world:unitAdded] #0 (anon_0) took 0.0ms
2026-10-01T18:06:19.170Z [EVENT world:unitAdded] #1 (clearUnitCaches) took 0.0ms
2026-10-01T18:06:19.171Z [EVENT world:unitAdded] #2 (markBedsDirty) took 0.0ms
2026-10-01T18:06:19.172Z [EVENT world:unitAdded] #3 (anon_3) took 0.9ms
2026-10-01T18:06:19.172Z [EVENT world:unitAdded] #4 (anon_4) took 0.0ms
2026-10-01T18:06:19.172Z [EVENT world:unitAdded] #5 (anon_5) took 0.0ms
2026-10-01T18:06:19.172Z [EVENT world:unitAdded] #0 (anon_0) took 0.0ms
2026-10-01T18:06:19.173Z [EVENT world:unitAdded] #1 (clearUnitCaches) took 0.0ms
2026-10-01T18:06:19.173Z [EVENT world:unitAdded] #2 (markBedsDirty) took 0.0ms
2026-10-01T18:06:19.173Z [EVENT world:unitAdded] #3 (anon_3) took 0.5ms
2026-10-01T18:06:19.174Z [EVENT world:unitAdded] #4 (anon_4) took 0.0ms
2026-10-01T18:06:19.174Z [EVENT world:unitAdded] #5 (anon_5) took 0.0ms
2026-10-01T18:06:19.174Z [EVENT world:unitAdded] #0 (anon_0) took 0.0ms
2026-10-01T18:06:19.174Z [EVENT world:unitAdded] #1 (clearUnitCaches) took 0.0ms
2026-10-01T18:06:19.174Z [EVENT world:unitAdded] #2 (markBedsDirty) took 0.0ms
2026-10-01T18:06:19.175Z [EVENT world:unitAdded] #3 (anon_3) took 0.4ms
2026-10-01T18:06:19.175Z [EVENT world:unitAdded] #4 (anon_4) took 0.0ms
2026-10-01T18:06:19.175Z [EVENT world:unitAdded] #5 (anon_5) took 0.0ms
2026-10-01T18:06:19.176Z [EVENT world:unitAdded] #0 (anon_0) took 0.0ms
2026-10-01T18:06:19.176Z [EVENT world:unitAdded] #1 (clearUnitCaches) took 0.0ms
2026-10-01T18:06:19.176Z [EVENT world:unitAdded] #2 (markBedsDirty) took 0.0ms
2026-10-01T18:06:19.177Z [EVENT world:unitAdded] #3 (anon_3) took 0.7ms
2026-10-01T18:06:19.177Z [EVENT world:unitAdded] #4 (anon_4) took 0.0ms
2026-10-01T18:06:19.177Z [EVENT world:unitAdded] #5 (anon_5) took 0.0ms
2026-10-01T18:06:19.178Z [EVENT world:unitAdded] #0 (anon_0) took 0.0ms
2026-10-01T18:06:19.178Z [EVENT world:unitAdded] #1 (clearUnitCaches) took 0.0ms
2026-10-01T18:06:19.178Z [EVENT world:unitAdded] #2 (markBedsDirty) took 0.0ms
2026-10-01T18:06:19.179Z [EVENT world:unitAdded] #3 (anon_3) took 0.5ms
2026-10-01T18:06:19.179Z [EVENT world:unitAdded] #4 (anon_4) took 0.0ms
2026-10-01T18:06:19.179Z [EVENT world:unitAdded] #5 (anon_5) took 0.0ms
2026-10-01T18:06:19.179Z [EVENT world:unitAdded] #0 (anon_0) took 0.0ms
2026-10-01T18:06:19.180Z [EVENT world:unitAdded] #1 (clearUnitCaches) took 0.0ms
2026-10-01T18:06:19.180Z [EVENT world:unitAdded] #2 (markBedsDirty) took 0.0ms
2026-10-01T18:06:19.181Z [EVENT world:unitAdded] #3 (anon_3) took 0.5ms
2026-10-01T18:06:19.181Z [EVENT world:unitAdded] #4 (anon_4) took 0.0ms
2026-10-01T18:06:19.181Z [EVENT world:unitAdded] #5 (anon_5) took 0.0ms
2026-10-01T18:06:19.182Z [EVENT world:unitAdded] #0 (anon_0) took 0.0ms
2026-10-01T18:06:19.182Z [EVENT world:unitAdded] #1 (clearUnitCaches) took 0.0ms
2026-10-01T18:06:19.182Z [EVENT world:unitAdded] #2 (markBedsDirty) took 0.0ms
2026-10-01T18:06:19.183Z [EVENT world:unitAdded] #3 (anon_3) took 0.8ms
2026-10-01T18:06:19.183Z [EVENT world:unitAdded] #4 (anon_4) took 0.0ms
2026-10-01T18:06:19.184Z [EVENT world:unitAdded] #5 (anon_5) took 0.0ms
2026-10-01T18:06:19.184Z [EVENT world:unitAdded] #0 (anon_0) took 0.0ms
2026-10-01T18:06:19.184Z [EVENT world:unitAdded] #1 (clearUnitCaches) took 0.0ms
2026-10-01T18:06:19.184Z [EVENT world:unitAdded] #2 (markBedsDirty) took 0.0ms
2026-10-01T18:06:19.185Z [EVENT world:unitAdded] #3 (anon_3) took 0.5ms
2026-10-01T18:06:19.185Z [EVENT world:unitAdded] #4 (anon_4) took 0.0ms
2026-10-01T18:06:19.185Z [EVENT world:unitAdded] #5 (anon_5) took 0.0ms
2026-10-01T18:06:19.186Z [EVENT world:unitAdded] #0 (anon_0) took 0.0ms
2026-10-01T18:06:19.186Z [EVENT world:unitAdded] #1 (clearUnitCaches) took 0.0ms
2026-10-01T18:06:19.186Z [EVENT world:unitAdded] #2 (markBedsDirty) took 0.0ms
2026-10-01T18:06:19.187Z [EVENT world:unitAdded] #3 (anon_3) took 0.5ms
2026-10-01T18:06:19.187Z [EVENT world:unitAdded] #4 (anon_4) took 0.0ms
2026-10-01T18:06:19.187Z [EVENT world:unitAdded] #5 (anon_5) took 0.0ms
2026-10-01T18:06:19.188Z [EVENT world:unitAdded] #0 (anon_0) took 0.0ms
2026-10-01T18:06:19.188Z [EVENT world:unitAdded] #1 (clearUnitCaches) took 0.0ms
2026-10-01T18:06:19.188Z [EVENT world:unitAdded] #2 (markBedsDirty) took 0.0ms
2026-10-01T18:06:19.189Z [EVENT world:unitAdded] #3 (anon_3) took 0.8ms
2026-10-01T18:06:19.189Z [EVENT world:unitAdded] #4 (anon_4) took 0.0ms
2026-10-01T18:06:19.190Z [EVENT world:unitAdded] #5 (anon_5) took 0.0ms
2026-10-01T18:06:19.190Z [EVENT world:unitAdded] #0 (anon_0) took 0.0ms
2026-10-01T18:06:19.190Z [EVENT world:unitAdded] #1 (clearUnitCaches) took 0.0ms
2026-10-01T18:06:19.190Z [EVENT world:unitAdded] #2 (markBedsDirty) took 0.0ms
2026-10-01T18:06:19.191Z [EVENT world:unitAdded] #3 (anon_3) took 0.5ms
2026-10-01T18:06:19.191Z [EVENT world:unitAdded] #4 (anon_4) took 0.0ms
2026-10-01T18:06:19.191Z [EVENT world:unitAdded] #5 (anon_5) took 0.0ms
2026-10-01T18:06:19.192Z [EVENT world:unitAdded] #0 (anon_0) took 0.0ms
2026-10-01T18:06:19.192Z [EVENT world:unitAdded] #1 (clearUnitCaches) took 0.0ms
2026-10-01T18:06:19.192Z [EVENT world:unitAdded] #2 (markBedsDirty) took 0.0ms
2026-10-01T18:06:19.193Z [EVENT world:unitAdded] #3 (anon_3) took 0.5ms
2026-10-01T18:06:19.193Z [EVENT world:unitAdded] #4 (anon_4) took 0.0ms
2026-10-01T18:06:19.193Z [EVENT world:unitAdded] #5 (anon_5) took 0.0ms
2026-10-01T18:06:19.194Z [EVENT world:unitAdded] #0 (anon_0) took 0.0ms
2026-10-01T18:06:19.194Z [EVENT world:unitAdded] #1 (clearUnitCaches) took 0.0ms
2026-10-01T18:06:19.194Z [EVENT world:unitAdded] #2 (markBedsDirty) took 0.0ms
2026-10-01T18:06:19.195Z [EVENT world:unitAdded] #3 (anon_3) took 0.7ms
2026-10-01T18:06:19.195Z [EVENT world:unitAdded] #4 (anon_4) took 0.0ms
2026-10-01T18:06:19.196Z [EVENT world:unitAdded] #5 (anon_5) took 0.0ms
2026-10-01T18:06:19.196Z [EVENT world:unitAdded] #0 (anon_0) took 0.0ms
2026-10-01T18:06:19.196Z [EVENT world:unitAdded] #1 (clearUnitCaches) took 0.0ms
2026-10-01T18:06:19.196Z [EVENT world:unitAdded] #2 (markBedsDirty) took 0.0ms
2026-10-01T18:06:19.197Z [EVENT world:unitAdded] #3 (anon_3) took 0.5ms
2026-10-01T18:06:19.197Z [EVENT world:unitAdded] #4 (anon_4) took 0.0ms
2026-10-01T18:06:19.197Z [EVENT world:unitAdded] #5 (anon_5) took 0.0ms
2026-10-01T18:06:19.198Z [EVENT world:unitAdded] #0 (anon_0) took 0.0ms
2026-10-01T18:06:19.198Z [EVENT world:unitAdded] #1 (clearUnitCaches) took 0.0ms
2026-10-01T18:06:19.198Z [EVENT world:unitAdded] #2 (markBedsDirty) took 0.0ms
2026-10-01T18:06:19.199Z [EVENT world:unitAdded] #3 (anon_3) took 0.8ms
2026-10-01T18:06:19.199Z [EVENT world:unitAdded] #4 (anon_4) took 0.0ms
2026-10-01T18:06:19.200Z [EVENT world:unitAdded] #5 (anon_5) took 0.0ms
2026-10-01T18:06:19.200Z [EVENT world:unitAdded] #0 (anon_0) took 0.0ms
2026-10-01T18:06:19.200Z [EVENT world:unitAdded] #1 (clearUnitCaches) took 0.0ms
2026-10-01T18:06:19.200Z [EVENT world:unitAdded] #2 (markBedsDirty) took 0.0ms
2026-10-01T18:06:19.201Z [EVENT world:unitAdded] #3 (anon_3) took 0.5ms
2026-10-01T18:06:19.201Z [EVENT world:unitAdded] #4 (anon_4) took 0.0ms
2026-10-01T18:06:19.201Z [EVENT world:unitAdded] #5 (anon_5) took 0.0ms
2026-10-01T18:06:19.202Z [EVENT world:unitAdded] #0 (anon_0) took 0.0ms
2026-10-01T18:06:19.202Z [EVENT world:unitAdded] #1 (clearUnitCaches) took 0.0ms
2026-10-01T18:06:19.202Z [EVENT world:unitAdded] #2 (markBedsDirty) took 0.0ms
2026-10-01T18:06:19.203Z [EVENT world:unitAdded] #3 (anon_3) took 0.6ms
2026-10-01T18:06:19.203Z [EVENT world:unitAdded] #4 (anon_4) took 0.0ms
2026-10-01T18:06:19.203Z [EVENT world:unitAdded] #5 (anon_5) took 0.0ms
2026-10-01T18:06:19.204Z [EVENT world:unitAdded] #0 (anon_0) took 0.0ms
2026-10-01T18:06:19.204Z [EVENT world:unitAdded] #1 (clearUnitCaches) took 0.0ms
2026-10-01T18:06:19.204Z [EVENT world:unitAdded] #2 (markBedsDirty) took 0.0ms
2026-10-01T18:06:19.205Z [EVENT world:unitAdded] #3 (anon_3) took 0.7ms
2026-10-01T18:06:19.205Z [EVENT world:unitAdded] #4 (anon_4) took 0.0ms
2026-10-01T18:06:19.205Z [EVENT world:unitAdded] #5 (anon_5) took 0.0ms
2026-10-01T18:06:19.206Z [EVENT world:unitAdded] #0 (anon_0) took 0.0ms
2026-10-01T18:06:19.206Z [EVENT world:unitAdded] #1 (clearUnitCaches) took 0.0ms
2026-10-01T18:06:19.206Z [EVENT world:unitAdded] #2 (markBedsDirty) took 0.0ms
2026-10-01T18:06:19.207Z [EVENT world:unitAdded] #3 (anon_3) took 0.5ms
2026-10-01T18:06:19.207Z [EVENT world:unitAdded] #4 (anon_4) took 0.0ms
2026-10-01T18:06:19.207Z [EVENT world:unitAdded] #5 (anon_5) took 0.0ms
2026-10-01T18:06:19.208Z [EVENT world:unitAdded] #0 (anon_0) took 0.6ms
2026-10-01T18:06:19.208Z [EVENT world:unitAdded] #1 (clearUnitCaches) took 0.0ms
2026-10-01T18:06:19.208Z [EVENT world:unitAdded] #2 (markBedsDirty) took 0.0ms
2026-10-01T18:06:19.209Z [EVENT world:unitAdded] #3 (anon_3) took 0.5ms
2026-10-01T18:06:19.209Z [EVENT world:unitAdded] #4 (anon_4) took 0.0ms
2026-10-01T18:06:19.209Z [EVENT world:unitAdded] #5 (anon_5) took 0.0ms
2026-10-01T18:06:19.210Z [EVENT world:unitAdded] #0 (anon_0) took 0.0ms
2026-10-01T18:06:19.210Z [EVENT world:unitAdded] #1 (clearUnitCaches) took 0.0ms
2026-10-01T18:06:19.210Z [EVENT world:unitAdded] #2 (markBedsDirty) took 0.0ms
2026-10-01T18:06:19.211Z [EVENT world:unitAdded] #3 (anon_3) took 0.8ms
2026-10-01T18:06:19.212Z [EVENT world:unitAdded] #4 (anon_4) took 0.0ms
2026-10-01T18:06:19.212Z [EVENT world:unitAdded] #5 (anon_5) took 0.0ms
2026-10-01T18:06:19.212Z [EVENT world:unitAdded] #0 (anon_0) took 0.0ms
2026-10-01T18:06:19.212Z [EVENT world:unitAdded] #1 (clearUnitCaches) took 0.0ms
2026-10-01T18:06:19.213Z [EVENT world:unitAdded] #2 (markBedsDirty) took 0.0ms
2026-10-01T18:06:19.213Z [EVENT world:unitAdded] #3 (anon_3) took 0.5ms
2026-10-01T18:06:19.213Z [EVENT world:unitAdded] #4 (anon_4) took 0.0ms
2026-10-01T18:06:19.214Z [EVENT world:unitAdded] #5 (anon_5) took 0.0ms
2026-10-01T18:06:19.214Z [EVENT world:unitAdded] #0 (anon_0) took 0.0ms
2026-10-01T18:06:19.214Z [EVENT world:unitAdded] #1 (clearUnitCaches) took 0.0ms
2026-10-01T18:06:19.214Z [EVENT world:unitAdded] #2 (markBedsDirty) took 0.0ms
2026-10-01T18:06:19.215Z [EVENT world:unitAdded] #3 (anon_3) took 0.5ms
2026-10-01T18:06:19.215Z [EVENT world:unitAdded] #4 (anon_4) took 0.0ms
2026-10-01T18:06:19.215Z [EVENT world:unitAdded] #5 (anon_5) took 0.0ms
2026-10-01T18:06:19.216Z [EVENT world:unitAdded] #0 (anon_0) took 0.0ms
2026-10-01T18:06:19.216Z [EVENT world:unitAdded] #1 (clearUnitCaches) took 0.0ms
2026-10-01T18:06:19.216Z [EVENT world:unitAdded] #2 (markBedsDirty) took 0.0ms
2026-10-01T18:06:19.217Z [EVENT world:unitAdded] #3 (anon_3) took 0.7ms
2026-10-01T18:06:19.217Z [EVENT world:unitAdded] #4 (anon_4) took 0.0ms
2026-10-01T18:06:19.217Z [EVENT world:unitAdded] #5 (anon_5) took 0.0ms
2026-10-01T18:06:19.217Z [EVENT world:unitAdded] #0 (anon_0) took 0.0ms
2026-10-01T18:06:19.218Z [EVENT world:unitAdded] #1 (clearUnitCaches) took 0.0ms
2026-10-01T18:06:19.218Z [EVENT world:unitAdded] #2 (markBedsDirty) took 0.0ms
2026-10-01T18:06:19.218Z [EVENT world:unitAdded] #3 (anon_3) took 0.5ms
2026-10-01T18:06:19.219Z [EVENT world:unitAdded] #4 (anon_4) took 0.0ms
2026-10-01T18:06:19.219Z [EVENT world:unitAdded] #5 (anon_5) took 0.0ms
2026-10-01T18:06:19.219Z [EVENT world:unitAdded] #0 (anon_0) took 0.0ms
2026-10-01T18:06:19.219Z [EVENT world:unitAdded] #1 (clearUnitCaches) took 0.0ms
2026-10-01T18:06:19.219Z [EVENT world:unitAdded] #2 (markBedsDirty) took 0.0ms
2026-10-01T18:06:19.220Z [EVENT world:unitAdded] #3 (anon_3) took 0.6ms
2026-10-01T18:06:19.221Z [EVENT world:unitAdded] #4 (anon_4) took 0.0ms
2026-10-01T18:06:19.221Z [EVENT world:unitAdded] #5 (anon_5) took 0.0ms
2026-10-01T18:06:19.221Z [EVENT world:unitAdded] #0 (anon_0) took 0.0ms
2026-10-01T18:06:19.221Z [EVENT world:unitAdded] #1 (clearUnitCaches) took 0.0ms
2026-10-01T18:06:19.222Z [EVENT world:unitAdded] #2 (markBedsDirty) took 0.0ms
2026-10-01T18:06:19.223Z [EVENT world:unitAdded] #3 (anon_3) took 0.8ms
2026-10-01T18:06:19.223Z [EVENT world:unitAdded] #4 (anon_4) took 0.0ms
2026-10-01T18:06:19.223Z [EVENT world:unitAdded] #5 (anon_5) took 0.0ms
2026-10-01T18:06:19.223Z [EVENT world:unitAdded] #0 (anon_0) took 0.0ms
2026-10-01T18:06:19.224Z [EVENT world:unitAdded] #1 (clearUnitCaches) took 0.0ms
2026-10-01T18:06:19.224Z [EVENT world:unitAdded] #2 (markBedsDirty) took 0.0ms
2026-10-01T18:06:19.224Z [EVENT world:unitAdded] #3 (anon_3) took 0.5ms
2026-10-01T18:06:19.225Z [EVENT world:unitAdded] #4 (anon_4) took 0.0ms
2026-10-01T18:06:19.225Z [EVENT world:unitAdded] #5 (anon_5) took 0.0ms
2026-10-01T18:06:19.225Z [EVENT world:unitAdded] #0 (anon_0) took 0.0ms
2026-10-01T18:06:19.225Z [EVENT world:unitAdded] #1 (clearUnitCaches) took 0.0ms
2026-10-01T18:06:19.225Z [EVENT world:unitAdded] #2 (markBedsDirty) took 0.0ms
2026-10-01T18:06:19.226Z [EVENT world:unitAdded] #3 (anon_3) took 0.7ms
2026-10-01T18:06:19.227Z [EVENT world:unitAdded] #4 (anon_4) took 0.0ms
2026-10-01T18:06:19.227Z [EVENT world:unitAdded] #5 (anon_5) took 0.0ms
2026-10-01T18:06:19.227Z [EVENT world:unitAdded] #0 (anon_0) took 0.0ms
2026-10-01T18:06:19.228Z [EVENT world:unitAdded] #1 (clearUnitCaches) took 0.0ms
2026-10-01T18:06:19.228Z [EVENT world:unitAdded] #2 (markBedsDirty) took 0.0ms
2026-10-01T18:06:19.228Z [EVENT world:unitAdded] #3 (anon_3) took 0.5ms
2026-10-01T18:06:19.229Z [EVENT world:unitAdded] #4 (anon_4) took 0.0ms
2026-10-01T18:06:19.229Z [EVENT world:unitAdded] #5 (anon_5) took 0.0ms
2026-10-01T18:06:19.229Z [EVENT world:unitAdded] #0 (anon_0) took 0.0ms
2026-10-01T18:06:19.229Z [EVENT world:unitAdded] #1 (clearUnitCaches) took 0.0ms
2026-10-01T18:06:19.229Z [EVENT world:unitAdded] #2 (markBedsDirty) took 0.0ms
2026-10-01T18:06:19.230Z [EVENT world:unitAdded] #3 (anon_3) took 0.4ms
2026-10-01T18:06:19.230Z [EVENT world:unitAdded] #4 (anon_4) took 0.0ms
2026-10-01T18:06:19.230Z [EVENT world:unitAdded] #5 (anon_5) took 0.0ms
2026-10-01T18:06:19.230Z [EVENT world:unitAdded] #0 (anon_0) took 0.0ms
2026-10-01T18:06:19.231Z [EVENT world:unitAdded] #1 (clearUnitCaches) took 0.0ms
2026-10-01T18:06:19.231Z [EVENT world:unitAdded] #2 (markBedsDirty) took 0.0ms
2026-10-01T18:06:19.232Z [EVENT world:unitAdded] #3 (anon_3) took 0.7ms
2026-10-01T18:06:19.232Z [EVENT world:unitAdded] #4 (anon_4) took 0.0ms
2026-10-01T18:06:19.232Z [EVENT world:unitAdded] #5 (anon_5) took 0.0ms
2026-10-01T18:06:19.232Z [EVENT world:unitAdded] #0 (anon_0) took 0.0ms
2026-10-01T18:06:19.233Z [EVENT world:unitAdded] #1 (clearUnitCaches) took 0.0ms
2026-10-01T18:06:19.233Z [EVENT world:unitAdded] #2 (markBedsDirty) took 0.0ms
2026-10-01T18:06:19.233Z [EVENT world:unitAdded] #3 (anon_3) took 0.5ms
2026-10-01T18:06:19.234Z [EVENT world:unitAdded] #4 (anon_4) took 0.0ms
2026-10-01T18:06:19.234Z [EVENT world:unitAdded] #5 (anon_5) took 0.0ms
2026-10-01T18:06:19.234Z [EVENT world:unitAdded] #0 (anon_0) took 0.0ms
2026-10-01T18:06:19.234Z [EVENT world:unitAdded] #1 (clearUnitCaches) took 0.0ms
2026-10-01T18:06:19.234Z [EVENT world:unitAdded] #2 (markBedsDirty) took 0.0ms
2026-10-01T18:06:19.235Z [EVENT world:unitAdded] #3 (anon_3) took 0.5ms
2026-10-01T18:06:19.235Z [EVENT world:unitAdded] #4 (anon_4) took 0.0ms
2026-10-01T18:06:19.235Z [EVENT world:unitAdded] #5 (anon_5) took 0.0ms
2026-10-01T18:06:19.236Z [EVENT world:unitAdded] #0 (anon_0) took 0.0ms
2026-10-01T18:06:19.236Z [EVENT world:unitAdded] #1 (clearUnitCaches) took 0.0ms
2026-10-01T18:06:19.236Z [EVENT world:unitAdded] #2 (markBedsDirty) took 0.0ms
2026-10-01T18:06:19.237Z [EVENT world:unitAdded] #3 (anon_3) took 0.8ms
2026-10-01T18:06:19.237Z [EVENT world:unitAdded] #4 (anon_4) took 0.0ms
2026-10-01T18:06:19.237Z [EVENT world:unitAdded] #5 (anon_5) took 0.0ms
2026-10-01T18:06:19.238Z [EVENT world:unitAdded] #0 (anon_0) took 0.0ms
2026-10-01T18:06:19.238Z [EVENT world:unitAdded] #1 (clearUnitCaches) took 0.0ms
2026-10-01T18:06:19.238Z [EVENT world:unitAdded] #2 (markBedsDirty) took 0.0ms
2026-10-01T18:06:19.239Z [EVENT world:unitAdded] #3 (anon_3) took 0.5ms
2026-10-01T18:06:19.239Z [EVENT world:unitAdded] #4 (anon_4) took 0.0ms
2026-10-01T18:06:19.239Z [EVENT world:unitAdded] #5 (anon_5) took 0.0ms
2026-10-01T18:06:19.240Z [EVENT world:unitAdded] #0 (anon_0) took 0.0ms
2026-10-01T18:06:19.240Z [EVENT world:unitAdded] #1 (clearUnitCaches) took 0.0ms
2026-10-01T18:06:19.240Z [EVENT world:unitAdded] #2 (markBedsDirty) took 0.0ms
2026-10-01T18:06:19.241Z [EVENT world:unitAdded] #3 (anon_3) took 0.5ms
2026-10-01T18:06:19.241Z [EVENT world:unitAdded] #4 (anon_4) took 0.0ms
2026-10-01T18:06:19.241Z [EVENT world:unitAdded] #5 (anon_5) took 0.0ms
2026-10-01T18:06:19.241Z [EVENT world:unitAdded] #0 (anon_0) took 0.0ms
2026-10-01T18:06:19.241Z [EVENT world:unitAdded] #1 (clearUnitCaches) took 0.0ms
2026-10-01T18:06:19.242Z [EVENT world:unitAdded] #2 (markBedsDirty) took 0.0ms
2026-10-01T18:06:19.243Z [EVENT world:unitAdded] #3 (anon_3) took 0.9ms
2026-10-01T18:06:19.243Z [EVENT world:unitAdded] #4 (anon_4) took 0.0ms
2026-10-01T18:06:19.243Z [EVENT world:unitAdded] #5 (anon_5) took 0.0ms
2026-10-01T18:06:19.244Z [EVENT world:unitAdded] #0 (anon_0) took 0.0ms
2026-10-01T18:06:19.244Z [EVENT world:unitAdded] #1 (clearUnitCaches) took 0.0ms
2026-10-01T18:06:19.244Z [EVENT world:unitAdded] #2 (markBedsDirty) took 0.0ms
2026-10-01T18:06:19.244Z [EVENT world:unitAdded] #3 (anon_3) took 0.5ms
2026-10-01T18:06:19.245Z [EVENT world:unitAdded] #4 (anon_4) took 0.0ms
2026-10-01T18:06:19.245Z [EVENT world:unitAdded] #5 (anon_5) took 0.0ms
2026-10-01T18:06:19.245Z [EVENT world:unitAdded] #0 (anon_0) took 0.0ms
2026-10-01T18:06:19.245Z [EVENT world:unitAdded] #1 (clearUnitCaches) took 0.0ms
2026-10-01T18:06:19.246Z [EVENT world:unitAdded] #2 (markBedsDirty) took 0.0ms
2026-10-01T18:06:19.246Z [EVENT world:unitAdded] #3 (anon_3) took 0.5ms
2026-10-01T18:06:19.246Z [EVENT world:unitAdded] #4 (anon_4) took 0.0ms
2026-10-01T18:06:19.247Z [EVENT world:unitAdded] #5 (anon_5) took 0.0ms
2026-10-01T18:06:19.247Z [EVENT world:unitAdded] #0 (anon_0) took 0.0ms
2026-10-01T18:06:19.247Z [EVENT world:unitAdded] #1 (clearUnitCaches) took 0.0ms
2026-10-01T18:06:19.247Z [EVENT world:unitAdded] #2 (markBedsDirty) took 0.0ms
2026-10-01T18:06:19.248Z [EVENT world:unitAdded] #3 (anon_3) took 0.7ms
2026-10-01T18:06:19.249Z [EVENT world:unitAdded] #4 (anon_4) took 0.0ms
2026-10-01T18:06:19.249Z [EVENT world:unitAdded] #5 (anon_5) took 0.0ms
2026-10-01T18:06:19.249Z [EVENT world:unitAdded] #0 (anon_0) took 0.0ms
2026-10-01T18:06:19.249Z [EVENT world:unitAdded] #1 (clearUnitCaches) took 0.0ms
2026-10-01T18:06:19.249Z [EVENT world:unitAdded] #2 (markBedsDirty) took 0.0ms
2026-10-01T18:06:19.250Z [EVENT world:unitAdded] #3 (anon_3) took 0.6ms
2026-10-01T18:06:19.250Z [EVENT world:unitAdded] #4 (anon_4) took 0.0ms
2026-10-01T18:06:19.250Z [EVENT world:unitAdded] #5 (anon_5) took 0.0ms
2026-10-01T18:06:19.251Z [EVENT world:unitAdded] #0 (anon_0) took 0.0ms
2026-10-01T18:06:19.251Z [EVENT world:unitAdded] #1 (clearUnitCaches) took 0.0ms
2026-10-01T18:06:19.251Z [EVENT world:unitAdded] #2 (markBedsDirty) took 0.0ms
2026-10-01T18:06:19.252Z [EVENT world:unitAdded] #3 (anon_3) took 0.5ms
2026-10-01T18:06:19.252Z [EVENT world:unitAdded] #4 (anon_4) took 0.0ms
2026-10-01T18:06:19.252Z [EVENT world:unitAdded] #5 (anon_5) took 0.0ms
2026-10-01T18:06:19.253Z [EVENT world:unitAdded] #0 (anon_0) took 0.0ms
2026-10-01T18:06:19.253Z [EVENT world:unitAdded] #1 (clearUnitCaches) took 0.0ms
2026-10-01T18:06:19.253Z [EVENT world:unitAdded] #2 (markBedsDirty) took 0.0ms
2026-10-01T18:06:19.254Z [EVENT world:unitAdded] #3 (anon_3) took 0.7ms
2026-10-01T18:06:19.254Z [EVENT world:unitAdded] #4 (anon_4) took 0.0ms
2026-10-01T18:06:19.254Z [EVENT world:unitAdded] #5 (anon_5) took 0.0ms
2026-10-01T18:06:19.254Z [EVENT world:unitAdded] #0 (anon_0) took 0.0ms
2026-10-01T18:06:19.255Z [EVENT world:unitAdded] #1 (clearUnitCaches) took 0.0ms
2026-10-01T18:06:19.255Z [EVENT world:unitAdded] #2 (markBedsDirty) took 0.0ms
2026-10-01T18:06:19.255Z [EVENT world:unitAdded] #3 (anon_3) took 0.4ms
2026-10-01T18:06:19.255Z [EVENT world:unitAdded] #4 (anon_4) took 0.0ms
2026-10-01T18:06:19.256Z [EVENT world:unitAdded] #5 (anon_5) took 0.0ms
2026-10-01T18:06:19.256Z [EVENT world:unitAdded] #0 (anon_0) took 0.0ms
2026-10-01T18:06:19.256Z [EVENT world:unitAdded] #1 (clearUnitCaches) took 0.0ms
2026-10-01T18:06:19.256Z [EVENT world:unitAdded] #2 (markBedsDirty) took 0.0ms
2026-10-01T18:06:19.257Z [EVENT world:unitAdded] #3 (anon_3) took 0.7ms
2026-10-01T18:06:19.257Z [EVENT world:unitAdded] #4 (anon_4) took 0.0ms
2026-10-01T18:06:19.257Z [EVENT world:unitAdded] #5 (anon_5) took 0.0ms
2026-10-01T18:06:19.258Z [EVENT world:unitAdded] #0 (anon_0) took 0.0ms
2026-10-01T18:06:19.258Z [EVENT world:unitAdded] #1 (clearUnitCaches) took 0.0ms
2026-10-01T18:06:19.258Z [EVENT world:unitAdded] #2 (markBedsDirty) took 0.0ms
2026-10-01T18:06:19.259Z [EVENT world:unitAdded] #3 (anon_3) took 0.6ms
2026-10-01T18:06:19.259Z [EVENT world:unitAdded] #4 (anon_4) took 0.0ms
2026-10-01T18:06:19.259Z [EVENT world:unitAdded] #5 (anon_5) took 0.0ms
2026-10-01T18:06:19.260Z [EVENT world:unitAdded] #0 (anon_0) took 0.0ms
2026-10-01T18:06:19.260Z [EVENT world:unitAdded] #1 (clearUnitCaches) took 0.0ms
2026-10-01T18:06:19.260Z [EVENT world:unitAdded] #2 (markBedsDirty) took 0.0ms
2026-10-01T18:06:19.261Z [EVENT world:unitAdded] #3 (anon_3) took 0.5ms
2026-10-01T18:06:19.261Z [EVENT world:unitAdded] #4 (anon_4) took 0.0ms
2026-10-01T18:06:19.261Z [EVENT world:unitAdded] #5 (anon_5) took 0.0ms
2026-10-01T18:06:19.262Z [EVENT world:unitAdded] #0 (anon_0) took 0.0ms
2026-10-01T18:06:19.262Z [EVENT world:unitAdded] #1 (clearUnitCaches) took 0.0ms
2026-10-01T18:06:19.262Z [EVENT world:unitAdded] #2 (markBedsDirty) took 0.0ms
2026-10-01T18:06:19.263Z [EVENT world:unitAdded] #3 (anon_3) took 0.8ms
2026-10-01T18:06:19.263Z [EVENT world:unitAdded] #4 (anon_4) took 0.0ms
2026-10-01T18:06:19.264Z [EVENT world:unitAdded] #5 (anon_5) took 0.0ms
2026-10-01T18:06:19.264Z [EVENT world:unitAdded] #0 (anon_0) took 0.0ms
2026-10-01T18:06:19.264Z [EVENT world:unitAdded] #1 (clearUnitCaches) took 0.0ms
2026-10-01T18:06:19.264Z [EVENT world:unitAdded] #2 (markBedsDirty) took 0.0ms
2026-10-01T18:06:19.265Z [EVENT world:unitAdded] #3 (anon_3) took 0.6ms
2026-10-01T18:06:19.266Z [EVENT world:unitAdded] #4 (anon_4) took 0.0ms
2026-10-01T18:06:19.266Z [EVENT world:unitAdded] #5 (anon_5) took 0.0ms
2026-10-01T18:06:19.266Z [EVENT world:unitAdded] #0 (anon_0) took 0.0ms
2026-10-01T18:06:19.266Z [EVENT world:unitAdded] #1 (clearUnitCaches) took 0.0ms
2026-10-01T18:06:19.266Z [EVENT world:unitAdded] #2 (markBedsDirty) took 0.0ms
2026-10-01T18:06:19.267Z [EVENT world:unitAdded] #3 (anon_3) took 0.5ms
2026-10-01T18:06:19.267Z [EVENT world:unitAdded] #4 (anon_4) took 0.0ms
2026-10-01T18:06:19.268Z [EVENT world:unitAdded] #5 (anon_5) took 0.0ms
2026-10-01T18:06:19.268Z [EVENT world:unitAdded] #0 (anon_0) took 0.0ms
2026-10-01T18:06:19.268Z [EVENT world:unitAdded] #1 (clearUnitCaches) took 0.0ms
2026-10-01T18:06:19.268Z [EVENT world:unitAdded] #2 (markBedsDirty) took 0.0ms
2026-10-01T18:06:19.269Z [EVENT world:unitAdded] #3 (anon_3) took 0.8ms
2026-10-01T18:06:19.269Z [EVENT world:unitAdded] #4 (anon_4) took 0.0ms
2026-10-01T18:06:19.270Z [EVENT world:unitAdded] #5 (anon_5) took 0.0ms
2026-10-01T18:06:19.270Z [EVENT world:unitAdded] #0 (anon_0) took 0.0ms
2026-10-01T18:06:19.270Z [EVENT world:unitAdded] #1 (clearUnitCaches) took 0.0ms
2026-10-01T18:06:19.270Z [EVENT world:unitAdded] #2 (markBedsDirty) took 0.0ms
2026-10-01T18:06:19.271Z [EVENT world:unitAdded] #3 (anon_3) took 0.5ms
2026-10-01T18:06:19.271Z [EVENT world:unitAdded] #4 (anon_4) took 0.0ms
2026-10-01T18:06:19.271Z [EVENT world:unitAdded] #5 (anon_5) took 0.0ms
2026-10-01T18:06:19.271Z [EVENT world:unitAdded] #0 (anon_0) took 0.0ms
2026-10-01T18:06:19.272Z [EVENT world:unitAdded] #1 (clearUnitCaches) took 0.0ms
2026-10-01T18:06:19.272Z [EVENT world:unitAdded] #2 (markBedsDirty) took 0.0ms
2026-10-01T18:06:19.272Z [EVENT world:unitAdded] #3 (anon_3) took 0.5ms
2026-10-01T18:06:19.273Z [EVENT world:unitAdded] #4 (anon_4) took 0.0ms
2026-10-01T18:06:19.273Z [EVENT world:unitAdded] #5 (anon_5) took 0.0ms
2026-10-01T18:06:19.273Z [EVENT world:unitAdded] #0 (anon_0) took 0.0ms
2026-10-01T18:06:19.273Z [EVENT world:unitAdded] #1 (clearUnitCaches) took 0.0ms
2026-10-01T18:06:19.273Z [EVENT world:unitAdded] #2 (markBedsDirty) took 0.0ms
2026-10-01T18:06:19.274Z [EVENT world:unitAdded] #3 (anon_3) took 0.9ms
2026-10-01T18:06:19.275Z [EVENT world:unitAdded] #4 (anon_4) took 0.0ms
2026-10-01T18:06:19.275Z [EVENT world:unitAdded] #5 (anon_5) took 0.0ms
2026-10-01T18:06:19.275Z [EVENT world:unitAdded] #0 (anon_0) took 0.0ms
2026-10-01T18:06:19.276Z [EVENT world:unitAdded] #1 (clearUnitCaches) took 0.0ms
2026-10-01T18:06:19.276Z [EVENT world:unitAdded] #2 (markBedsDirty) took 0.0ms
2026-10-01T18:06:19.277Z [EVENT world:unitAdded] #3 (anon_3) took 0.5ms
2026-10-01T18:06:19.277Z [EVENT world:unitAdded] #4 (anon_4) took 0.0ms
2026-10-01T18:06:19.277Z [EVENT world:unitAdded] #5 (anon_5) took 0.0ms
2026-10-01T18:06:19.277Z [EVENT world:unitAdded] #0 (anon_0) took 0.0ms
2026-10-01T18:06:19.278Z [EVENT world:unitAdded] #1 (clearUnitCaches) took 0.0ms
2026-10-01T18:06:19.278Z [EVENT world:unitAdded] #2 (markBedsDirty) took 0.0ms
2026-10-01T18:06:19.278Z [EVENT world:unitAdded] #3 (anon_3) took 0.6ms
2026-10-01T18:06:19.279Z [EVENT world:unitAdded] #4 (anon_4) took 0.0ms
2026-10-01T18:06:19.279Z [EVENT world:unitAdded] #5 (anon_5) took 0.0ms
2026-10-01T18:06:19.279Z [EVENT world:unitAdded] #0 (anon_0) took 0.0ms
2026-10-01T18:06:19.279Z [EVENT world:unitAdded] #1 (clearUnitCaches) took 0.0ms
2026-10-01T18:06:19.280Z [EVENT world:unitAdded] #2 (markBedsDirty) took 0.0ms
2026-10-01T18:06:19.280Z [EVENT world:unitAdded] #3 (anon_3) took 0.8ms
2026-10-01T18:06:19.281Z [EVENT world:unitAdded] #4 (anon_4) took 0.0ms
2026-10-01T18:06:19.281Z [EVENT world:unitAdded] #5 (anon_5) took 0.0ms
2026-10-01T18:06:19.281Z [EVENT world:unitAdded] #0 (anon_0) took 0.0ms
2026-10-01T18:06:19.281Z [EVENT world:unitAdded] #1 (clearUnitCaches) took 0.0ms
2026-10-01T18:06:19.282Z [EVENT world:unitAdded] #2 (markBedsDirty) took 0.0ms
2026-10-01T18:06:19.282Z [EVENT world:unitAdded] #3 (anon_3) took 0.5ms
2026-10-01T18:06:19.282Z [EVENT world:unitAdded] #4 (anon_4) took 0.0ms
2026-10-01T18:06:19.283Z [EVENT world:unitAdded] #5 (anon_5) took 0.0ms
2026-10-01T18:06:19.283Z [EVENT world:unitAdded] #0 (anon_0) took 0.0ms
2026-10-01T18:06:19.283Z [EVENT world:unitAdded] #1 (clearUnitCaches) took 0.0ms
2026-10-01T18:06:19.283Z [EVENT world:unitAdded] #2 (markBedsDirty) took 0.0ms
2026-10-01T18:06:19.284Z [EVENT world:unitAdded] #3 (anon_3) took 0.8ms
2026-10-01T18:06:19.284Z [EVENT world:unitAdded] #4 (anon_4) took 0.0ms
2026-10-01T18:06:19.285Z [EVENT world:unitAdded] #5 (anon_5) took 0.0ms
2026-10-01T18:06:19.285Z [EVENT world:unitAdded] #0 (anon_0) took 0.0ms
2026-10-01T18:06:19.285Z [EVENT world:unitAdded] #1 (clearUnitCaches) took 0.0ms
2026-10-01T18:06:19.285Z [EVENT world:unitAdded] #2 (markBedsDirty) took 0.0ms
2026-10-01T18:06:19.286Z [EVENT world:unitAdded] #3 (anon_3) took 0.5ms
2026-10-01T18:06:19.286Z [EVENT world:unitAdded] #4 (anon_4) took 0.0ms
2026-10-01T18:06:19.286Z [EVENT world:unitAdded] #5 (anon_5) took 0.0ms
2026-10-01T18:06:19.287Z [EVENT world:unitAdded] #0 (anon_0) took 0.0ms
2026-10-01T18:06:19.287Z [EVENT world:unitAdded] #1 (clearUnitCaches) took 0.0ms
2026-10-01T18:06:19.287Z [EVENT world:unitAdded] #2 (markBedsDirty) took 0.0ms
2026-10-01T18:06:19.287Z [EVENT world:unitAdded] #3 (anon_3) took 0.4ms
2026-10-01T18:06:19.288Z [EVENT world:unitAdded] #4 (anon_4) took 0.0ms
2026-10-01T18:06:19.288Z [EVENT world:unitAdded] #5 (anon_5) took 0.0ms
2026-10-01T18:06:19.288Z [EVENT world:unitAdded] #0 (anon_0) took 0.0ms
2026-10-01T18:06:19.288Z [EVENT world:unitAdded] #1 (clearUnitCaches) took 0.0ms
2026-10-01T18:06:19.289Z [EVENT world:unitAdded] #2 (markBedsDirty) took 0.0ms
2026-10-01T18:06:19.290Z [EVENT world:unitAdded] #3 (anon_3) took 0.8ms
2026-10-01T18:06:19.290Z [EVENT world:unitAdded] #4 (anon_4) took 0.0ms
2026-10-01T18:06:19.290Z [EVENT world:unitAdded] #5 (anon_5) took 0.0ms
2026-10-01T18:06:19.291Z [EVENT world:unitAdded] #0 (anon_0) took 0.0ms
2026-10-01T18:06:19.291Z [EVENT world:unitAdded] #1 (clearUnitCaches) took 0.0ms
2026-10-01T18:06:19.291Z [EVENT world:unitAdded] #2 (markBedsDirty) took 0.0ms
2026-10-01T18:06:19.292Z [EVENT world:unitAdded] #3 (anon_3) took 0.6ms
2026-10-01T18:06:19.292Z [EVENT world:unitAdded] #4 (anon_4) took 0.0ms
2026-10-01T18:06:19.292Z [EVENT world:unitAdded] #5 (anon_5) took 0.0ms
2026-10-01T18:06:19.292Z [EVENT world:unitAdded] #0 (anon_0) took 0.0ms
2026-10-01T18:06:19.293Z [EVENT world:unitAdded] #1 (clearUnitCaches) took 0.0ms
2026-10-01T18:06:19.293Z [EVENT world:unitAdded] #2 (markBedsDirty) took 0.0ms
2026-10-01T18:06:19.293Z [EVENT world:unitAdded] #3 (anon_3) took 0.5ms
2026-10-01T18:06:19.294Z [EVENT world:unitAdded] #4 (anon_4) took 0.0ms
2026-10-01T18:06:19.294Z [EVENT world:unitAdded] #5 (anon_5) took 0.0ms
2026-10-01T18:06:19.294Z [EVENT world:unitAdded] #0 (anon_0) took 0.0ms
2026-10-01T18:06:19.294Z [EVENT world:unitAdded] #1 (clearUnitCaches) took 0.0ms
2026-10-01T18:06:19.295Z [EVENT world:unitAdded] #2 (markBedsDirty) took 0.0ms
2026-10-01T18:06:19.295Z [EVENT world:unitAdded] #3 (anon_3) took 0.8ms
2026-10-01T18:06:19.296Z [EVENT world:unitAdded] #4 (anon_4) took 0.0ms
2026-10-01T18:06:19.296Z [EVENT world:unitAdded] #5 (anon_5) took 0.0ms
2026-10-01T18:06:19.296Z [EVENT world:unitAdded] #0 (anon_0) took 0.0ms
2026-10-01T18:06:19.296Z [EVENT world:unitAdded] #1 (clearUnitCaches) took 0.0ms
2026-10-01T18:06:19.297Z [EVENT world:unitAdded] #2 (markBedsDirty) took 0.0ms
2026-10-01T18:06:19.297Z [EVENT world:unitAdded] #3 (anon_3) took 0.5ms
2026-10-01T18:06:19.297Z [EVENT world:unitAdded] #4 (anon_4) took 0.0ms
2026-10-01T18:06:19.298Z [EVENT world:unitAdded] #5 (anon_5) took 0.0ms
2026-10-01T18:06:19.298Z [EVENT world:unitAdded] #0 (anon_0) took 0.0ms
2026-10-01T18:06:19.298Z [EVENT world:unitAdded] #1 (clearUnitCaches) took 0.0ms
2026-10-01T18:06:19.298Z [EVENT world:unitAdded] #2 (markBedsDirty) took 0.0ms
2026-10-01T18:06:19.299Z [EVENT world:unitAdded] #3 (anon_3) took 0.5ms
2026-10-01T18:06:19.299Z [EVENT world:unitAdded] #4 (anon_4) took 0.0ms
2026-10-01T18:06:19.299Z [EVENT world:unitAdded] #5 (anon_5) took 0.0ms
2026-10-01T18:06:19.300Z [EVENT world:unitAdded] #0 (anon_0) took 0.0ms
2026-10-01T18:06:19.300Z [EVENT world:unitAdded] #1 (clearUnitCaches) took 0.0ms
2026-10-01T18:06:19.300Z [EVENT world:unitAdded] #2 (markBedsDirty) took 0.0ms
2026-10-01T18:06:19.301Z [EVENT world:unitAdded] #3 (anon_3) took 0.8ms
2026-10-01T18:06:19.301Z [EVENT world:unitAdded] #4 (anon_4) took 0.0ms
2026-10-01T18:06:19.301Z [EVENT world:unitAdded] #5 (anon_5) took 0.0ms
2026-10-01T18:06:19.302Z [EVENT world:unitAdded] #0 (anon_0) took 0.0ms
2026-10-01T18:06:19.302Z [EVENT world:unitAdded] #1 (clearUnitCaches) took 0.0ms
2026-10-01T18:06:19.302Z [EVENT world:unitAdded] #2 (markBedsDirty) took 0.0ms
2026-10-01T18:06:19.303Z [EVENT world:unitAdded] #3 (anon_3) took 0.5ms
2026-10-01T18:06:19.303Z [EVENT world:unitAdded] #4 (anon_4) took 0.0ms
2026-10-01T18:06:19.303Z [EVENT world:unitAdded] #5 (anon_5) took 0.0ms
2026-10-01T18:06:19.303Z [EVENT world:unitAdded] #0 (anon_0) took 0.0ms
2026-10-01T18:06:19.303Z [EVENT world:unitAdded] #1 (clearUnitCaches) took 0.0ms
2026-10-01T18:06:19.304Z [EVENT world:unitAdded] #2 (markBedsDirty) took 0.0ms
2026-10-01T18:06:19.304Z [EVENT world:unitAdded] #3 (anon_3) took 0.5ms
2026-10-01T18:06:19.304Z [EVENT world:unitAdded] #4 (anon_4) took 0.0ms
2026-10-01T18:06:19.304Z [EVENT world:unitAdded] #5 (anon_5) took 0.0ms
2026-10-01T18:06:19.305Z [EVENT world:unitAdded] #0 (anon_0) took 0.0ms
2026-10-01T18:06:19.305Z [EVENT world:unitAdded] #1 (clearUnitCaches) took 0.0ms
2026-10-01T18:06:19.305Z [EVENT world:unitAdded] #2 (markBedsDirty) took 0.0ms
2026-10-01T18:06:19.306Z [EVENT world:unitAdded] #3 (anon_3) took 0.9ms
2026-10-01T18:06:19.306Z [EVENT world:unitAdded] #4 (anon_4) took 0.0ms
2026-10-01T18:06:19.307Z [EVENT world:unitAdded] #5 (anon_5) took 0.0ms
2026-10-01T18:06:19.307Z [EVENT world:unitAdded] #0 (anon_0) took 0.0ms
2026-10-01T18:06:19.307Z [EVENT world:unitAdded] #1 (clearUnitCaches) took 0.0ms
2026-10-01T18:06:19.308Z [EVENT world:unitAdded] #2 (markBedsDirty) took 0.0ms
2026-10-01T18:06:19.308Z [EVENT world:unitAdded] #3 (anon_3) took 0.6ms
2026-10-01T18:06:19.308Z [EVENT world:unitAdded] #4 (anon_4) took 0.0ms
2026-10-01T18:06:19.309Z [EVENT world:unitAdded] #5 (anon_5) took 0.0ms
2026-10-01T18:06:19.309Z [EVENT world:unitAdded] #0 (anon_0) took 0.0ms
2026-10-01T18:06:19.309Z [EVENT world:unitAdded] #1 (clearUnitCaches) took 0.0ms
2026-10-01T18:06:19.309Z [EVENT world:unitAdded] #2 (markBedsDirty) took 0.0ms
2026-10-01T18:06:19.310Z [EVENT world:unitAdded] #3 (anon_3) took 0.7ms
2026-10-01T18:06:19.310Z [EVENT world:unitAdded] #4 (anon_4) took 0.0ms
2026-10-01T18:06:19.310Z [EVENT world:unitAdded] #5 (anon_5) took 0.0ms
2026-10-01T18:06:19.311Z [EVENT world:unitAdded] #0 (anon_0) took 0.0ms
2026-10-01T18:06:19.311Z [EVENT world:unitAdded] #1 (clearUnitCaches) took 0.0ms
2026-10-01T18:06:19.311Z [EVENT world:unitAdded] #2 (markBedsDirty) took 0.0ms
2026-10-01T18:06:19.312Z [EVENT world:unitAdded] #3 (anon_3) took 0.5ms
2026-10-01T18:06:19.312Z [EVENT world:unitAdded] #4 (anon_4) took 0.0ms
2026-10-01T18:06:19.312Z [EVENT world:unitAdded] #5 (anon_5) took 0.0ms
2026-10-01T18:06:19.312Z [EVENT world:unitAdded] #0 (anon_0) took 0.0ms
2026-10-01T18:06:19.313Z [EVENT world:unitAdded] #1 (clearUnitCaches) took 0.0ms
2026-10-01T18:06:19.313Z [EVENT world:unitAdded] #2 (markBedsDirty) took 0.0ms
2026-10-01T18:06:19.313Z [EVENT world:unitAdded] #3 (anon_3) took 0.5ms
2026-10-01T18:06:19.314Z [EVENT world:unitAdded] #4 (anon_4) took 0.0ms
2026-10-01T18:06:19.314Z [EVENT world:unitAdded] #5 (anon_5) took 0.0ms
2026-10-01T18:06:19.314Z [EVENT world:unitAdded] #0 (anon_0) took 0.0ms
2026-10-01T18:06:19.314Z [EVENT world:unitAdded] #1 (clearUnitCaches) took 0.0ms
2026-10-01T18:06:19.314Z [EVENT world:unitAdded] #2 (markBedsDirty) took 0.0ms
2026-10-01T18:06:19.315Z [EVENT world:unitAdded] #3 (anon_3) took 0.8ms
2026-10-01T18:06:19.316Z [EVENT world:unitAdded] #4 (anon_4) took 0.0ms
2026-10-01T18:06:19.316Z [EVENT world:unitAdded] #5 (anon_5) took 0.0ms
2026-10-01T18:06:19.316Z [EVENT world:unitAdded] #0 (anon_0) took 0.0ms
2026-10-01T18:06:19.316Z [EVENT world:unitAdded] #1 (clearUnitCaches) took 0.0ms
2026-10-01T18:06:19.316Z [EVENT world:unitAdded] #2 (markBedsDirty) took 0.0ms
2026-10-01T18:06:19.317Z [EVENT world:unitAdded] #3 (anon_3) took 0.6ms
2026-10-01T18:06:19.317Z [EVENT world:unitAdded] #4 (anon_4) took 0.0ms
2026-10-01T18:06:19.318Z [EVENT world:unitAdded] #5 (anon_5) took 0.0ms
2026-10-01T18:06:19.318Z [EVENT world:unitAdded] #0 (anon_0) took 0.0ms
2026-10-01T18:06:19.318Z [EVENT world:unitAdded] #1 (clearUnitCaches) took 0.0ms
2026-10-01T18:06:19.318Z [EVENT world:unitAdded] #2 (markBedsDirty) took 0.0ms
2026-10-01T18:06:19.319Z [EVENT world:unitAdded] #3 (anon_3) took 0.5ms
2026-10-01T18:06:19.319Z [EVENT world:unitAdded] #4 (anon_4) took 0.0ms
2026-10-01T18:06:19.319Z [EVENT world:unitAdded] #5 (anon_5) took 0.0ms
2026-10-01T18:06:19.320Z [EVENT world:unitAdded] #0 (anon_0) took 0.0ms
2026-10-01T18:06:19.320Z [EVENT world:unitAdded] #1 (clearUnitCaches) took 0.0ms
2026-10-01T18:06:19.320Z [EVENT world:unitAdded] #2 (markBedsDirty) took 0.0ms
2026-10-01T18:06:19.321Z [EVENT world:unitAdded] #3 (anon_3) took 1.0ms
2026-10-01T18:06:19.322Z [EVENT world:unitAdded] #4 (anon_4) took 0.0ms
2026-10-01T18:06:19.322Z [EVENT world:unitAdded] #5 (anon_5) took 0.0ms
2026-10-01T18:06:19.322Z [EVENT world:unitAdded] #0 (anon_0) took 0.0ms
2026-10-01T18:06:19.323Z [EVENT world:unitAdded] #1 (clearUnitCaches) took 0.0ms
2026-10-01T18:06:19.323Z [EVENT world:unitAdded] #2 (markBedsDirty) took 0.0ms
2026-10-01T18:06:19.323Z [EVENT world:unitAdded] #3 (anon_3) took 0.6ms
2026-10-01T18:06:19.324Z [EVENT world:unitAdded] #4 (anon_4) took 0.0ms
2026-10-01T18:06:19.324Z [EVENT world:unitAdded] #5 (anon_5) took 0.0ms
2026-10-01T18:06:19.324Z [EVENT world:unitAdded] #0 (anon_0) took 0.0ms
2026-10-01T18:06:19.324Z [EVENT world:unitAdded] #1 (clearUnitCaches) took 0.0ms
2026-10-01T18:06:19.325Z [EVENT world:unitAdded] #2 (markBedsDirty) took 0.0ms
2026-10-01T18:06:19.325Z [EVENT world:unitAdded] #3 (anon_3) took 0.5ms
2026-10-01T18:06:19.326Z [EVENT world:unitAdded] #4 (anon_4) took 0.0ms
2026-10-01T18:06:19.326Z [EVENT world:unitAdded] #5 (anon_5) took 0.0ms
2026-10-01T18:06:19.326Z [EVENT world:unitAdded] #0 (anon_0) took 0.0ms
2026-10-01T18:06:19.327Z [EVENT world:unitAdded] #1 (clearUnitCaches) took 0.0ms
2026-10-01T18:06:19.327Z [EVENT world:unitAdded] #2 (markBedsDirty) took 0.0ms
2026-10-01T18:06:19.328Z [EVENT world:unitAdded] #3 (anon_3) took 0.8ms
2026-10-01T18:06:19.328Z [EVENT world:unitAdded] #4 (anon_4) took 0.0ms
2026-10-01T18:06:19.328Z [EVENT world:unitAdded] #5 (anon_5) took 0.0ms
2026-10-01T18:06:19.329Z [EVENT world:unitAdded] #0 (anon_0) took 0.0ms
2026-10-01T18:06:19.329Z [EVENT world:unitAdded] #1 (clearUnitCaches) took 0.0ms
2026-10-01T18:06:19.329Z [EVENT world:unitAdded] #2 (markBedsDirty) took 0.0ms
2026-10-01T18:06:19.330Z [EVENT world:unitAdded] #3 (anon_3) took 0.5ms
2026-10-01T18:06:19.330Z [EVENT world:unitAdded] #4 (anon_4) took 0.0ms
2026-10-01T18:06:19.331Z [EVENT world:unitAdded] #5 (anon_5) took 0.0ms
2026-10-01T18:06:19.331Z [EVENT world:unitAdded] #0 (anon_0) took 0.0ms
2026-10-01T18:06:19.332Z [EVENT world:unitAdded] #1 (clearUnitCaches) took 0.0ms
2026-10-01T18:06:19.332Z [EVENT world:unitAdded] #2 (markBedsDirty) took 0.0ms
2026-10-01T18:06:19.332Z [EVENT world:unitAdded] #3 (anon_3) took 0.6ms
2026-10-01T18:06:19.333Z [EVENT world:unitAdded] #4 (anon_4) took 0.0ms
2026-10-01T18:06:19.333Z [EVENT world:unitAdded] #5 (anon_5) took 0.0ms
2026-10-01T18:06:19.333Z [EVENT world:unitAdded] #0 (anon_0) took 0.0ms
2026-10-01T18:06:19.334Z [EVENT world:unitAdded] #1 (clearUnitCaches) took 0.0ms
2026-10-01T18:06:19.334Z [EVENT world:unitAdded] #2 (markBedsDirty) took 0.0ms
2026-10-01T18:06:19.335Z [EVENT world:unitAdded] #3 (anon_3) took 0.8ms
2026-10-01T18:06:19.335Z [EVENT world:unitAdded] #4 (anon_4) took 0.0ms
2026-10-01T18:06:19.335Z [EVENT world:unitAdded] #5 (anon_5) took 0.0ms
2026-10-01T18:06:19.336Z [EVENT world:unitAdded] #0 (anon_0) took 0.0ms
2026-10-01T18:06:19.336Z [EVENT world:unitAdded] #1 (clearUnitCaches) took 0.0ms
2026-10-01T18:06:19.336Z [EVENT world:unitAdded] #2 (markBedsDirty) took 0.0ms
2026-10-01T18:06:19.337Z [EVENT world:unitAdded] #3 (anon_3) took 0.6ms
2026-10-01T18:06:19.337Z [EVENT world:unitAdded] #4 (anon_4) took 0.0ms
2026-10-01T18:06:19.338Z [EVENT world:unitAdded] #5 (anon_5) took 0.0ms
2026-10-01T18:06:19.338Z [EVENT world:unitAdded] #0 (anon_0) took 0.0ms
2026-10-01T18:06:19.338Z [EVENT world:unitAdded] #1 (clearUnitCaches) took 0.0ms
2026-10-01T18:06:19.338Z [EVENT world:unitAdded] #2 (markBedsDirty) took 0.0ms
2026-10-01T18:06:19.339Z [EVENT world:unitAdded] #3 (anon_3) took 0.8ms
2026-10-01T18:06:19.340Z [EVENT world:unitAdded] #4 (anon_4) took 0.0ms
2026-10-01T18:06:19.340Z [EVENT world:unitAdded] #5 (anon_5) took 0.0ms
2026-10-01T18:06:19.340Z [EVENT world:unitAdded] #0 (anon_0) took 0.0ms
2026-10-01T18:06:19.340Z [EVENT world:unitAdded] #1 (clearUnitCaches) took 0.0ms
2026-10-01T18:06:19.341Z [EVENT world:unitAdded] #2 (markBedsDirty) took 0.0ms
2026-10-01T18:06:19.341Z [EVENT world:unitAdded] #3 (anon_3) took 0.6ms
2026-10-01T18:06:19.342Z [EVENT world:unitAdded] #4 (anon_4) took 0.0ms
2026-10-01T18:06:19.342Z [EVENT world:unitAdded] #5 (anon_5) took 0.0ms
2026-10-01T18:06:19.342Z [EVENT world:unitAdded] #0 (anon_0) took 0.0ms
2026-10-01T18:06:19.343Z [EVENT world:unitAdded] #1 (clearUnitCaches) took 0.0ms
2026-10-01T18:06:19.343Z [EVENT world:unitAdded] #2 (markBedsDirty) took 0.0ms
2026-10-01T18:06:19.344Z [EVENT world:unitAdded] #3 (anon_3) took 0.6ms
2026-10-01T18:06:19.344Z [EVENT world:unitAdded] #4 (anon_4) took 0.0ms
2026-10-01T18:06:19.344Z [EVENT world:unitAdded] #5 (anon_5) took 0.0ms
2026-10-01T18:06:19.344Z [EVENT world:unitAdded] #0 (anon_0) took 0.0ms
2026-10-01T18:06:19.345Z [EVENT world:unitAdded] #1 (clearUnitCaches) took 0.0ms
2026-10-01T18:06:19.345Z [EVENT world:unitAdded] #2 (markBedsDirty) took 0.0ms
2026-10-01T18:06:19.346Z [EVENT world:unitAdded] #3 (anon_3) took 0.8ms
2026-10-01T18:06:19.346Z [EVENT world:unitAdded] #4 (anon_4) took 0.0ms
2026-10-01T18:06:19.346Z [EVENT world:unitAdded] #5 (anon_5) took 0.0ms
2026-10-01T18:06:19.346Z [EVENT world:unitAdded] #0 (anon_0) took 0.0ms
2026-10-01T18:06:19.347Z [EVENT world:unitAdded] #1 (clearUnitCaches) took 0.0ms
2026-10-01T18:06:19.347Z [EVENT world:unitAdded] #2 (markBedsDirty) took 0.0ms
2026-10-01T18:06:19.348Z [EVENT world:unitAdded] #3 (anon_3) took 0.5ms
2026-10-01T18:06:19.348Z [EVENT world:unitAdded] #4 (anon_4) took 0.0ms
2026-10-01T18:06:19.348Z [EVENT world:unitAdded] #5 (anon_5) took 0.0ms
2026-10-01T18:06:19.348Z [EVENT world:unitAdded] #0 (anon_0) took 0.0ms
2026-10-01T18:06:19.349Z [EVENT world:unitAdded] #1 (clearUnitCaches) took 0.0ms
2026-10-01T18:06:19.349Z [EVENT world:unitAdded] #2 (markBedsDirty) took 0.0ms
2026-10-01T18:06:19.350Z [EVENT world:unitAdded] #3 (anon_3) took 0.5ms
2026-10-01T18:06:19.350Z [EVENT world:unitAdded] #4 (anon_4) took 0.0ms
2026-10-01T18:06:19.350Z [EVENT world:unitAdded] #5 (anon_5) took 0.0ms
2026-10-01T18:06:19.351Z [EVENT world:unitAdded] #0 (anon_0) took 0.0ms
2026-10-01T18:06:19.351Z [EVENT world:unitAdded] #1 (clearUnitCaches) took 0.0ms
2026-10-01T18:06:19.352Z [EVENT world:unitAdded] #2 (markBedsDirty) took 0.0ms
2026-10-01T18:06:19.353Z [EVENT world:unitAdded] #3 (anon_3) took 0.9ms
2026-10-01T18:06:19.353Z [EVENT world:unitAdded] #4 (anon_4) took 0.0ms
2026-10-01T18:06:19.354Z [EVENT world:unitAdded] #5 (anon_5) took 0.0ms
2026-10-01T18:06:19.354Z [EVENT world:unitAdded] #0 (anon_0) took 0.0ms
2026-10-01T18:06:19.355Z [EVENT world:unitAdded] #1 (clearUnitCaches) took 0.0ms
2026-10-01T18:06:19.355Z [EVENT world:unitAdded] #2 (markBedsDirty) took 0.0ms
2026-10-01T18:06:19.356Z [EVENT world:unitAdded] #3 (anon_3) took 0.6ms
2026-10-01T18:06:19.356Z [EVENT world:unitAdded] #4 (anon_4) took 0.0ms
2026-10-01T18:06:19.356Z [EVENT world:unitAdded] #5 (anon_5) took 0.0ms
2026-10-01T18:06:19.357Z [EVENT world:unitAdded] #0 (anon_0) took 0.0ms
2026-10-01T18:06:19.357Z [EVENT world:unitAdded] #1 (clearUnitCaches) took 0.0ms
2026-10-01T18:06:19.357Z [EVENT world:unitAdded] #2 (markBedsDirty) took 0.0ms
2026-10-01T18:06:19.358Z [EVENT world:unitAdded] #3 (anon_3) took 0.6ms
2026-10-01T18:06:19.358Z [EVENT world:unitAdded] #4 (anon_4) took 0.0ms
2026-10-01T18:06:19.358Z [EVENT world:unitAdded] #5 (anon_5) took 0.0ms
2026-10-01T18:06:19.359Z [EVENT world:unitAdded] #0 (anon_0) took 0.0ms
2026-10-01T18:06:19.359Z [EVENT world:unitAdded] #1 (clearUnitCaches) took 0.0ms
2026-10-01T18:06:19.359Z [EVENT world:unitAdded] #2 (markBedsDirty) took 0.0ms
2026-10-01T18:06:19.360Z [EVENT world:unitAdded] #3 (anon_3) took 0.9ms
2026-10-01T18:06:19.361Z [EVENT world:unitAdded] #4 (anon_4) took 0.0ms
2026-10-01T18:06:19.361Z [EVENT world:unitAdded] #5 (anon_5) took 0.0ms
2026-10-01T18:06:19.362Z [EVENT world:unitAdded] #0 (anon_0) took 0.0ms
2026-10-01T18:06:19.362Z [EVENT world:unitAdded] #1 (clearUnitCaches) took 0.0ms
2026-10-01T18:06:19.362Z [EVENT world:unitAdded] #2 (markBedsDirty) took 0.0ms
2026-10-01T18:06:19.363Z [EVENT world:unitAdded] #3 (anon_3) took 0.5ms
2026-10-01T18:06:19.363Z [EVENT world:unitAdded] #4 (anon_4) took 0.0ms
2026-10-01T18:06:19.364Z [EVENT world:unitAdded] #5 (anon_5) took 0.0ms
2026-10-01T18:06:19.364Z [EVENT world:unitAdded] #0 (anon_0) took 0.0ms
2026-10-01T18:06:19.364Z [EVENT world:unitAdded] #1 (clearUnitCaches) took 0.0ms
2026-10-01T18:06:19.364Z [EVENT world:unitAdded] #2 (markBedsDirty) took 0.0ms
2026-10-01T18:06:19.365Z [EVENT world:unitAdded] #3 (anon_3) took 0.6ms
2026-10-01T18:06:19.366Z [EVENT world:unitAdded] #4 (anon_4) took 0.0ms
2026-10-01T18:06:19.366Z [EVENT world:unitAdded] #5 (anon_5) took 0.0ms
2026-10-01T18:06:19.367Z [EVENT world:unitAdded] #0 (anon_0) took 0.0ms
2026-10-01T18:06:19.367Z [EVENT world:unitAdded] #1 (clearUnitCaches) took 0.0ms
2026-10-01T18:06:19.367Z [EVENT world:unitAdded] #2 (markBedsDirty) took 0.0ms
2026-10-01T18:06:19.368Z [EVENT world:unitAdded] #3 (anon_3) took 0.8ms
2026-10-01T18:06:19.369Z [EVENT world:unitAdded] #4 (anon_4) took 0.0ms
2026-10-01T18:06:19.369Z [EVENT world:unitAdded] #5 (anon_5) took 0.0ms
2026-10-01T18:06:19.369Z [EVENT world:unitAdded] #0 (anon_0) took 0.0ms
2026-10-01T18:06:19.369Z [EVENT world:unitAdded] #1 (clearUnitCaches) took 0.0ms
2026-10-01T18:06:19.370Z [EVENT world:unitAdded] #2 (markBedsDirty) took 0.0ms
2026-10-01T18:06:19.370Z [EVENT world:unitAdded] #3 (anon_3) took 0.6ms
2026-10-01T18:06:19.371Z [EVENT world:unitAdded] #4 (anon_4) took 0.0ms
2026-10-01T18:06:19.371Z [EVENT world:unitAdded] #5 (anon_5) took 0.0ms
2026-10-01T18:06:19.371Z [EVENT world:unitAdded] #0 (anon_0) took 0.0ms
2026-10-01T18:06:19.372Z [EVENT world:unitAdded] #1 (clearUnitCaches) took 0.0ms
2026-10-01T18:06:19.372Z [EVENT world:unitAdded] #2 (markBedsDirty) took 0.0ms
2026-10-01T18:06:19.373Z [EVENT world:unitAdded] #3 (anon_3) took 0.9ms
2026-10-01T18:06:19.373Z [EVENT world:unitAdded] #4 (anon_4) took 0.0ms
2026-10-01T18:06:19.373Z [EVENT world:unitAdded] #5 (anon_5) took 0.0ms
2026-10-01T18:06:19.374Z [EVENT world:unitAdded] #0 (anon_0) took 0.0ms
2026-10-01T18:06:19.374Z [EVENT world:unitAdded] #1 (clearUnitCaches) took 0.0ms
2026-10-01T18:06:19.374Z [EVENT world:unitAdded] #2 (markBedsDirty) took 0.0ms
2026-10-01T18:06:19.375Z [EVENT world:unitAdded] #3 (anon_3) took 0.5ms
2026-10-01T18:06:19.375Z [EVENT world:unitAdded] #4 (anon_4) took 0.0ms
2026-10-01T18:06:19.375Z [EVENT world:unitAdded] #5 (anon_5) took 0.0ms
2026-10-01T18:06:19.376Z [EVENT world:unitAdded] #0 (anon_0) took 0.0ms
2026-10-01T18:06:19.376Z [EVENT world:unitAdded] #1 (clearUnitCaches) took 0.0ms
2026-10-01T18:06:19.376Z [EVENT world:unitAdded] #2 (markBedsDirty) took 0.0ms
2026-10-01T18:06:19.377Z [EVENT world:unitAdded] #3 (anon_3) took 0.6ms
2026-10-01T18:06:19.377Z [EVENT world:unitAdded] #4 (anon_4) took 0.0ms
2026-10-01T18:06:19.377Z [EVENT world:unitAdded] #5 (anon_5) took 0.0ms
2026-10-01T18:06:19.378Z [EVENT world:unitAdded] #0 (anon_0) took 0.0ms
2026-10-01T18:06:19.378Z [EVENT world:unitAdded] #1 (clearUnitCaches) took 0.0ms
2026-10-01T18:06:19.378Z [EVENT world:unitAdded] #2 (markBedsDirty) took 0.0ms
2026-10-01T18:06:19.379Z [EVENT world:unitAdded] #3 (anon_3) took 1.0ms
2026-10-01T18:06:19.380Z [EVENT world:unitAdded] #4 (anon_4) took 0.0ms
2026-10-01T18:06:19.380Z [EVENT world:unitAdded] #5 (anon_5) took 0.0ms
2026-10-01T18:06:19.381Z [EVENT world:unitAdded] #0 (anon_0) took 0.0ms
2026-10-01T18:06:19.381Z [EVENT world:unitAdded] #1 (clearUnitCaches) took 0.0ms
2026-10-01T18:06:19.381Z [EVENT world:unitAdded] #2 (markBedsDirty) took 0.0ms
2026-10-01T18:06:19.382Z [EVENT world:unitAdded] #3 (anon_3) took 0.7ms
2026-10-01T18:06:19.382Z [EVENT world:unitAdded] #4 (anon_4) took 0.0ms
2026-10-01T18:06:19.383Z [EVENT world:unitAdded] #5 (anon_5) took 0.0ms
2026-10-01T18:06:19.383Z [EVENT world:unitAdded] #0 (anon_0) took 0.0ms
2026-10-01T18:06:19.384Z [EVENT world:unitAdded] #1 (clearUnitCaches) took 0.0ms
2026-10-01T18:06:19.384Z [EVENT world:unitAdded] #2 (markBedsDirty) took 0.0ms
2026-10-01T18:06:19.385Z [EVENT world:unitAdded] #3 (anon_3) took 0.9ms
2026-10-01T18:06:19.385Z [EVENT world:unitAdded] #4 (anon_4) took 0.0ms
2026-10-01T18:06:19.385Z [EVENT world:unitAdded] #5 (anon_5) took 0.0ms
2026-10-01T18:06:19.386Z [EVENT world:unitAdded] #0 (anon_0) took 0.0ms
2026-10-01T18:06:19.386Z [EVENT world:unitAdded] #1 (clearUnitCaches) took 0.0ms
2026-10-01T18:06:19.386Z [EVENT world:unitAdded] #2 (markBedsDirty) took 0.0ms
2026-10-01T18:06:19.388Z [EVENT world:unitAdded] #3 (anon_3) took 1.1ms
2026-10-01T18:06:19.388Z [EVENT world:unitAdded] #4 (anon_4) took 0.0ms
2026-10-01T18:06:19.388Z [EVENT world:unitAdded] #5 (anon_5) took 0.0ms
2026-10-01T18:06:19.389Z [EVENT world:unitAdded] #0 (anon_0) took 0.0ms
2026-10-01T18:06:19.389Z [EVENT world:unitAdded] #1 (clearUnitCaches) took 0.0ms
2026-10-01T18:06:19.389Z [EVENT world:unitAdded] #2 (markBedsDirty) took 0.0ms
2026-10-01T18:06:19.390Z [EVENT world:unitAdded] #3 (anon_3) took 1.1ms
2026-10-01T18:06:19.391Z [EVENT world:unitAdded] #4 (anon_4) took 0.0ms
2026-10-01T18:06:19.391Z [EVENT world:unitAdded] #5 (anon_5) took 0.0ms
2026-10-01T18:06:19.392Z [EVENT world:unitAdded] #0 (anon_0) took 0.0ms
2026-10-01T18:06:19.392Z [EVENT world:unitAdded] #1 (clearUnitCaches) took 0.0ms
2026-10-01T18:06:19.392Z [EVENT world:unitAdded] #2 (markBedsDirty) took 0.0ms
2026-10-01T18:06:19.393Z [EVENT world:unitAdded] #3 (anon_3) took 0.6ms
2026-10-01T18:06:19.393Z [EVENT world:unitAdded] #4 (anon_4) took 0.0ms
2026-10-01T18:06:19.393Z [EVENT world:unitAdded] #5 (anon_5) took 0.0ms
2026-10-01T18:06:19.394Z [EVENT world:unitAdded] #0 (anon_0) took 0.0ms
2026-10-01T18:06:19.394Z [EVENT world:unitAdded] #1 (clearUnitCaches) took 0.0ms
2026-10-01T18:06:19.394Z [EVENT world:unitAdded] #2 (markBedsDirty) took 0.0ms
2026-10-01T18:06:19.396Z [EVENT world:unitAdded] #3 (anon_3) took 1.2ms
2026-10-01T18:06:19.396Z [EVENT world:unitAdded] #4 (anon_4) took 0.0ms
2026-10-01T18:06:19.396Z [EVENT world:unitAdded] #5 (anon_5) took 0.0ms
2026-10-01T18:06:19.397Z [EVENT world:unitAdded] #0 (anon_0) took 0.0ms
2026-10-01T18:06:19.397Z [EVENT world:unitAdded] #1 (clearUnitCaches) took 0.0ms
2026-10-01T18:06:19.397Z [EVENT world:unitAdded] #2 (markBedsDirty) took 0.0ms
2026-10-01T18:06:19.398Z [EVENT world:unitAdded] #3 (anon_3) took 0.6ms
2026-10-01T18:06:19.398Z [EVENT world:unitAdded] #4 (anon_4) took 0.0ms
2026-10-01T18:06:19.398Z [EVENT world:unitAdded] #5 (anon_5) took 0.0ms
2026-10-01T18:06:19.399Z [EVENT world:unitAdded] #0 (anon_0) took 0.0ms
2026-10-01T18:06:19.399Z [EVENT world:unitAdded] #1 (clearUnitCaches) took 0.0ms
2026-10-01T18:06:19.399Z [EVENT world:unitAdded] #2 (markBedsDirty) took 0.0ms
2026-10-01T18:06:19.400Z [EVENT world:unitAdded] #3 (anon_3) took 0.5ms
2026-10-01T18:06:19.400Z [EVENT world:unitAdded] #4 (anon_4) took 0.0ms
2026-10-01T18:06:19.400Z [EVENT world:unitAdded] #5 (anon_5) took 0.0ms
2026-10-01T18:06:19.401Z [EVENT world:unitAdded] #0 (anon_0) took 0.0ms
2026-10-01T18:06:19.401Z [EVENT world:unitAdded] #1 (clearUnitCaches) took 0.0ms
2026-10-01T18:06:19.401Z [EVENT world:unitAdded] #2 (markBedsDirty) took 0.0ms
2026-10-01T18:06:19.402Z [EVENT world:unitAdded] #3 (anon_3) took 0.8ms
2026-10-01T18:06:19.402Z [EVENT world:unitAdded] #4 (anon_4) took 0.0ms
2026-10-01T18:06:19.402Z [EVENT world:unitAdded] #5 (anon_5) took 0.0ms
2026-10-01T18:06:19.403Z [EVENT world:unitAdded] #0 (anon_0) took 0.0ms
2026-10-01T18:06:19.403Z [EVENT world:unitAdded] #1 (clearUnitCaches) took 0.0ms
2026-10-01T18:06:19.403Z [EVENT world:unitAdded] #2 (markBedsDirty) took 0.0ms
2026-10-01T18:06:19.404Z [EVENT world:unitAdded] #3 (anon_3) took 0.5ms
2026-10-01T18:06:19.404Z [EVENT world:unitAdded] #4 (anon_4) took 0.0ms
2026-10-01T18:06:19.404Z [EVENT world:unitAdded] #5 (anon_5) took 0.0ms
2026-10-01T18:06:19.405Z [EVENT world:unitAdded] #0 (anon_0) took 0.0ms
2026-10-01T18:06:19.405Z [EVENT world:unitAdded] #1 (clearUnitCaches) took 0.0ms
2026-10-01T18:06:19.405Z [EVENT world:unitAdded] #2 (markBedsDirty) took 0.0ms
2026-10-01T18:06:19.406Z [EVENT world:unitAdded] #3 (anon_3) took 1.0ms
2026-10-01T18:06:19.407Z [EVENT world:unitAdded] #4 (anon_4) took 0.0ms
2026-10-01T18:06:19.407Z [EVENT world:unitAdded] #5 (anon_5) took 0.0ms
2026-10-01T18:06:19.408Z [EVENT world:unitAdded] #0 (anon_0) took 0.0ms
2026-10-01T18:06:19.408Z [EVENT world:unitAdded] #1 (clearUnitCaches) took 0.0ms
2026-10-01T18:06:19.408Z [EVENT world:unitAdded] #2 (markBedsDirty) took 0.0ms
2026-10-01T18:06:19.409Z [EVENT world:unitAdded] #3 (anon_3) took 0.6ms
2026-10-01T18:06:19.409Z [EVENT world:unitAdded] #4 (anon_4) took 0.0ms
2026-10-01T18:06:19.410Z [EVENT world:unitAdded] #5 (anon_5) took 0.0ms
2026-10-01T18:06:19.410Z [EVENT world:unitAdded] #0 (anon_0) took 0.0ms
2026-10-01T18:06:19.411Z [EVENT world:unitAdded] #1 (clearUnitCaches) took 0.0ms
2026-10-01T18:06:19.411Z [EVENT world:unitAdded] #2 (markBedsDirty) took 0.0ms
2026-10-01T18:06:19.412Z [EVENT world:unitAdded] #3 (anon_3) took 0.7ms
2026-10-01T18:06:19.412Z [EVENT world:unitAdded] #4 (anon_4) took 0.0ms
2026-10-01T18:06:19.412Z [EVENT world:unitAdded] #5 (anon_5) took 0.0ms
2026-10-01T18:06:19.413Z [EVENT world:unitAdded] #0 (anon_0) took 0.0ms
2026-10-01T18:06:19.413Z [EVENT world:unitAdded] #1 (clearUnitCaches) took 0.0ms
2026-10-01T18:06:19.413Z [EVENT world:unitAdded] #2 (markBedsDirty) took 0.0ms
2026-10-01T18:06:19.414Z [EVENT world:unitAdded] #3 (anon_3) took 0.9ms
2026-10-01T18:06:19.414Z [EVENT world:unitAdded] #4 (anon_4) took 0.0ms
2026-10-01T18:06:19.415Z [EVENT world:unitAdded] #5 (anon_5) took 0.0ms
2026-10-01T18:06:19.415Z [EVENT world:unitAdded] #0 (anon_0) took 0.0ms
2026-10-01T18:06:19.415Z [EVENT world:unitAdded] #1 (clearUnitCaches) took 0.0ms
2026-10-01T18:06:19.415Z [EVENT world:unitAdded] #2 (markBedsDirty) took 0.0ms
2026-10-01T18:06:19.416Z [EVENT world:unitAdded] #3 (anon_3) took 0.5ms
2026-10-01T18:06:19.416Z [EVENT world:unitAdded] #4 (anon_4) took 0.0ms
2026-10-01T18:06:19.417Z [EVENT world:unitAdded] #5 (anon_5) took 0.0ms
2026-10-01T18:06:19.417Z [EVENT world:unitAdded] #0 (anon_0) took 0.0ms
2026-10-01T18:06:19.417Z [EVENT world:unitAdded] #1 (clearUnitCaches) took 0.0ms
2026-10-01T18:06:19.418Z [EVENT world:unitAdded] #2 (markBedsDirty) took 0.0ms
2026-10-01T18:06:19.418Z [EVENT world:unitAdded] #3 (anon_3) took 0.5ms
2026-10-01T18:06:19.419Z [EVENT world:unitAdded] #4 (anon_4) took 0.0ms
2026-10-01T18:06:19.419Z [EVENT world:unitAdded] #5 (anon_5) took 0.0ms
2026-10-01T18:06:19.419Z [EVENT world:unitAdded] #0 (anon_0) took 0.0ms
2026-10-01T18:06:19.420Z [EVENT world:unitAdded] #1 (clearUnitCaches) took 0.0ms
2026-10-01T18:06:19.420Z [EVENT world:unitAdded] #2 (markBedsDirty) took 0.0ms
2026-10-01T18:06:19.421Z [EVENT world:unitAdded] #3 (anon_3) took 0.9ms
2026-10-01T18:06:19.422Z [EVENT world:unitAdded] #4 (anon_4) took 0.0ms
2026-10-01T18:06:19.422Z [EVENT world:unitAdded] #5 (anon_5) took 0.0ms
2026-10-01T18:06:19.422Z [EVENT world:unitAdded] #0 (anon_0) took 0.0ms
2026-10-01T18:06:19.423Z [EVENT world:unitAdded] #1 (clearUnitCaches) took 0.0ms
2026-10-01T18:06:19.423Z [EVENT world:unitAdded] #2 (markBedsDirty) took 0.0ms
2026-10-01T18:06:19.423Z [EVENT world:unitAdded] #3 (anon_3) took 0.6ms
2026-10-01T18:06:19.424Z [EVENT world:unitAdded] #4 (anon_4) took 0.0ms
2026-10-01T18:06:19.424Z [EVENT world:unitAdded] #5 (anon_5) took 0.0ms
2026-10-01T18:06:19.424Z [EVENT world:unitAdded] #0 (anon_0) took 0.0ms
2026-10-01T18:06:19.425Z [EVENT world:unitAdded] #1 (clearUnitCaches) took 0.0ms
2026-10-01T18:06:19.425Z [EVENT world:unitAdded] #2 (markBedsDirty) took 0.0ms
2026-10-01T18:06:19.426Z [EVENT world:unitAdded] #3 (anon_3) took 0.7ms
2026-10-01T18:06:19.426Z [EVENT world:unitAdded] #4 (anon_4) took 0.0ms
2026-10-01T18:06:19.426Z [EVENT world:unitAdded] #5 (anon_5) took 0.0ms
2026-10-01T18:06:19.427Z [EVENT world:unitAdded] #0 (anon_0) took 0.0ms
2026-10-01T18:06:19.427Z [EVENT world:unitAdded] #1 (clearUnitCaches) took 0.0ms
2026-10-01T18:06:19.427Z [EVENT world:unitAdded] #2 (markBedsDirty) took 0.0ms
2026-10-01T18:06:19.428Z [EVENT world:unitAdded] #3 (anon_3) took 0.9ms
2026-10-01T18:06:19.429Z [EVENT world:unitAdded] #4 (anon_4) took 0.0ms
2026-10-01T18:06:19.429Z [EVENT world:unitAdded] #5 (anon_5) took 0.0ms
2026-10-01T18:06:19.430Z [EVENT world:unitAdded] #0 (anon_0) took 0.0ms
2026-10-01T18:06:19.430Z [EVENT world:unitAdded] #1 (clearUnitCaches) took 0.0ms
2026-10-01T18:06:19.430Z [EVENT world:unitAdded] #2 (markBedsDirty) took 0.0ms
2026-10-01T18:06:19.431Z [EVENT world:unitAdded] #3 (anon_3) took 0.6ms
2026-10-01T18:06:19.431Z [EVENT world:unitAdded] #4 (anon_4) took 0.0ms
2026-10-01T18:06:19.431Z [EVENT world:unitAdded] #5 (anon_5) took 0.0ms
2026-10-01T18:06:19.432Z [EVENT world:unitAdded] #0 (anon_0) took 0.0ms
2026-10-01T18:06:19.432Z [EVENT world:unitAdded] #1 (clearUnitCaches) took 0.0ms
2026-10-01T18:06:19.432Z [EVENT world:unitAdded] #2 (markBedsDirty) took 0.0ms
2026-10-01T18:06:19.433Z [EVENT world:unitAdded] #3 (anon_3) took 0.6ms
2026-10-01T18:06:19.433Z [EVENT world:unitAdded] #4 (anon_4) took 0.0ms
2026-10-01T18:06:19.433Z [EVENT world:unitAdded] #5 (anon_5) took 0.0ms
2026-10-01T18:06:19.434Z [EVENT world:unitAdded] #0 (anon_0) took 0.0ms
2026-10-01T18:06:19.434Z [EVENT world:unitAdded] #1 (clearUnitCaches) took 0.0ms
2026-10-01T18:06:19.434Z [EVENT world:unitAdded] #2 (markBedsDirty) took 0.0ms
2026-10-01T18:06:19.436Z [EVENT world:unitAdded] #3 (anon_3) took 0.9ms
2026-10-01T18:06:19.436Z [EVENT world:unitAdded] #4 (anon_4) took 0.0ms
2026-10-01T18:06:19.436Z [EVENT world:unitAdded] #5 (anon_5) took 0.0ms
2026-10-01T18:06:19.437Z [EVENT world:unitAdded] #0 (anon_0) took 0.0ms
2026-10-01T18:06:19.437Z [EVENT world:unitAdded] #1 (clearUnitCaches) took 0.0ms
2026-10-01T18:06:19.437Z [EVENT world:unitAdded] #2 (markBedsDirty) took 0.0ms
2026-10-01T18:06:19.438Z [EVENT world:unitAdded] #3 (anon_3) took 0.6ms
2026-10-01T18:06:19.438Z [EVENT world:unitAdded] #4 (anon_4) took 0.0ms
2026-10-01T18:06:19.438Z [EVENT world:unitAdded] #5 (anon_5) took 0.0ms
2026-10-01T18:06:19.439Z [EVENT world:unitAdded] #0 (anon_0) took 0.0ms
2026-10-01T18:06:19.439Z [EVENT world:unitAdded] #1 (clearUnitCaches) took 0.0ms
2026-10-01T18:06:19.439Z [EVENT world:unitAdded] #2 (markBedsDirty) took 0.0ms
2026-10-01T18:06:19.440Z [EVENT world:unitAdded] #3 (anon_3) took 0.9ms
2026-10-01T18:06:19.441Z [EVENT world:unitAdded] #4 (anon_4) took 0.0ms
2026-10-01T18:06:19.441Z [EVENT world:unitAdded] #5 (anon_5) took 0.0ms
2026-10-01T18:06:19.441Z [EVENT world:unitAdded] #0 (anon_0) took 0.0ms
2026-10-01T18:06:19.442Z [EVENT world:unitAdded] #1 (clearUnitCaches) took 0.0ms
2026-10-01T18:06:19.442Z [EVENT world:unitAdded] #2 (markBedsDirty) took 0.0ms
2026-10-01T18:06:19.443Z [EVENT world:unitAdded] #3 (anon_3) took 0.5ms
2026-10-01T18:06:19.443Z [EVENT world:unitAdded] #4 (anon_4) took 0.0ms
2026-10-01T18:06:19.443Z [EVENT world:unitAdded] #5 (anon_5) took 0.0ms
2026-10-01T18:06:19.443Z [EVENT world:unitAdded] #0 (anon_0) took 0.0ms
2026-10-01T18:06:19.444Z [EVENT world:unitAdded] #1 (clearUnitCaches) took 0.0ms
2026-10-01T18:06:19.444Z [EVENT world:unitAdded] #2 (markBedsDirty) took 0.0ms
2026-10-01T18:06:19.445Z [EVENT world:unitAdded] #3 (anon_3) took 0.6ms
2026-10-01T18:06:19.445Z [EVENT world:unitAdded] #4 (anon_4) took 0.0ms
2026-10-01T18:06:19.445Z [EVENT world:unitAdded] #5 (anon_5) took 0.0ms
2026-10-01T18:06:19.445Z [EVENT world:unitAdded] #0 (anon_0) took 0.0ms
2026-10-01T18:06:19.446Z [EVENT world:unitAdded] #1 (clearUnitCaches) took 0.0ms
2026-10-01T18:06:19.446Z [EVENT world:unitAdded] #2 (markBedsDirty) took 0.0ms
2026-10-01T18:06:19.447Z [EVENT world:unitAdded] #3 (anon_3) took 0.9ms
2026-10-01T18:06:19.447Z [EVENT world:unitAdded] #4 (anon_4) took 0.0ms
2026-10-01T18:06:19.447Z [EVENT world:unitAdded] #5 (anon_5) took 0.0ms
2026-10-01T18:06:19.448Z [EVENT world:unitAdded] #0 (anon_0) took 0.0ms
2026-10-01T18:06:19.448Z [EVENT world:unitAdded] #1 (clearUnitCaches) took 0.0ms
2026-10-01T18:06:19.449Z [EVENT world:unitAdded] #2 (markBedsDirty) took 0.0ms
2026-10-01T18:06:19.450Z [EVENT world:unitAdded] #3 (anon_3) took 0.8ms
2026-10-01T18:06:19.450Z [EVENT world:unitAdded] #4 (anon_4) took 0.0ms
2026-10-01T18:06:19.450Z [EVENT world:unitAdded] #5 (anon_5) took 0.0ms
2026-10-01T18:06:19.451Z [EVENT world:unitAdded] #0 (anon_0) took 0.0ms
2026-10-01T18:06:19.451Z [EVENT world:unitAdded] #1 (clearUnitCaches) took 0.0ms
2026-10-01T18:06:19.451Z [EVENT world:unitAdded] #2 (markBedsDirty) took 0.0ms
2026-10-01T18:06:19.452Z [EVENT world:unitAdded] #3 (anon_3) took 0.7ms
2026-10-01T18:06:19.453Z [EVENT world:unitAdded] #4 (anon_4) took 0.0ms
2026-10-01T18:06:19.453Z [EVENT world:unitAdded] #5 (anon_5) took 0.0ms
2026-10-01T18:06:19.453Z [EVENT world:unitAdded] #0 (anon_0) took 0.0ms
2026-10-01T18:06:19.454Z [EVENT world:unitAdded] #1 (clearUnitCaches) took 0.0ms
2026-10-01T18:06:19.454Z [EVENT world:unitAdded] #2 (markBedsDirty) took 0.0ms
2026-10-01T18:06:19.455Z [EVENT world:unitAdded] #3 (anon_3) took 0.9ms
2026-10-01T18:06:19.455Z [EVENT world:unitAdded] #4 (anon_4) took 0.0ms
2026-10-01T18:06:19.455Z [EVENT world:unitAdded] #5 (anon_5) took 0.0ms
2026-10-01T18:06:19.456Z [EVENT world:unitAdded] #0 (anon_0) took 0.0ms
2026-10-01T18:06:19.456Z [EVENT world:unitAdded] #1 (clearUnitCaches) took 0.0ms
2026-10-01T18:06:19.456Z [EVENT world:unitAdded] #2 (markBedsDirty) took 0.0ms
2026-10-01T18:06:19.457Z [EVENT world:unitAdded] #3 (anon_3) took 0.6ms
2026-10-01T18:06:19.457Z [EVENT world:unitAdded] #4 (anon_4) took 0.0ms
2026-10-01T18:06:19.457Z [EVENT world:unitAdded] #5 (anon_5) took 0.0ms
2026-10-01T18:06:19.458Z [EVENT world:unitAdded] #0 (anon_0) took 0.0ms
2026-10-01T18:06:19.458Z [EVENT world:unitAdded] #1 (clearUnitCaches) took 0.0ms
2026-10-01T18:06:19.458Z [EVENT world:unitAdded] #2 (markBedsDirty) took 0.0ms
2026-10-01T18:06:19.458Z [EVENT world:unitAdded] #3 (anon_3) took 0.5ms
2026-10-01T18:06:19.459Z [EVENT world:unitAdded] #4 (anon_4) took 0.0ms
2026-10-01T18:06:19.459Z [EVENT world:unitAdded] #5 (anon_5) took 0.0ms
2026-10-01T18:06:19.459Z [EVENT world:unitAdded] #0 (anon_0) took 0.0ms
2026-10-01T18:06:19.459Z [EVENT world:unitAdded] #1 (clearUnitCaches) took 0.0ms
2026-10-01T18:06:19.459Z [EVENT world:unitAdded] #2 (markBedsDirty) took 0.0ms
2026-10-01T18:06:19.461Z [EVENT world:unitAdded] #3 (anon_3) took 1.0ms
2026-10-01T18:06:19.461Z [EVENT world:unitAdded] #4 (anon_4) took 0.0ms
2026-10-01T18:06:19.461Z [EVENT world:unitAdded] #5 (anon_5) took 0.0ms
2026-10-01T18:06:19.462Z [EVENT world:unitAdded] #0 (anon_0) took 0.0ms
2026-10-01T18:06:19.462Z [EVENT world:unitAdded] #1 (clearUnitCaches) took 0.0ms
2026-10-01T18:06:19.462Z [EVENT world:unitAdded] #2 (markBedsDirty) took 0.0ms
2026-10-01T18:06:19.463Z [EVENT world:unitAdded] #3 (anon_3) took 0.6ms
2026-10-01T18:06:19.463Z [EVENT world:unitAdded] #4 (anon_4) took 0.0ms
2026-10-01T18:06:19.463Z [EVENT world:unitAdded] #5 (anon_5) took 0.0ms
2026-10-01T18:06:19.464Z [EVENT world:unitAdded] #0 (anon_0) took 0.0ms
2026-10-01T18:06:19.464Z [EVENT world:unitAdded] #1 (clearUnitCaches) took 0.0ms
2026-10-01T18:06:19.464Z [EVENT world:unitAdded] #2 (markBedsDirty) took 0.0ms
2026-10-01T18:06:19.465Z [EVENT world:unitAdded] #3 (anon_3) took 0.5ms
2026-10-01T18:06:19.465Z [EVENT world:unitAdded] #4 (anon_4) took 0.0ms
2026-10-01T18:06:19.465Z [EVENT world:unitAdded] #5 (anon_5) took 0.0ms
2026-10-01T18:06:19.466Z [EVENT world:unitAdded] #0 (anon_0) took 0.0ms
2026-10-01T18:06:19.466Z [EVENT world:unitAdded] #1 (clearUnitCaches) took 0.0ms
2026-10-01T18:06:19.466Z [EVENT world:unitAdded] #2 (markBedsDirty) took 0.0ms
2026-10-01T18:06:19.467Z [EVENT world:unitAdded] #3 (anon_3) took 0.5ms
2026-10-01T18:06:19.467Z [EVENT world:unitAdded] #4 (anon_4) took 0.0ms
2026-10-01T18:06:19.467Z [EVENT world:unitAdded] #5 (anon_5) took 0.0ms
2026-10-01T18:06:19.468Z [EVENT world:unitAdded] #0 (anon_0) took 0.0ms
2026-10-01T18:06:19.468Z [EVENT world:unitAdded] #1 (clearUnitCaches) took 0.0ms
2026-10-01T18:06:19.468Z [EVENT world:unitAdded] #2 (markBedsDirty) took 0.0ms
2026-10-01T18:06:19.469Z [EVENT world:unitAdded] #3 (anon_3) took 0.6ms
2026-10-01T18:06:19.469Z [EVENT world:unitAdded] #4 (anon_4) took 0.0ms
2026-10-01T18:06:19.469Z [EVENT world:unitAdded] #5 (anon_5) took 0.0ms
2026-10-01T18:06:19.470Z [EVENT world:unitAdded] #0 (anon_0) took 0.0ms
2026-10-01T18:06:19.470Z [EVENT world:unitAdded] #1 (clearUnitCaches) took 0.0ms
2026-10-01T18:06:19.470Z [EVENT world:unitAdded] #2 (markBedsDirty) took 0.0ms
2026-10-01T18:06:19.471Z [EVENT world:unitAdded] #3 (anon_3) took 0.8ms
2026-10-01T18:06:19.471Z [EVENT world:unitAdded] #4 (anon_4) took 0.0ms
2026-10-01T18:06:19.471Z [EVENT world:unitAdded] #5 (anon_5) took 0.0ms
2026-10-01T18:06:19.472Z [EVENT world:unitAdded] #0 (anon_0) took 0.0ms
2026-10-01T18:06:19.472Z [EVENT world:unitAdded] #1 (clearUnitCaches) took 0.0ms
2026-10-01T18:06:19.472Z [EVENT world:unitAdded] #2 (markBedsDirty) took 0.0ms
2026-10-01T18:06:19.473Z [EVENT world:unitAdded] #3 (anon_3) took 0.5ms
2026-10-01T18:06:19.473Z [EVENT world:unitAdded] #4 (anon_4) took 0.0ms
2026-10-01T18:06:19.473Z [EVENT world:unitAdded] #5 (anon_5) took 0.0ms
2026-10-01T18:06:19.474Z [EVENT world:unitAdded] #0 (anon_0) took 0.0ms
2026-10-01T18:06:19.474Z [EVENT world:unitAdded] #1 (clearUnitCaches) took 0.0ms
2026-10-01T18:06:19.474Z [EVENT world:unitAdded] #2 (markBedsDirty) took 0.0ms
2026-10-01T18:06:19.474Z [EVENT world:unitAdded] #3 (anon_3) took 0.5ms
2026-10-01T18:06:19.475Z [EVENT world:unitAdded] #4 (anon_4) took 0.0ms
2026-10-01T18:06:19.475Z [EVENT world:unitAdded] #5 (anon_5) took 0.0ms
2026-10-01T18:06:19.475Z [EVENT world:unitAdded] #0 (anon_0) took 0.0ms
2026-10-01T18:06:19.475Z [EVENT world:unitAdded] #1 (clearUnitCaches) took 0.0ms
2026-10-01T18:06:19.475Z [EVENT world:unitAdded] #2 (markBedsDirty) took 0.0ms
2026-10-01T18:06:19.476Z [EVENT world:unitAdded] #3 (anon_3) took 0.7ms
2026-10-01T18:06:19.477Z [EVENT world:unitAdded] #4 (anon_4) took 0.0ms
2026-10-01T18:06:19.477Z [EVENT world:unitAdded] #5 (anon_5) took 0.0ms
2026-10-01T18:06:19.477Z [EVENT world:unitAdded] #0 (anon_0) took 0.0ms
2026-10-01T18:06:19.478Z [EVENT world:unitAdded] #1 (clearUnitCaches) took 0.0ms
2026-10-01T18:06:19.478Z [EVENT world:unitAdded] #2 (markBedsDirty) took 0.0ms
2026-10-01T18:06:19.479Z [EVENT world:unitAdded] #3 (anon_3) took 0.7ms
2026-10-01T18:06:19.479Z [EVENT world:unitAdded] #4 (anon_4) took 0.0ms
2026-10-01T18:06:19.479Z [EVENT world:unitAdded] #5 (anon_5) took 0.0ms
2026-10-01T18:06:19.480Z [EVENT world:unitAdded] #0 (anon_0) took 0.0ms
2026-10-01T18:06:19.480Z [EVENT world:unitAdded] #1 (clearUnitCaches) took 0.0ms
2026-10-01T18:06:19.480Z [EVENT world:unitAdded] #2 (markBedsDirty) took 0.0ms
2026-10-01T18:06:19.481Z [EVENT world:unitAdded] #3 (anon_3) took 0.6ms
2026-10-01T18:06:19.481Z [EVENT world:unitAdded] #4 (anon_4) took 0.0ms
2026-10-01T18:06:19.482Z [EVENT world:unitAdded] #5 (anon_5) took 0.0ms
2026-10-01T18:06:19.482Z [EVENT world:unitAdded] #0 (anon_0) took 0.0ms
2026-10-01T18:06:19.482Z [EVENT world:unitAdded] #1 (clearUnitCaches) took 0.0ms
2026-10-01T18:06:19.482Z [EVENT world:unitAdded] #2 (markBedsDirty) took 0.0ms
2026-10-01T18:06:19.483Z [EVENT world:unitAdded] #3 (anon_3) took 0.8ms
2026-10-01T18:06:19.483Z [EVENT world:unitAdded] #4 (anon_4) took 0.0ms
2026-10-01T18:06:19.484Z [EVENT world:unitAdded] #5 (anon_5) took 0.0ms
2026-10-01T18:06:19.484Z [EVENT world:unitAdded] #0 (anon_0) took 0.0ms
2026-10-01T18:06:19.484Z [EVENT world:unitAdded] #1 (clearUnitCaches) took 0.0ms
2026-10-01T18:06:19.484Z [EVENT world:unitAdded] #2 (markBedsDirty) took 0.0ms
2026-10-01T18:06:19.485Z [EVENT world:unitAdded] #3 (anon_3) took 0.5ms
2026-10-01T18:06:19.485Z [EVENT world:unitAdded] #4 (anon_4) took 0.0ms
2026-10-01T18:06:19.486Z [EVENT world:unitAdded] #5 (anon_5) took 0.0ms
2026-10-01T18:06:19.486Z [EVENT world:unitAdded] #0 (anon_0) took 0.0ms
2026-10-01T18:06:19.486Z [EVENT world:unitAdded] #1 (clearUnitCaches) took 0.0ms
2026-10-01T18:06:19.486Z [EVENT world:unitAdded] #2 (markBedsDirty) took 0.0ms
2026-10-01T18:06:19.487Z [EVENT world:unitAdded] #3 (anon_3) took 0.6ms
2026-10-01T18:06:19.487Z [EVENT world:unitAdded] #4 (anon_4) took 0.0ms
2026-10-01T18:06:19.487Z [EVENT world:unitAdded] #5 (anon_5) took 0.0ms
2026-10-01T18:06:19.488Z [EVENT world:unitAdded] #0 (anon_0) took 0.0ms
2026-10-01T18:06:19.488Z [EVENT world:unitAdded] #1 (clearUnitCaches) took 0.0ms
2026-10-01T18:06:19.488Z [EVENT world:unitAdded] #2 (markBedsDirty) took 0.0ms
2026-10-01T18:06:19.489Z [EVENT world:unitAdded] #3 (anon_3) took 0.8ms
2026-10-01T18:06:19.489Z [EVENT world:unitAdded] #4 (anon_4) took 0.0ms
2026-10-01T18:06:19.490Z [EVENT world:unitAdded] #5 (anon_5) took 0.0ms
2026-10-01T18:06:19.490Z [EVENT world:unitAdded] #0 (anon_0) took 0.0ms
2026-10-01T18:06:19.490Z [EVENT world:unitAdded] #1 (clearUnitCaches) took 0.0ms
2026-10-01T18:06:19.491Z [EVENT world:unitAdded] #2 (markBedsDirty) took 0.0ms
2026-10-01T18:06:19.491Z [EVENT world:unitAdded] #3 (anon_3) took 0.6ms
2026-10-01T18:06:19.492Z [EVENT world:unitAdded] #4 (anon_4) took 0.0ms
2026-10-01T18:06:19.492Z [EVENT world:unitAdded] #5 (anon_5) took 0.0ms
2026-10-01T18:06:19.492Z [EVENT world:unitAdded] #0 (anon_0) took 0.0ms
2026-10-01T18:06:19.492Z [EVENT world:unitAdded] #1 (clearUnitCaches) took 0.0ms
2026-10-01T18:06:19.493Z [EVENT world:unitAdded] #2 (markBedsDirty) took 0.0ms
2026-10-01T18:06:19.494Z [EVENT world:unitAdded] #3 (anon_3) took 0.9ms
2026-10-01T18:06:19.494Z [EVENT world:unitAdded] #4 (anon_4) took 0.0ms
2026-10-01T18:06:19.494Z [EVENT world:unitAdded] #5 (anon_5) took 0.0ms
2026-10-01T18:06:19.495Z [EVENT world:unitAdded] #0 (anon_0) took 0.0ms
2026-10-01T18:06:19.495Z [EVENT world:unitAdded] #1 (clearUnitCaches) took 0.0ms
2026-10-01T18:06:19.495Z [EVENT world:unitAdded] #2 (markBedsDirty) took 0.0ms
2026-10-01T18:06:19.496Z [EVENT world:unitAdded] #3 (anon_3) took 0.6ms
2026-10-01T18:06:19.496Z [EVENT world:unitAdded] #4 (anon_4) took 0.0ms
2026-10-01T18:06:19.497Z [EVENT world:unitAdded] #5 (anon_5) took 0.0ms
2026-10-01T18:06:19.497Z [EVENT world:unitAdded] #0 (anon_0) took 0.0ms
2026-10-01T18:06:19.497Z [EVENT world:unitAdded] #1 (clearUnitCaches) took 0.0ms
2026-10-01T18:06:19.497Z [EVENT world:unitAdded] #2 (markBedsDirty) took 0.0ms
2026-10-01T18:06:19.498Z [EVENT world:unitAdded] #3 (anon_3) took 0.5ms
2026-10-01T18:06:19.498Z [EVENT world:unitAdded] #4 (anon_4) took 0.0ms
2026-10-01T18:06:19.498Z [EVENT world:unitAdded] #5 (anon_5) took 0.0ms
2026-10-01T18:06:19.499Z [EVENT world:unitAdded] #0 (anon_0) took 0.0ms
2026-10-01T18:06:19.499Z [EVENT world:unitAdded] #1 (clearUnitCaches) took 0.0ms
2026-10-01T18:06:19.499Z [EVENT world:unitAdded] #2 (markBedsDirty) took 0.0ms
2026-10-01T18:06:19.500Z [EVENT world:unitAdded] #3 (anon_3) took 0.7ms
2026-10-01T18:06:19.500Z [EVENT world:unitAdded] #4 (anon_4) took 0.0ms
2026-10-01T18:06:19.500Z [EVENT world:unitAdded] #5 (anon_5) took 0.0ms
2026-10-01T18:06:19.501Z [EVENT world:unitAdded] #0 (anon_0) took 0.0ms
2026-10-01T18:06:19.501Z [EVENT world:unitAdded] #1 (clearUnitCaches) took 0.0ms
2026-10-01T18:06:19.501Z [EVENT world:unitAdded] #2 (markBedsDirty) took 0.0ms
2026-10-01T18:06:19.502Z [EVENT world:unitAdded] #3 (anon_3) took 0.5ms
2026-10-01T18:06:19.502Z [EVENT world:unitAdded] #4 (anon_4) took 0.0ms
2026-10-01T18:06:19.502Z [EVENT world:unitAdded] #5 (anon_5) took 0.0ms
2026-10-01T18:06:19.502Z [EVENT world:unitAdded] #0 (anon_0) took 0.0ms
2026-10-01T18:06:19.502Z [EVENT world:unitAdded] #1 (clearUnitCaches) took 0.0ms
2026-10-01T18:06:19.503Z [EVENT world:unitAdded] #2 (markBedsDirty) took 0.0ms
2026-10-01T18:06:19.503Z [EVENT world:unitAdded] #3 (anon_3) took 0.5ms
2026-10-01T18:06:19.503Z [EVENT world:unitAdded] #4 (anon_4) took 0.0ms
2026-10-01T18:06:19.504Z [EVENT world:unitAdded] #5 (anon_5) took 0.0ms
2026-10-01T18:06:19.504Z [EVENT world:unitAdded] #0 (anon_0) took 0.0ms
2026-10-01T18:06:19.504Z [EVENT world:unitAdded] #1 (clearUnitCaches) took 0.0ms
2026-10-01T18:06:19.504Z [EVENT world:unitAdded] #2 (markBedsDirty) took 0.0ms
2026-10-01T18:06:19.505Z [EVENT world:unitAdded] #3 (anon_3) took 0.8ms
2026-10-01T18:06:19.505Z [EVENT world:unitAdded] #4 (anon_4) took 0.0ms
2026-10-01T18:06:19.506Z [EVENT world:unitAdded] #5 (anon_5) took 0.0ms
2026-10-01T18:06:19.506Z [EVENT world:unitAdded] #0 (anon_0) took 0.0ms
2026-10-01T18:06:19.506Z [EVENT world:unitAdded] #1 (clearUnitCaches) took 0.0ms
2026-10-01T18:06:19.506Z [EVENT world:unitAdded] #2 (markBedsDirty) took 0.0ms
2026-10-01T18:06:19.507Z [EVENT world:unitAdded] #3 (anon_3) took 0.6ms
2026-10-01T18:06:19.507Z [EVENT world:unitAdded] #4 (anon_4) took 0.0ms
2026-10-01T18:06:19.508Z [EVENT world:unitAdded] #5 (anon_5) took 0.0ms
2026-10-01T18:06:19.508Z [EVENT world:unitAdded] #0 (anon_0) took 0.0ms
2026-10-01T18:06:19.508Z [EVENT world:unitAdded] #1 (clearUnitCaches) took 0.0ms
2026-10-01T18:06:19.508Z [EVENT world:unitAdded] #2 (markBedsDirty) took 0.0ms
2026-10-01T18:06:19.509Z [EVENT world:unitAdded] #3 (anon_3) took 0.6ms
2026-10-01T18:06:19.509Z [EVENT world:unitAdded] #4 (anon_4) took 0.0ms
2026-10-01T18:06:19.510Z [EVENT world:unitAdded] #5 (anon_5) took 0.0ms
2026-10-01T18:06:19.510Z [EVENT world:unitAdded] #0 (anon_0) took 0.3ms
2026-10-01T18:06:19.510Z [EVENT world:unitAdded] #1 (clearUnitCaches) took 0.0ms
2026-10-01T18:06:19.511Z [EVENT world:unitAdded] #2 (markBedsDirty) took 0.0ms
2026-10-01T18:06:19.512Z [EVENT world:unitAdded] #3 (anon_3) took 0.9ms
2026-10-01T18:06:19.512Z [EVENT world:unitAdded] #4 (anon_4) took 0.0ms
2026-10-01T18:06:19.512Z [EVENT world:unitAdded] #5 (anon_5) took 0.0ms
2026-10-01T18:06:19.513Z [EVENT world:unitAdded] #0 (anon_0) took 0.0ms
2026-10-01T18:06:19.513Z [EVENT world:unitAdded] #1 (clearUnitCaches) took 0.0ms
2026-10-01T18:06:19.513Z [EVENT world:unitAdded] #2 (markBedsDirty) took 0.0ms
2026-10-01T18:06:19.514Z [EVENT world:unitAdded] #3 (anon_3) took 0.5ms
2026-10-01T18:06:19.514Z [EVENT world:unitAdded] #4 (anon_4) took 0.0ms
2026-10-01T18:06:19.514Z [EVENT world:unitAdded] #5 (anon_5) took 0.0ms
2026-10-01T18:06:19.514Z [EVENT world:unitAdded] #0 (anon_0) took 0.0ms
2026-10-01T18:06:19.514Z [EVENT world:unitAdded] #1 (clearUnitCaches) took 0.0ms
2026-10-01T18:06:19.515Z [EVENT world:unitAdded] #2 (markBedsDirty) took 0.0ms
2026-10-01T18:06:19.515Z [EVENT world:unitAdded] #3 (anon_3) took 0.5ms
2026-10-01T18:06:19.516Z [EVENT world:unitAdded] #4 (anon_4) took 0.0ms
2026-10-01T18:06:19.516Z [EVENT world:unitAdded] #5 (anon_5) took 0.0ms
2026-10-01T18:06:19.516Z [EVENT world:unitAdded] #0 (anon_0) took 0.0ms
2026-10-01T18:06:19.517Z [EVENT world:unitAdded] #1 (clearUnitCaches) took 0.0ms
2026-10-01T18:06:19.517Z [EVENT world:unitAdded] #2 (markBedsDirty) took 0.0ms
2026-10-01T18:06:19.518Z [EVENT world:unitAdded] #3 (anon_3) took 0.5ms
2026-10-01T18:06:19.518Z [EVENT world:unitAdded] #4 (anon_4) took 0.0ms
2026-10-01T18:06:19.518Z [EVENT world:unitAdded] #5 (anon_5) took 0.0ms
2026-10-01T18:06:19.518Z [EVENT world:unitAdded] #0 (anon_0) took 0.0ms
2026-10-01T18:06:19.518Z [EVENT world:unitAdded] #1 (clearUnitCaches) took 0.0ms
2026-10-01T18:06:19.519Z [EVENT world:unitAdded] #2 (markBedsDirty) took 0.0ms
2026-10-01T18:06:19.519Z [EVENT world:unitAdded] #3 (anon_3) took 0.5ms
2026-10-01T18:06:19.519Z [EVENT world:unitAdded] #4 (anon_4) took 0.0ms
2026-10-01T18:06:19.519Z [EVENT world:unitAdded] #5 (anon_5) took 0.0ms
2026-10-01T18:06:19.520Z [EVENT world:unitAdded] #0 (anon_0) took 0.0ms
2026-10-01T18:06:19.520Z [EVENT world:unitAdded] #1 (clearUnitCaches) took 0.0ms
2026-10-01T18:06:19.520Z [EVENT world:unitAdded] #2 (markBedsDirty) took 0.0ms
2026-10-01T18:06:19.521Z [EVENT world:unitAdded] #3 (anon_3) took 1.0ms
2026-10-01T18:06:19.522Z [EVENT world:unitAdded] #4 (anon_4) took 0.0ms
2026-10-01T18:06:19.522Z [EVENT world:unitAdded] #5 (anon_5) took 0.0ms
2026-10-01T18:06:19.522Z [EVENT world:unitAdded] #0 (anon_0) took 0.0ms
2026-10-01T18:06:19.522Z [EVENT world:unitAdded] #1 (clearUnitCaches) took 0.0ms
2026-10-01T18:06:19.522Z [EVENT world:unitAdded] #2 (markBedsDirty) took 0.0ms
2026-10-01T18:06:19.523Z [EVENT world:unitAdded] #3 (anon_3) took 0.5ms
2026-10-01T18:06:19.523Z [EVENT world:unitAdded] #4 (anon_4) took 0.0ms
2026-10-01T18:06:19.523Z [EVENT world:unitAdded] #5 (anon_5) took 0.0ms
2026-10-01T18:06:19.524Z [EVENT world:unitAdded] #0 (anon_0) took 0.0ms
2026-10-01T18:06:19.524Z [EVENT world:unitAdded] #1 (clearUnitCaches) took 0.0ms
2026-10-01T18:06:19.524Z [EVENT world:unitAdded] #2 (markBedsDirty) took 0.0ms
2026-10-01T18:06:19.525Z [EVENT world:unitAdded] #3 (anon_3) took 0.5ms
2026-10-01T18:06:19.525Z [EVENT world:unitAdded] #4 (anon_4) took 0.0ms
2026-10-01T18:06:19.525Z [EVENT world:unitAdded] #5 (anon_5) took 0.0ms
2026-10-01T18:06:19.526Z [EVENT world:unitAdded] #0 (anon_0) took 0.0ms
2026-10-01T18:06:19.526Z [EVENT world:unitAdded] #1 (clearUnitCaches) took 0.0ms
2026-10-01T18:06:19.526Z [EVENT world:unitAdded] #2 (markBedsDirty) took 0.0ms
2026-10-01T18:06:19.527Z [EVENT world:unitAdded] #3 (anon_3) took 0.9ms
2026-10-01T18:06:19.527Z [EVENT world:unitAdded] #4 (anon_4) took 0.0ms
2026-10-01T18:06:19.528Z [EVENT world:unitAdded] #5 (anon_5) took 0.0ms
2026-10-01T18:06:19.528Z [EVENT world:unitAdded] #0 (anon_0) took 0.0ms
2026-10-01T18:06:19.528Z [EVENT world:unitAdded] #1 (clearUnitCaches) took 0.0ms
2026-10-01T18:06:19.528Z [EVENT world:unitAdded] #2 (markBedsDirty) took 0.0ms
2026-10-01T18:06:19.529Z [EVENT world:unitAdded] #3 (anon_3) took 0.6ms
2026-10-01T18:06:19.529Z [EVENT world:unitAdded] #4 (anon_4) took 0.0ms
2026-10-01T18:06:19.530Z [EVENT world:unitAdded] #5 (anon_5) took 0.0ms
2026-10-01T18:06:19.530Z [EVENT world:unitAdded] #0 (anon_0) took 0.0ms
2026-10-01T18:06:19.530Z [EVENT world:unitAdded] #1 (clearUnitCaches) took 0.0ms
2026-10-01T18:06:19.530Z [EVENT world:unitAdded] #2 (markBedsDirty) took 0.0ms
2026-10-01T18:06:19.531Z [EVENT world:unitAdded] #3 (anon_3) took 0.5ms
2026-10-01T18:06:19.531Z [EVENT world:unitAdded] #4 (anon_4) took 0.0ms
2026-10-01T18:06:19.532Z [EVENT world:unitAdded] #5 (anon_5) took 0.0ms
2026-10-01T18:06:19.532Z [EVENT world:unitAdded] #0 (anon_0) took 0.0ms
2026-10-01T18:06:19.532Z [EVENT world:unitAdded] #1 (clearUnitCaches) took 0.0ms
2026-10-01T18:06:19.532Z [EVENT world:unitAdded] #2 (markBedsDirty) took 0.0ms
2026-10-01T18:06:19.533Z [EVENT world:unitAdded] #3 (anon_3) took 0.8ms
2026-10-01T18:06:19.533Z [EVENT world:unitAdded] #4 (anon_4) took 0.0ms
2026-10-01T18:06:19.534Z [EVENT world:unitAdded] #5 (anon_5) took 0.0ms
2026-10-01T18:06:19.534Z [EVENT world:unitAdded] #0 (anon_0) took 0.0ms
2026-10-01T18:06:19.534Z [EVENT world:unitAdded] #1 (clearUnitCaches) took 0.0ms
2026-10-01T18:06:19.534Z [EVENT world:unitAdded] #2 (markBedsDirty) took 0.0ms
2026-10-01T18:06:19.535Z [EVENT world:unitAdded] #3 (anon_3) took 0.5ms
2026-10-01T18:06:19.535Z [EVENT world:unitAdded] #4 (anon_4) took 0.0ms
2026-10-01T18:06:19.535Z [EVENT world:unitAdded] #5 (anon_5) took 0.0ms
2026-10-01T18:06:19.536Z [EVENT world:unitAdded] #0 (anon_0) took 0.0ms
2026-10-01T18:06:19.536Z [EVENT world:unitAdded] #1 (clearUnitCaches) took 0.0ms
2026-10-01T18:06:19.536Z [EVENT world:unitAdded] #2 (markBedsDirty) took 0.0ms
2026-10-01T18:06:19.537Z [EVENT world:unitAdded] #3 (anon_3) took 0.5ms
2026-10-01T18:06:19.537Z [EVENT world:unitAdded] #4 (anon_4) took 0.0ms
2026-10-01T18:06:19.537Z [EVENT world:unitAdded] #5 (anon_5) took 0.0ms
2026-10-01T18:06:19.538Z [EVENT world:unitAdded] #0 (anon_0) took 0.0ms
2026-10-01T18:06:19.538Z [EVENT world:unitAdded] #1 (clearUnitCaches) took 0.0ms
2026-10-01T18:06:19.538Z [EVENT world:unitAdded] #2 (markBedsDirty) took 0.0ms
2026-10-01T18:06:19.539Z [EVENT world:unitAdded] #3 (anon_3) took 0.9ms
2026-10-01T18:06:19.539Z [EVENT world:unitAdded] #4 (anon_4) took 0.0ms
2026-10-01T18:06:19.539Z [EVENT world:unitAdded] #5 (anon_5) took 0.0ms
2026-10-01T18:06:19.540Z [EVENT world:unitAdded] #0 (anon_0) took 0.0ms
2026-10-01T18:06:19.540Z [EVENT world:unitAdded] #1 (clearUnitCaches) took 0.0ms
2026-10-01T18:06:19.540Z [EVENT world:unitAdded] #2 (markBedsDirty) took 0.0ms
2026-10-01T18:06:19.541Z [EVENT world:unitAdded] #3 (anon_3) took 0.7ms
2026-10-01T18:06:19.542Z [EVENT world:unitAdded] #4 (anon_4) took 0.0ms
2026-10-01T18:06:19.542Z [EVENT world:unitAdded] #5 (anon_5) took 0.0ms
2026-10-01T18:06:19.542Z [EVENT world:unitAdded] #0 (anon_0) took 0.0ms
2026-10-01T18:06:19.542Z [EVENT world:unitAdded] #1 (clearUnitCaches) took 0.0ms
2026-10-01T18:06:19.543Z [EVENT world:unitAdded] #2 (markBedsDirty) took 0.0ms
2026-10-01T18:06:19.544Z [EVENT world:unitAdded] #3 (anon_3) took 0.7ms
2026-10-01T18:06:19.544Z [EVENT world:unitAdded] #4 (anon_4) took 0.0ms
2026-10-01T18:06:19.544Z [EVENT world:unitAdded] #5 (anon_5) took 0.0ms
2026-10-01T18:06:19.544Z [EVENT world:unitAdded] #0 (anon_0) took 0.0ms
2026-10-01T18:06:19.544Z [EVENT world:unitAdded] #1 (clearUnitCaches) took 0.0ms
2026-10-01T18:06:19.545Z [EVENT world:unitAdded] #2 (markBedsDirty) took 0.0ms
2026-10-01T18:06:19.545Z [EVENT world:unitAdded] #3 (anon_3) took 0.5ms
2026-10-01T18:06:19.546Z [EVENT world:unitAdded] #4 (anon_4) took 0.0ms
2026-10-01T18:06:19.546Z [EVENT world:unitAdded] #5 (anon_5) took 0.0ms
2026-10-01T18:06:19.546Z [EVENT world:unitAdded] #0 (anon_0) took 0.0ms
2026-10-01T18:06:19.546Z [EVENT world:unitAdded] #1 (clearUnitCaches) took 0.0ms
2026-10-01T18:06:19.547Z [EVENT world:unitAdded] #2 (markBedsDirty) took 0.0ms
2026-10-01T18:06:19.547Z [EVENT world:unitAdded] #3 (anon_3) took 0.5ms
2026-10-01T18:06:19.547Z [EVENT world:unitAdded] #4 (anon_4) took 0.0ms
2026-10-01T18:06:19.547Z [EVENT world:unitAdded] #5 (anon_5) took 0.0ms
2026-10-01T18:06:19.548Z [EVENT world:unitAdded] #0 (anon_0) took 0.0ms
2026-10-01T18:06:19.548Z [EVENT world:unitAdded] #1 (clearUnitCaches) took 0.0ms
2026-10-01T18:06:19.548Z [EVENT world:unitAdded] #2 (markBedsDirty) took 0.0ms
2026-10-01T18:06:19.549Z [EVENT world:unitAdded] #3 (anon_3) took 0.9ms
2026-10-01T18:06:19.550Z [EVENT world:unitAdded] #4 (anon_4) took 0.0ms
2026-10-01T18:06:19.550Z [EVENT world:unitAdded] #5 (anon_5) took 0.0ms
2026-10-01T18:06:19.550Z [EVENT world:unitAdded] #0 (anon_0) took 0.0ms
2026-10-01T18:06:19.550Z [EVENT world:unitAdded] #1 (clearUnitCaches) took 0.0ms
2026-10-01T18:06:19.551Z [EVENT world:unitAdded] #2 (markBedsDirty) took 0.0ms
2026-10-01T18:06:19.551Z [EVENT world:unitAdded] #3 (anon_3) took 0.6ms
2026-10-01T18:06:19.551Z [EVENT world:unitAdded] #4 (anon_4) took 0.0ms
2026-10-01T18:06:19.552Z [EVENT world:unitAdded] #5 (anon_5) took 0.0ms
2026-10-01T18:06:19.552Z [EVENT world:unitAdded] #0 (anon_0) took 0.0ms
2026-10-01T18:06:19.552Z [EVENT world:unitAdded] #1 (clearUnitCaches) took 0.0ms
2026-10-01T18:06:19.552Z [EVENT world:unitAdded] #2 (markBedsDirty) took 0.0ms
2026-10-01T18:06:19.553Z [EVENT world:unitAdded] #3 (anon_3) took 0.6ms
2026-10-01T18:06:19.553Z [EVENT world:unitAdded] #4 (anon_4) took 0.0ms
2026-10-01T18:06:19.553Z [EVENT world:unitAdded] #5 (anon_5) took 0.0ms
2026-10-01T18:06:19.554Z [EVENT world:unitAdded] #0 (anon_0) took 0.0ms
2026-10-01T18:06:19.554Z [EVENT world:unitAdded] #1 (clearUnitCaches) took 0.0ms
2026-10-01T18:06:19.554Z [EVENT world:unitAdded] #2 (markBedsDirty) took 0.0ms
2026-10-01T18:06:19.555Z [EVENT world:unitAdded] #3 (anon_3) took 0.8ms
2026-10-01T18:06:19.555Z [EVENT world:unitAdded] #4 (anon_4) took 0.0ms
2026-10-01T18:06:19.556Z [EVENT world:unitAdded] #5 (anon_5) took 0.0ms
2026-10-01T18:06:19.556Z [EVENT world:unitAdded] #0 (anon_0) took 0.0ms
2026-10-01T18:06:19.556Z [EVENT world:unitAdded] #1 (clearUnitCaches) took 0.0ms
2026-10-01T18:06:19.557Z [EVENT world:unitAdded] #2 (markBedsDirty) took 0.0ms
2026-10-01T18:06:19.558Z [EVENT world:unitAdded] #3 (anon_3) took 0.6ms
2026-10-01T18:06:19.558Z [EVENT world:unitAdded] #4 (anon_4) took 0.0ms
2026-10-01T18:06:19.558Z [EVENT world:unitAdded] #5 (anon_5) took 0.0ms
2026-10-01T18:06:19.558Z [EVENT world:unitAdded] #0 (anon_0) took 0.0ms
2026-10-01T18:06:19.558Z [EVENT world:unitAdded] #1 (clearUnitCaches) took 0.0ms
2026-10-01T18:06:19.559Z [EVENT world:unitAdded] #2 (markBedsDirty) took 0.0ms
2026-10-01T18:06:19.559Z [EVENT world:unitAdded] #3 (anon_3) took 0.5ms
2026-10-01T18:06:19.560Z [EVENT world:unitAdded] #4 (anon_4) took 0.0ms
2026-10-01T18:06:19.560Z [EVENT world:unitAdded] #5 (anon_5) took 0.0ms
2026-10-01T18:06:19.560Z [EVENT world:unitAdded] #0 (anon_0) took 0.0ms
2026-10-01T18:06:19.560Z [EVENT world:unitAdded] #1 (clearUnitCaches) took 0.0ms
2026-10-01T18:06:19.560Z [EVENT world:unitAdded] #2 (markBedsDirty) took 0.0ms
2026-10-01T18:06:19.561Z [EVENT world:unitAdded] #3 (anon_3) took 0.7ms
2026-10-01T18:06:19.561Z [EVENT world:unitAdded] #4 (anon_4) took 0.0ms
2026-10-01T18:06:19.562Z [EVENT world:unitAdded] #5 (anon_5) took 0.0ms
2026-10-01T18:06:19.562Z [EVENT world:unitAdded] #0 (anon_0) took 0.0ms
2026-10-01T18:06:19.562Z [EVENT world:unitAdded] #1 (clearUnitCaches) took 0.0ms
2026-10-01T18:06:19.562Z [EVENT world:unitAdded] #2 (markBedsDirty) took 0.0ms
2026-10-01T18:06:19.563Z [EVENT world:unitAdded] #3 (anon_3) took 0.5ms
2026-10-01T18:06:19.563Z [EVENT world:unitAdded] #4 (anon_4) took 0.0ms
2026-10-01T18:06:19.563Z [EVENT world:unitAdded] #5 (anon_5) took 0.0ms
2026-10-01T18:06:19.564Z [EVENT world:unitAdded] #0 (anon_0) took 0.0ms
2026-10-01T18:06:19.564Z [EVENT world:unitAdded] #1 (clearUnitCaches) took 0.0ms
2026-10-01T18:06:19.564Z [EVENT world:unitAdded] #2 (markBedsDirty) took 0.0ms
2026-10-01T18:06:19.565Z [EVENT world:unitAdded] #3 (anon_3) took 0.7ms
2026-10-01T18:06:19.565Z [EVENT world:unitAdded] #4 (anon_4) took 0.0ms
2026-10-01T18:06:19.565Z [EVENT world:unitAdded] #5 (anon_5) took 0.0ms
2026-10-01T18:06:19.566Z [EVENT world:unitAdded] #0 (anon_0) took 0.0ms
2026-10-01T18:06:19.566Z [EVENT world:unitAdded] #1 (clearUnitCaches) took 0.0ms
2026-10-01T18:06:19.566Z [EVENT world:unitAdded] #2 (markBedsDirty) took 0.0ms
2026-10-01T18:06:19.567Z [EVENT world:unitAdded] #3 (anon_3) took 0.6ms
2026-10-01T18:06:19.567Z [EVENT world:unitAdded] #4 (anon_4) took 0.0ms
2026-10-01T18:06:19.567Z [EVENT world:unitAdded] #5 (anon_5) took 0.0ms
2026-10-01T18:06:19.568Z [EVENT world:unitAdded] #0 (anon_0) took 0.0ms
2026-10-01T18:06:19.568Z [EVENT world:unitAdded] #1 (clearUnitCaches) took 0.0ms
2026-10-01T18:06:19.568Z [EVENT world:unitAdded] #2 (markBedsDirty) took 0.0ms
2026-10-01T18:06:19.569Z [EVENT world:unitAdded] #3 (anon_3) took 0.6ms
2026-10-01T18:06:19.569Z [EVENT world:unitAdded] #4 (anon_4) took 0.0ms
2026-10-01T18:06:19.569Z [EVENT world:unitAdded] #5 (anon_5) took 0.0ms
2026-10-01T18:06:19.570Z [EVENT world:unitAdded] #0 (anon_0) took 0.0ms
2026-10-01T18:06:19.570Z [EVENT world:unitAdded] #1 (clearUnitCaches) took 0.0ms
2026-10-01T18:06:19.570Z [EVENT world:unitAdded] #2 (markBedsDirty) took 0.0ms
2026-10-01T18:06:19.571Z [EVENT world:unitAdded] #3 (anon_3) took 0.9ms
2026-10-01T18:06:19.571Z [EVENT world:unitAdded] #4 (anon_4) took 0.0ms
2026-10-01T18:06:19.571Z [EVENT world:unitAdded] #5 (anon_5) took 0.0ms
2026-10-01T18:06:19.572Z [EVENT world:unitAdded] #0 (anon_0) took 0.0ms
2026-10-01T18:06:19.572Z [EVENT world:unitAdded] #1 (clearUnitCaches) took 0.0ms
2026-10-01T18:06:19.572Z [EVENT world:unitAdded] #2 (markBedsDirty) took 0.0ms
2026-10-01T18:06:19.573Z [EVENT world:unitAdded] #3 (anon_3) took 0.5ms
2026-10-01T18:06:19.573Z [EVENT world:unitAdded] #4 (anon_4) took 0.0ms
2026-10-01T18:06:19.573Z [EVENT world:unitAdded] #5 (anon_5) took 0.0ms
2026-10-01T18:06:19.575Z [EVENT world:unitAdded] #0 (anon_0) took 0.0ms
2026-10-01T18:06:19.575Z [EVENT world:unitAdded] #1 (clearUnitCaches) took 0.0ms
2026-10-01T18:06:19.575Z [EVENT world:unitAdded] #2 (markBedsDirty) took 0.0ms
2026-10-01T18:06:19.576Z [EVENT world:unitAdded] #3 (anon_3) took 0.5ms
2026-10-01T18:06:19.576Z [EVENT world:unitAdded] #4 (anon_4) took 0.0ms
2026-10-01T18:06:19.576Z [EVENT world:unitAdded] #5 (anon_5) took 0.0ms
2026-10-01T18:06:19.577Z [EVENT world:unitAdded] #0 (anon_0) took 0.0ms
2026-10-01T18:06:19.577Z [EVENT world:unitAdded] #1 (clearUnitCaches) took 0.0ms
2026-10-01T18:06:19.577Z [EVENT world:unitAdded] #2 (markBedsDirty) took 0.0ms
2026-10-01T18:06:19.578Z [EVENT world:unitAdded] #3 (anon_3) took 0.9ms
2026-10-01T18:06:19.578Z [EVENT world:unitAdded] #4 (anon_4) took 0.0ms
2026-10-01T18:06:19.579Z [EVENT world:unitAdded] #5 (anon_5) took 0.0ms
2026-10-01T18:06:19.579Z [EVENT world:unitAdded] #0 (anon_0) took 0.0ms
2026-10-01T18:06:19.579Z [EVENT world:unitAdded] #1 (clearUnitCaches) took 0.0ms
2026-10-01T18:06:19.579Z [EVENT world:unitAdded] #2 (markBedsDirty) took 0.0ms
2026-10-01T18:06:19.580Z [EVENT world:unitAdded] #3 (anon_3) took 0.5ms
2026-10-01T18:06:19.580Z [EVENT world:unitAdded] #4 (anon_4) took 0.0ms
2026-10-01T18:06:19.580Z [EVENT world:unitAdded] #5 (anon_5) took 0.0ms
2026-10-01T18:06:19.581Z [EVENT world:unitAdded] #0 (anon_0) took 0.0ms
2026-10-01T18:06:19.581Z [EVENT world:unitAdded] #1 (clearUnitCaches) took 0.0ms
2026-10-01T18:06:19.581Z [EVENT world:unitAdded] #2 (markBedsDirty) took 0.0ms
2026-10-01T18:06:19.582Z [EVENT world:unitAdded] #3 (anon_3) took 0.6ms
2026-10-01T18:06:19.582Z [EVENT world:unitAdded] #4 (anon_4) took 0.0ms
2026-10-01T18:06:19.582Z [EVENT world:unitAdded] #5 (anon_5) took 0.0ms
2026-10-01T18:06:19.583Z [EVENT world:unitAdded] #0 (anon_0) took 0.0ms
2026-10-01T18:06:19.583Z [EVENT world:unitAdded] #1 (clearUnitCaches) took 0.0ms
2026-10-01T18:06:19.583Z [EVENT world:unitAdded] #2 (markBedsDirty) took 0.0ms
2026-10-01T18:06:19.584Z [EVENT world:unitAdded] #3 (anon_3) took 0.8ms
2026-10-01T18:06:19.584Z [EVENT world:unitAdded] #4 (anon_4) took 0.0ms
2026-10-01T18:06:19.584Z [EVENT world:unitAdded] #5 (anon_5) took 0.0ms
2026-10-01T18:06:19.585Z [EVENT world:unitAdded] #0 (anon_0) took 0.0ms
2026-10-01T18:06:19.585Z [EVENT world:unitAdded] #1 (clearUnitCaches) took 0.0ms
2026-10-01T18:06:19.585Z [EVENT world:unitAdded] #2 (markBedsDirty) took 0.0ms
2026-10-01T18:06:19.586Z [EVENT world:unitAdded] #3 (anon_3) took 0.6ms
2026-10-01T18:06:19.586Z [EVENT world:unitAdded] #4 (anon_4) took 0.0ms
2026-10-01T18:06:19.586Z [EVENT world:unitAdded] #5 (anon_5) took 0.0ms
2026-10-01T18:06:19.587Z [EVENT world:unitAdded] #0 (anon_0) took 0.0ms
2026-10-01T18:06:19.587Z [EVENT world:unitAdded] #1 (clearUnitCaches) took 0.0ms
2026-10-01T18:06:19.587Z [EVENT world:unitAdded] #2 (markBedsDirty) took 0.0ms
2026-10-01T18:06:19.588Z [EVENT world:unitAdded] #3 (anon_3) took 0.5ms
2026-10-01T18:06:19.588Z [EVENT world:unitAdded] #4 (anon_4) took 0.0ms
2026-10-01T18:06:19.588Z [EVENT world:unitAdded] #5 (anon_5) took 0.0ms
2026-10-01T18:06:19.589Z [EVENT world:unitAdded] #0 (anon_0) took 0.0ms
2026-10-01T18:06:19.589Z [EVENT world:unitAdded] #1 (clearUnitCaches) took 0.0ms
2026-10-01T18:06:19.589Z [EVENT world:unitAdded] #2 (markBedsDirty) took 0.0ms
2026-10-01T18:06:19.590Z [EVENT world:unitAdded] #3 (anon_3) took 0.8ms
2026-10-01T18:06:19.590Z [EVENT world:unitAdded] #4 (anon_4) took 0.0ms
2026-10-01T18:06:19.590Z [EVENT world:unitAdded] #5 (anon_5) took 0.0ms
2026-10-01T18:06:19.591Z [EVENT world:unitAdded] #0 (anon_0) took 0.0ms
2026-10-01T18:06:19.591Z [EVENT world:unitAdded] #1 (clearUnitCaches) took 0.0ms
2026-10-01T18:06:19.591Z [EVENT world:unitAdded] #2 (markBedsDirty) took 0.0ms
2026-10-01T18:06:19.592Z [EVENT world:unitAdded] #3 (anon_3) took 0.6ms
2026-10-01T18:06:19.592Z [EVENT world:unitAdded] #4 (anon_4) took 0.0ms
2026-10-01T18:06:19.592Z [EVENT world:unitAdded] #5 (anon_5) took 0.0ms
2026-10-01T18:06:19.593Z [EVENT world:unitAdded] #0 (anon_0) took 0.0ms
2026-10-01T18:06:19.593Z [EVENT world:unitAdded] #1 (clearUnitCaches) took 0.0ms
2026-10-01T18:06:19.593Z [EVENT world:unitAdded] #2 (markBedsDirty) took 0.0ms
2026-10-01T18:06:19.594Z [EVENT world:unitAdded] #3 (anon_3) took 0.9ms
2026-10-01T18:06:19.595Z [EVENT world:unitAdded] #4 (anon_4) took 0.0ms
2026-10-01T18:06:19.595Z [EVENT world:unitAdded] #5 (anon_5) took 0.0ms
2026-10-01T18:06:19.595Z [EVENT world:unitAdded] #0 (anon_0) took 0.0ms
2026-10-01T18:06:19.595Z [EVENT world:unitAdded] #1 (clearUnitCaches) took 0.0ms
2026-10-01T18:06:19.596Z [EVENT world:unitAdded] #2 (markBedsDirty) took 0.0ms
2026-10-01T18:06:19.597Z [EVENT world:unitAdded] #3 (anon_3) took 0.8ms
2026-10-01T18:06:19.597Z [EVENT world:unitAdded] #4 (anon_4) took 0.0ms
2026-10-01T18:06:19.597Z [EVENT world:unitAdded] #5 (anon_5) took 0.0ms
2026-10-01T18:06:19.597Z [EVENT world:unitAdded] #0 (anon_0) took 0.0ms
2026-10-01T18:06:19.598Z [EVENT world:unitAdded] #1 (clearUnitCaches) took 0.0ms
2026-10-01T18:06:19.598Z [EVENT world:unitAdded] #2 (markBedsDirty) took 0.0ms
2026-10-01T18:06:19.598Z [EVENT world:unitAdded] #3 (anon_3) took 0.5ms
2026-10-01T18:06:19.599Z [EVENT world:unitAdded] #4 (anon_4) took 0.0ms
2026-10-01T18:06:19.599Z [EVENT world:unitAdded] #5 (anon_5) took 0.0ms
2026-10-01T18:06:19.599Z [EVENT world:unitAdded] #0 (anon_0) took 0.0ms
2026-10-01T18:06:19.599Z [EVENT world:unitAdded] #1 (clearUnitCaches) took 0.0ms
2026-10-01T18:06:19.599Z [EVENT world:unitAdded] #2 (markBedsDirty) took 0.0ms
2026-10-01T18:06:19.600Z [EVENT world:unitAdded] #3 (anon_3) took 0.8ms
2026-10-01T18:06:19.601Z [EVENT world:unitAdded] #4 (anon_4) took 0.0ms
2026-10-01T18:06:19.601Z [EVENT world:unitAdded] #5 (anon_5) took 0.0ms
2026-10-01T18:06:19.601Z [EVENT world:unitAdded] #0 (anon_0) took 0.0ms
2026-10-01T18:06:19.602Z [EVENT world:unitAdded] #1 (clearUnitCaches) took 0.0ms
2026-10-01T18:06:19.602Z [EVENT world:unitAdded] #2 (markBedsDirty) took 0.0ms
2026-10-01T18:06:19.603Z [EVENT world:unitAdded] #3 (anon_3) took 0.6ms
2026-10-01T18:06:19.603Z [EVENT world:unitAdded] #4 (anon_4) took 0.0ms
2026-10-01T18:06:19.603Z [EVENT world:unitAdded] #5 (anon_5) took 0.0ms
2026-10-01T18:06:19.603Z [EVENT world:unitAdded] #0 (anon_0) took 0.0ms
2026-10-01T18:06:19.603Z [EVENT world:unitAdded] #1 (clearUnitCaches) took 0.0ms
2026-10-01T18:06:19.604Z [EVENT world:unitAdded] #2 (markBedsDirty) took 0.0ms
2026-10-01T18:06:19.604Z [EVENT world:unitAdded] #3 (anon_3) took 0.5ms
2026-10-01T18:06:19.604Z [EVENT world:unitAdded] #4 (anon_4) took 0.0ms
2026-10-01T18:06:19.605Z [EVENT world:unitAdded] #5 (anon_5) took 0.0ms
2026-10-01T18:06:19.605Z [EVENT world:unitAdded] #0 (anon_0) took 0.0ms
2026-10-01T18:06:19.605Z [EVENT world:unitAdded] #1 (clearUnitCaches) took 0.0ms
2026-10-01T18:06:19.606Z [EVENT world:unitAdded] #2 (markBedsDirty) took 0.0ms
2026-10-01T18:06:19.607Z [EVENT world:unitAdded] #3 (anon_3) took 0.8ms
2026-10-01T18:06:19.607Z [EVENT world:unitAdded] #4 (anon_4) took 0.0ms
2026-10-01T18:06:19.607Z [EVENT world:unitAdded] #5 (anon_5) took 0.0ms
2026-10-01T18:06:19.607Z [EVENT world:unitAdded] #0 (anon_0) took 0.0ms
2026-10-01T18:06:19.607Z [EVENT world:unitAdded] #1 (clearUnitCaches) took 0.0ms
2026-10-01T18:06:19.608Z [EVENT world:unitAdded] #2 (markBedsDirty) took 0.0ms
2026-10-01T18:06:19.608Z [EVENT world:unitAdded] #3 (anon_3) took 0.5ms
2026-10-01T18:06:19.608Z [EVENT world:unitAdded] #4 (anon_4) took 0.0ms
2026-10-01T18:06:19.609Z [EVENT world:unitAdded] #5 (anon_5) took 0.0ms
2026-10-01T18:06:19.609Z [EVENT world:unitAdded] #0 (anon_0) took 0.0ms
2026-10-01T18:06:19.609Z [EVENT world:unitAdded] #1 (clearUnitCaches) took 0.0ms
2026-10-01T18:06:19.609Z [EVENT world:unitAdded] #2 (markBedsDirty) took 0.0ms
2026-10-01T18:06:19.610Z [EVENT world:unitAdded] #3 (anon_3) took 0.7ms
2026-10-01T18:06:19.610Z [EVENT world:unitAdded] #4 (anon_4) took 0.0ms
2026-10-01T18:06:19.610Z [EVENT world:unitAdded] #5 (anon_5) took 0.0ms
2026-10-01T18:06:19.611Z [EVENT world:unitAdded] #0 (anon_0) took 0.0ms
2026-10-01T18:06:19.611Z [EVENT world:unitAdded] #1 (clearUnitCaches) took 0.0ms
2026-10-01T18:06:19.611Z [EVENT world:unitAdded] #2 (markBedsDirty) took 0.0ms
2026-10-01T18:06:19.612Z [EVENT world:unitAdded] #3 (anon_3) took 0.6ms
2026-10-01T18:06:19.612Z [EVENT world:unitAdded] #4 (anon_4) took 0.0ms
2026-10-01T18:06:19.612Z [EVENT world:unitAdded] #5 (anon_5) took 0.0ms
2026-10-01T18:06:19.613Z [EVENT world:unitAdded] #0 (anon_0) took 0.0ms
2026-10-01T18:06:19.613Z [EVENT world:unitAdded] #1 (clearUnitCaches) took 0.0ms
2026-10-01T18:06:19.613Z [EVENT world:unitAdded] #2 (markBedsDirty) took 0.0ms
2026-10-01T18:06:19.614Z [EVENT world:unitAdded] #3 (anon_3) took 0.5ms
2026-10-01T18:06:19.614Z [EVENT world:unitAdded] #4 (anon_4) took 0.0ms
2026-10-01T18:06:19.614Z [EVENT world:unitAdded] #5 (anon_5) took 0.0ms
2026-10-01T18:06:19.615Z [EVENT world:unitAdded] #0 (anon_0) took 0.0ms
2026-10-01T18:06:19.615Z [EVENT world:unitAdded] #1 (clearUnitCaches) took 0.0ms
2026-10-01T18:06:19.615Z [EVENT world:unitAdded] #2 (markBedsDirty) took 0.0ms
2026-10-01T18:06:19.616Z [EVENT world:unitAdded] #3 (anon_3) took 0.8ms
2026-10-01T18:06:19.616Z [EVENT world:unitAdded] #4 (anon_4) took 0.0ms
2026-10-01T18:06:19.616Z [EVENT world:unitAdded] #5 (anon_5) took 0.0ms
2026-10-01T18:06:19.617Z [EVENT world:unitAdded] #0 (anon_0) took 0.0ms
2026-10-01T18:06:19.617Z [EVENT world:unitAdded] #1 (clearUnitCaches) took 0.0ms
2026-10-01T18:06:19.617Z [EVENT world:unitAdded] #2 (markBedsDirty) took 0.0ms
2026-10-01T18:06:19.618Z [EVENT world:unitAdded] #3 (anon_3) took 0.5ms
2026-10-01T18:06:19.618Z [EVENT world:unitAdded] #4 (anon_4) took 0.0ms
2026-10-01T18:06:19.618Z [EVENT world:unitAdded] #5 (anon_5) took 0.0ms
2026-10-01T18:06:19.619Z [EVENT world:unitAdded] #0 (anon_0) took 0.0ms
2026-10-01T18:06:19.619Z [EVENT world:unitAdded] #1 (clearUnitCaches) took 0.0ms
2026-10-01T18:06:19.619Z [EVENT world:unitAdded] #2 (markBedsDirty) took 0.0ms
2026-10-01T18:06:19.620Z [EVENT world:unitAdded] #3 (anon_3) took 0.6ms
2026-10-01T18:06:19.620Z [EVENT world:unitAdded] #4 (anon_4) took 0.0ms
2026-10-01T18:06:19.620Z [EVENT world:unitAdded] #5 (anon_5) took 0.0ms
2026-10-01T18:06:19.620Z [EVENT world:unitAdded] #0 (anon_0) took 0.0ms
2026-10-01T18:06:19.621Z [EVENT world:unitAdded] #1 (clearUnitCaches) took 0.0ms
2026-10-01T18:06:19.621Z [EVENT world:unitAdded] #2 (markBedsDirty) took 0.0ms
2026-10-01T18:06:19.622Z [EVENT world:unitAdded] #3 (anon_3) took 0.9ms
2026-10-01T18:06:19.622Z [EVENT world:unitAdded] #4 (anon_4) took 0.0ms
2026-10-01T18:06:19.622Z [EVENT world:unitAdded] #5 (anon_5) took 0.0ms
2026-10-01T18:06:19.623Z [EVENT world:unitAdded] #0 (anon_0) took 0.0ms
2026-10-01T18:06:19.623Z [EVENT world:unitAdded] #1 (clearUnitCaches) took 0.0ms
2026-10-01T18:06:19.623Z [EVENT world:unitAdded] #2 (markBedsDirty) took 0.0ms
2026-10-01T18:06:19.624Z [EVENT world:unitAdded] #3 (anon_3) took 0.5ms
2026-10-01T18:06:19.624Z [EVENT world:unitAdded] #4 (anon_4) took 0.0ms
2026-10-01T18:06:19.624Z [EVENT world:unitAdded] #5 (anon_5) took 0.0ms
2026-10-01T18:06:19.625Z [EVENT world:unitAdded] #0 (anon_0) took 0.0ms
2026-10-01T18:06:19.625Z [EVENT world:unitAdded] #1 (clearUnitCaches) took 0.0ms
2026-10-01T18:06:19.625Z [EVENT world:unitAdded] #2 (markBedsDirty) took 0.0ms
2026-10-01T18:06:19.626Z [EVENT world:unitAdded] #3 (anon_3) took 0.5ms
2026-10-01T18:06:19.626Z [EVENT world:unitAdded] #4 (anon_4) took 0.0ms
2026-10-01T18:06:19.626Z [EVENT world:unitAdded] #5 (anon_5) took 0.0ms
2026-10-01T18:06:19.626Z [EVENT world:unitAdded] #0 (anon_0) took 0.0ms
2026-10-01T18:06:19.627Z [EVENT world:unitAdded] #1 (clearUnitCaches) took 0.0ms
2026-10-01T18:06:19.627Z [EVENT world:unitAdded] #2 (markBedsDirty) took 0.0ms
2026-10-01T18:06:19.628Z [EVENT world:unitAdded] #3 (anon_3) took 0.7ms
2026-10-01T18:06:19.628Z [EVENT world:unitAdded] #4 (anon_4) took 0.0ms
2026-10-01T18:06:19.628Z [EVENT world:unitAdded] #5 (anon_5) took 0.0ms
2026-10-01T18:06:19.628Z [EVENT world:unitAdded] #0 (anon_0) took 0.0ms
2026-10-01T18:06:19.629Z [EVENT world:unitAdded] #1 (clearUnitCaches) took 0.0ms
2026-10-01T18:06:19.629Z [EVENT world:unitAdded] #2 (markBedsDirty) took 0.0ms
2026-10-01T18:06:19.629Z [EVENT world:unitAdded] #3 (anon_3) took 0.5ms
2026-10-01T18:06:19.630Z [EVENT world:unitAdded] #4 (anon_4) took 0.0ms
2026-10-01T18:06:19.630Z [EVENT world:unitAdded] #5 (anon_5) took 0.0ms
2026-10-01T18:06:19.630Z [EVENT world:unitAdded] #0 (anon_0) took 0.0ms
2026-10-01T18:06:19.630Z [EVENT world:unitAdded] #1 (clearUnitCaches) took 0.0ms
2026-10-01T18:06:19.631Z [EVENT world:unitAdded] #2 (markBedsDirty) took 0.0ms
2026-10-01T18:06:19.631Z [EVENT world:unitAdded] #3 (anon_3) took 0.5ms
2026-10-01T18:06:19.631Z [EVENT world:unitAdded] #4 (anon_4) took 0.0ms
2026-10-01T18:06:19.632Z [EVENT world:unitAdded] #5 (anon_5) took 0.0ms
2026-10-01T18:06:19.632Z [EVENT world:unitAdded] #0 (anon_0) took 0.0ms
2026-10-01T18:06:19.632Z [EVENT world:unitAdded] #1 (clearUnitCaches) took 0.0ms
2026-10-01T18:06:19.632Z [EVENT world:unitAdded] #2 (markBedsDirty) took 0.0ms
2026-10-01T18:06:19.633Z [EVENT world:unitAdded] #3 (anon_3) took 0.8ms
2026-10-01T18:06:19.634Z [EVENT world:unitAdded] #4 (anon_4) took 0.0ms
2026-10-01T18:06:19.634Z [EVENT world:unitAdded] #5 (anon_5) took 0.0ms
2026-10-01T18:06:19.634Z [EVENT world:unitAdded] #0 (anon_0) took 0.0ms
2026-10-01T18:06:19.634Z [EVENT world:unitAdded] #1 (clearUnitCaches) took 0.0ms
2026-10-01T18:06:19.635Z [EVENT world:unitAdded] #2 (markBedsDirty) took 0.0ms
2026-10-01T18:06:19.635Z [EVENT world:unitAdded] #3 (anon_3) took 0.5ms
2026-10-01T18:06:19.635Z [EVENT world:unitAdded] #4 (anon_4) took 0.0ms
2026-10-01T18:06:19.636Z [EVENT world:unitAdded] #5 (anon_5) took 0.0ms
2026-10-01T18:06:19.636Z [EVENT world:unitAdded] #0 (anon_0) took 0.0ms
2026-10-01T18:06:19.636Z [EVENT world:unitAdded] #1 (clearUnitCaches) took 0.0ms
2026-10-01T18:06:19.636Z [EVENT world:unitAdded] #2 (markBedsDirty) took 0.0ms
2026-10-01T18:06:19.637Z [EVENT world:unitAdded] #3 (anon_3) took 0.8ms
2026-10-01T18:06:19.637Z [EVENT world:unitAdded] #4 (anon_4) took 0.0ms
2026-10-01T18:06:19.637Z [EVENT world:unitAdded] #5 (anon_5) took 0.0ms
2026-10-01T18:06:19.638Z [EVENT world:unitAdded] #0 (anon_0) took 0.0ms
2026-10-01T18:06:19.638Z [EVENT world:unitAdded] #1 (clearUnitCaches) took 0.0ms
2026-10-01T18:06:19.638Z [EVENT world:unitAdded] #2 (markBedsDirty) took 0.0ms
2026-10-01T18:06:19.638Z [EVENT world:unitAdded] #3 (anon_3) took 0.4ms
2026-10-01T18:06:19.639Z [EVENT world:unitAdded] #4 (anon_4) took 0.0ms
2026-10-01T18:06:19.639Z [EVENT world:unitAdded] #5 (anon_5) took 0.0ms
2026-10-01T18:06:19.639Z [EVENT world:unitAdded] #0 (anon_0) took 0.0ms
2026-10-01T18:06:19.639Z [EVENT world:unitAdded] #1 (clearUnitCaches) took 0.0ms
2026-10-01T18:06:19.640Z [EVENT world:unitAdded] #2 (markBedsDirty) took 0.0ms
2026-10-01T18:06:19.640Z [EVENT world:unitAdded] #3 (anon_3) took 0.5ms
2026-10-01T18:06:19.640Z [EVENT world:unitAdded] #4 (anon_4) took 0.0ms
2026-10-01T18:06:19.641Z [EVENT world:unitAdded] #5 (anon_5) took 0.0ms
2026-10-01T18:06:19.641Z [EVENT world:unitAdded] #0 (anon_0) took 0.0ms
2026-10-01T18:06:19.641Z [EVENT world:unitAdded] #1 (clearUnitCaches) took 0.0ms
2026-10-01T18:06:19.641Z [EVENT world:unitAdded] #2 (markBedsDirty) took 0.0ms
2026-10-01T18:06:19.642Z [EVENT world:unitAdded] #3 (anon_3) took 0.8ms
2026-10-01T18:06:19.642Z [EVENT world:unitAdded] #4 (anon_4) took 0.0ms
2026-10-01T18:06:19.642Z [EVENT world:unitAdded] #5 (anon_5) took 0.0ms
2026-10-01T18:06:19.643Z [EVENT world:unitAdded] #0 (anon_0) took 0.0ms
2026-10-01T18:06:19.643Z [EVENT world:unitAdded] #1 (clearUnitCaches) took 0.0ms
2026-10-01T18:06:19.643Z [EVENT world:unitAdded] #2 (markBedsDirty) took 0.0ms
2026-10-01T18:06:19.644Z [EVENT world:unitAdded] #3 (anon_3) took 0.6ms
2026-10-01T18:06:19.644Z [EVENT world:unitAdded] #4 (anon_4) took 0.0ms
2026-10-01T18:06:19.644Z [EVENT world:unitAdded] #5 (anon_5) took 0.0ms
2026-10-01T18:06:19.645Z [EVENT world:unitAdded] #0 (anon_0) took 0.0ms
2026-10-01T18:06:19.645Z [EVENT world:unitAdded] #1 (clearUnitCaches) took 0.0ms
2026-10-01T18:06:19.645Z [EVENT world:unitAdded] #2 (markBedsDirty) took 0.0ms
2026-10-01T18:06:19.646Z [EVENT world:unitAdded] #3 (anon_3) took 0.6ms
2026-10-01T18:06:19.646Z [EVENT world:unitAdded] #4 (anon_4) took 0.0ms
2026-10-01T18:06:19.647Z [EVENT world:unitAdded] #5 (anon_5) took 0.0ms
2026-10-01T18:06:19.647Z [EVENT world:unitAdded] #0 (anon_0) took 0.0ms
2026-10-01T18:06:19.647Z [EVENT world:unitAdded] #1 (clearUnitCaches) took 0.0ms
2026-10-01T18:06:19.647Z [EVENT world:unitAdded] #2 (markBedsDirty) took 0.0ms
2026-10-01T18:06:19.648Z [EVENT world:unitAdded] #3 (anon_3) took 0.8ms
2026-10-01T18:06:19.648Z [EVENT world:unitAdded] #4 (anon_4) took 0.0ms
2026-10-01T18:06:19.649Z [EVENT world:unitAdded] #5 (anon_5) took 0.0ms
2026-10-01T18:06:19.649Z [EVENT world:unitAdded] #0 (anon_0) took 0.0ms
2026-10-01T18:06:19.649Z [EVENT world:unitAdded] #1 (clearUnitCaches) took 0.0ms
2026-10-01T18:06:19.649Z [EVENT world:unitAdded] #2 (markBedsDirty) took 0.0ms
2026-10-01T18:06:19.650Z [EVENT world:unitAdded] #3 (anon_3) took 0.5ms
2026-10-01T18:06:19.650Z [EVENT world:unitAdded] #4 (anon_4) took 0.0ms
2026-10-01T18:06:19.650Z [EVENT world:unitAdded] #5 (anon_5) took 0.0ms
2026-10-01T18:06:19.651Z [EVENT world:unitAdded] #0 (anon_0) took 0.0ms
2026-10-01T18:06:19.651Z [EVENT world:unitAdded] #1 (clearUnitCaches) took 0.0ms
2026-10-01T18:06:19.651Z [EVENT world:unitAdded] #2 (markBedsDirty) took 0.0ms
2026-10-01T18:06:19.652Z [EVENT world:unitAdded] #3 (anon_3) took 0.6ms
2026-10-01T18:06:19.652Z [EVENT world:unitAdded] #4 (anon_4) took 0.0ms
2026-10-01T18:06:19.652Z [EVENT world:unitAdded] #5 (anon_5) took 0.0ms
2026-10-01T18:06:19.653Z [EVENT world:unitAdded] #0 (anon_0) took 0.0ms
2026-10-01T18:06:19.653Z [EVENT world:unitAdded] #1 (clearUnitCaches) took 0.0ms
2026-10-01T18:06:19.653Z [EVENT world:unitAdded] #2 (markBedsDirty) took 0.0ms
2026-10-01T18:06:19.654Z [EVENT world:unitAdded] #3 (anon_3) took 0.8ms
2026-10-01T18:06:19.654Z [EVENT world:unitAdded] #4 (anon_4) took 0.0ms
2026-10-01T18:06:19.655Z [EVENT world:unitAdded] #5 (anon_5) took 0.0ms
2026-10-01T18:06:19.655Z [EVENT world:unitAdded] #0 (anon_0) took 0.0ms
2026-10-01T18:06:19.655Z [EVENT world:unitAdded] #1 (clearUnitCaches) took 0.0ms
2026-10-01T18:06:19.655Z [EVENT world:unitAdded] #2 (markBedsDirty) took 0.0ms
2026-10-01T18:06:19.656Z [EVENT world:unitAdded] #3 (anon_3) took 0.6ms
2026-10-01T18:06:19.656Z [EVENT world:unitAdded] #4 (anon_4) took 0.0ms
2026-10-01T18:06:19.657Z [EVENT world:unitAdded] #5 (anon_5) took 0.0ms
2026-10-01T18:06:19.657Z [EVENT world:unitAdded] #0 (anon_0) took 0.0ms
2026-10-01T18:06:19.657Z [EVENT world:unitAdded] #1 (clearUnitCaches) took 0.0ms
2026-10-01T18:06:19.657Z [EVENT world:unitAdded] #2 (markBedsDirty) took 0.0ms
2026-10-01T18:06:19.659Z [EVENT world:unitAdded] #3 (anon_3) took 1.1ms
2026-10-01T18:06:19.659Z [EVENT world:unitAdded] #4 (anon_4) took 0.0ms
2026-10-01T18:06:19.659Z [EVENT world:unitAdded] #5 (anon_5) took 0.0ms
2026-10-01T18:06:19.660Z [EVENT world:unitAdded] #0 (anon_0) took 0.0ms
2026-10-01T18:06:19.660Z [EVENT world:unitAdded] #1 (clearUnitCaches) took 0.0ms
2026-10-01T18:06:19.660Z [EVENT world:unitAdded] #2 (markBedsDirty) took 0.0ms
2026-10-01T18:06:19.661Z [EVENT world:unitAdded] #3 (anon_3) took 0.6ms
2026-10-01T18:06:19.661Z [EVENT world:unitAdded] #4 (anon_4) took 0.0ms
2026-10-01T18:06:19.661Z [EVENT world:unitAdded] #5 (anon_5) took 0.0ms
2026-10-01T18:06:19.662Z [EVENT world:unitAdded] #0 (anon_0) took 0.0ms
2026-10-01T18:06:19.662Z [EVENT world:unitAdded] #1 (clearUnitCaches) took 0.0ms
2026-10-01T18:06:19.662Z [EVENT world:unitAdded] #2 (markBedsDirty) took 0.0ms
2026-10-01T18:06:19.663Z [EVENT world:unitAdded] #3 (anon_3) took 0.5ms
2026-10-01T18:06:19.663Z [EVENT world:unitAdded] #4 (anon_4) took 0.0ms
2026-10-01T18:06:19.663Z [EVENT world:unitAdded] #5 (anon_5) took 0.0ms
2026-10-01T18:06:19.664Z [EVENT world:unitAdded] #0 (anon_0) took 0.0ms
2026-10-01T18:06:19.664Z [EVENT world:unitAdded] #1 (clearUnitCaches) took 0.0ms
2026-10-01T18:06:19.664Z [EVENT world:unitAdded] #2 (markBedsDirty) took 0.0ms
2026-10-01T18:06:19.665Z [EVENT world:unitAdded] #3 (anon_3) took 0.7ms
2026-10-01T18:06:19.665Z [EVENT world:unitAdded] #4 (anon_4) took 0.0ms
2026-10-01T18:06:19.665Z [EVENT world:unitAdded] #5 (anon_5) took 0.0ms
2026-10-01T18:06:19.666Z [EVENT world:unitAdded] #0 (anon_0) took 0.0ms
2026-10-01T18:06:19.666Z [EVENT world:unitAdded] #1 (clearUnitCaches) took 0.0ms
2026-10-01T18:06:19.666Z [EVENT world:unitAdded] #2 (markBedsDirty) took 0.0ms
2026-10-01T18:06:19.667Z [EVENT world:unitAdded] #3 (anon_3) took 0.8ms
2026-10-01T18:06:19.667Z [EVENT world:unitAdded] #4 (anon_4) took 0.0ms
2026-10-01T18:06:19.667Z [EVENT world:unitAdded] #5 (anon_5) took 0.0ms
2026-10-01T18:06:19.667Z [EVENT world:unitAdded] #0 (anon_0) took 0.0ms
2026-10-01T18:06:19.668Z [EVENT world:unitAdded] #1 (clearUnitCaches) took 0.0ms
2026-10-01T18:06:19.668Z [EVENT world:unitAdded] #2 (markBedsDirty) took 0.0ms
2026-10-01T18:06:19.669Z [EVENT world:unitAdded] #3 (anon_3) took 0.8ms
2026-10-01T18:06:19.669Z [EVENT world:unitAdded] #4 (anon_4) took 0.0ms
2026-10-01T18:06:19.669Z [EVENT world:unitAdded] #5 (anon_5) took 0.0ms
2026-10-01T18:06:19.670Z [EVENT world:unitAdded] #0 (anon_0) took 0.0ms
2026-10-01T18:06:19.670Z [EVENT world:unitAdded] #1 (clearUnitCaches) took 0.0ms
2026-10-01T18:06:19.670Z [EVENT world:unitAdded] #2 (markBedsDirty) took 0.0ms
2026-10-01T18:06:19.671Z [EVENT world:unitAdded] #3 (anon_3) took 0.9ms
2026-10-01T18:06:19.671Z [EVENT world:unitAdded] #4 (anon_4) took 0.0ms
2026-10-01T18:06:19.671Z [EVENT world:unitAdded] #5 (anon_5) took 0.0ms
2026-10-01T18:06:19.672Z [EVENT world:unitAdded] #0 (anon_0) took 0.0ms
2026-10-01T18:06:19.672Z [EVENT world:unitAdded] #1 (clearUnitCaches) took 0.0ms
2026-10-01T18:06:19.672Z [EVENT world:unitAdded] #2 (markBedsDirty) took 0.0ms
2026-10-01T18:06:19.673Z [EVENT world:unitAdded] #3 (anon_3) took 0.5ms
2026-10-01T18:06:19.673Z [EVENT world:unitAdded] #4 (anon_4) took 0.0ms
2026-10-01T18:06:19.673Z [EVENT world:unitAdded] #5 (anon_5) took 0.0ms
2026-10-01T18:06:19.674Z [EVENT world:unitAdded] #0 (anon_0) took 0.0ms
2026-10-01T18:06:19.674Z [EVENT world:unitAdded] #1 (clearUnitCaches) took 0.0ms
2026-10-01T18:06:19.674Z [EVENT world:unitAdded] #2 (markBedsDirty) took 0.0ms
2026-10-01T18:06:19.675Z [EVENT world:unitAdded] #3 (anon_3) took 0.6ms
2026-10-01T18:06:19.675Z [EVENT world:unitAdded] #4 (anon_4) took 0.0ms
2026-10-01T18:06:19.675Z [EVENT world:unitAdded] #5 (anon_5) took 0.0ms
2026-10-01T18:06:19.676Z [EVENT world:unitAdded] #0 (anon_0) took 0.0ms
2026-10-01T18:06:19.676Z [EVENT world:unitAdded] #1 (clearUnitCaches) took 0.0ms
2026-10-01T18:06:19.676Z [EVENT world:unitAdded] #2 (markBedsDirty) took 0.0ms
2026-10-01T18:06:19.677Z [EVENT world:unitAdded] #3 (anon_3) took 0.8ms
2026-10-01T18:06:19.677Z [EVENT world:unitAdded] #4 (anon_4) took 0.0ms
2026-10-01T18:06:19.678Z [EVENT world:unitAdded] #5 (anon_5) took 0.0ms
2026-10-01T18:06:19.678Z [EVENT world:unitAdded] #0 (anon_0) took 0.0ms
2026-10-01T18:06:19.678Z [EVENT world:unitAdded] #1 (clearUnitCaches) took 0.0ms
2026-10-01T18:06:19.678Z [EVENT world:unitAdded] #2 (markBedsDirty) took 0.0ms
2026-10-01T18:06:19.679Z [EVENT world:unitAdded] #3 (anon_3) took 0.7ms
2026-10-01T18:06:19.679Z [EVENT world:unitAdded] #4 (anon_4) took 0.0ms
2026-10-01T18:06:19.680Z [EVENT world:unitAdded] #5 (anon_5) took 0.0ms
2026-10-01T18:06:19.680Z [EVENT world:unitAdded] #0 (anon_0) took 0.0ms
2026-10-01T18:06:19.680Z [EVENT world:unitAdded] #1 (clearUnitCaches) took 0.0ms
2026-10-01T18:06:19.680Z [EVENT world:unitAdded] #2 (markBedsDirty) took 0.0ms
2026-10-01T18:06:19.682Z [EVENT world:unitAdded] #3 (anon_3) took 1.2ms
2026-10-01T18:06:19.682Z [EVENT world:unitAdded] #4 (anon_4) took 0.0ms
2026-10-01T18:06:19.682Z [EVENT world:unitAdded] #5 (anon_5) took 0.0ms
2026-10-01T18:06:19.683Z [EVENT world:unitAdded] #0 (anon_0) took 0.0ms
2026-10-01T18:06:19.683Z [EVENT world:unitAdded] #1 (clearUnitCaches) took 0.0ms
2026-10-01T18:06:19.683Z [EVENT world:unitAdded] #2 (markBedsDirty) took 0.0ms
2026-10-01T18:06:19.684Z [EVENT world:unitAdded] #3 (anon_3) took 0.6ms
2026-10-01T18:06:19.684Z [EVENT world:unitAdded] #4 (anon_4) took 0.0ms
2026-10-01T18:06:19.684Z [EVENT world:unitAdded] #5 (anon_5) took 0.0ms
2026-10-01T18:06:19.684Z [EVENT world:unitAdded] #0 (anon_0) took 0.0ms
2026-10-01T18:06:19.685Z [EVENT world:unitAdded] #1 (clearUnitCaches) took 0.0ms
2026-10-01T18:06:19.685Z [EVENT world:unitAdded] #2 (markBedsDirty) took 0.0ms
2026-10-01T18:06:19.686Z [EVENT world:unitAdded] #3 (anon_3) took 0.6ms
2026-10-01T18:06:19.686Z [EVENT world:unitAdded] #4 (anon_4) took 0.0ms
2026-10-01T18:06:19.686Z [EVENT world:unitAdded] #5 (anon_5) took 0.0ms
2026-10-01T18:06:19.686Z [EVENT world:unitAdded] #0 (anon_0) took 0.0ms
2026-10-01T18:06:19.687Z [EVENT world:unitAdded] #1 (clearUnitCaches) took 0.0ms
2026-10-01T18:06:19.687Z [EVENT world:unitAdded] #2 (markBedsDirty) took 0.0ms
2026-10-01T18:06:19.688Z [EVENT world:unitAdded] #3 (anon_3) took 0.6ms
2026-10-01T18:06:19.688Z [EVENT world:unitAdded] #4 (anon_4) took 0.0ms
2026-10-01T18:06:19.688Z [EVENT world:unitAdded] #5 (anon_5) took 0.0ms
2026-10-01T18:06:19.688Z [EVENT world:unitAdded] #0 (anon_0) took 0.0ms
2026-10-01T18:06:19.689Z [EVENT world:unitAdded] #1 (clearUnitCaches) took 0.0ms
2026-10-01T18:06:19.689Z [EVENT world:unitAdded] #2 (markBedsDirty) took 0.0ms
2026-10-01T18:06:19.689Z [EVENT world:unitAdded] #3 (anon_3) took 0.6ms
2026-10-01T18:06:19.690Z [EVENT world:unitAdded] #4 (anon_4) took 0.0ms
2026-10-01T18:06:19.690Z [EVENT world:unitAdded] #5 (anon_5) took 0.0ms
2026-10-01T18:06:19.690Z [EVENT world:unitAdded] #0 (anon_0) took 0.0ms
2026-10-01T18:06:19.690Z [EVENT world:unitAdded] #1 (clearUnitCaches) took 0.0ms
2026-10-01T18:06:19.691Z [EVENT world:unitAdded] #2 (markBedsDirty) took 0.0ms
2026-10-01T18:06:19.691Z [EVENT world:unitAdded] #3 (anon_3) took 0.5ms
2026-10-01T18:06:19.691Z [EVENT world:unitAdded] #4 (anon_4) took 0.0ms
2026-10-01T18:06:19.691Z [EVENT world:unitAdded] #5 (anon_5) took 0.0ms
2026-10-01T18:06:19.692Z [EVENT world:unitAdded] #0 (anon_0) took 0.0ms
2026-10-01T18:06:19.692Z [EVENT world:unitAdded] #1 (clearUnitCaches) took 0.0ms
2026-10-01T18:06:19.692Z [EVENT world:unitAdded] #2 (markBedsDirty) took 0.0ms
2026-10-01T18:06:19.693Z [EVENT world:unitAdded] #3 (anon_3) took 0.8ms
2026-10-01T18:06:19.693Z [EVENT world:unitAdded] #4 (anon_4) took 0.0ms
2026-10-01T18:06:19.693Z [EVENT world:unitAdded] #5 (anon_5) took 0.0ms
2026-10-01T18:06:19.694Z [EVENT world:unitAdded] #0 (anon_0) took 0.0ms
2026-10-01T18:06:19.694Z [EVENT world:unitAdded] #1 (clearUnitCaches) took 0.0ms
2026-10-01T18:06:19.694Z [EVENT world:unitAdded] #2 (markBedsDirty) took 0.0ms
2026-10-01T18:06:19.695Z [EVENT world:unitAdded] #3 (anon_3) took 0.5ms
2026-10-01T18:06:19.695Z [EVENT world:unitAdded] #4 (anon_4) took 0.0ms
2026-10-01T18:06:19.695Z [EVENT world:unitAdded] #5 (anon_5) took 0.0ms
2026-10-01T18:06:19.696Z [EVENT world:unitAdded] #0 (anon_0) took 0.0ms
2026-10-01T18:06:19.696Z [EVENT world:unitAdded] #1 (clearUnitCaches) took 0.0ms
2026-10-01T18:06:19.696Z [EVENT world:unitAdded] #2 (markBedsDirty) took 0.0ms
2026-10-01T18:06:19.697Z [EVENT world:unitAdded] #3 (anon_3) took 0.7ms
2026-10-01T18:06:19.697Z [EVENT world:unitAdded] #4 (anon_4) took 0.0ms
2026-10-01T18:06:19.697Z [EVENT world:unitAdded] #5 (anon_5) took 0.0ms
2026-10-01T18:06:19.698Z [EVENT world:unitAdded] #0 (anon_0) took 0.0ms
2026-10-01T18:06:19.698Z [EVENT world:unitAdded] #1 (clearUnitCaches) took 0.0ms
2026-10-01T18:06:19.698Z [EVENT world:unitAdded] #2 (markBedsDirty) took 0.0ms
2026-10-01T18:06:19.699Z [EVENT world:unitAdded] #3 (anon_3) took 0.5ms
2026-10-01T18:06:19.699Z [EVENT world:unitAdded] #4 (anon_4) took 0.0ms
2026-10-01T18:06:19.699Z [EVENT world:unitAdded] #5 (anon_5) took 0.0ms
2026-10-01T18:06:19.699Z [EVENT world:unitAdded] #0 (anon_0) took 0.0ms
2026-10-01T18:06:19.700Z [EVENT world:unitAdded] #1 (clearUnitCaches) took 0.0ms
2026-10-01T18:06:19.700Z [EVENT world:unitAdded] #2 (markBedsDirty) took 0.0ms
2026-10-01T18:06:19.701Z [EVENT world:unitAdded] #3 (anon_3) took 0.6ms
2026-10-01T18:06:19.701Z [EVENT world:unitAdded] #4 (anon_4) took 0.0ms
2026-10-01T18:06:19.701Z [EVENT world:unitAdded] #5 (anon_5) took 0.0ms
2026-10-01T18:06:19.701Z [EVENT world:unitAdded] #0 (anon_0) took 0.0ms
2026-10-01T18:06:19.702Z [EVENT world:unitAdded] #1 (clearUnitCaches) took 0.0ms
2026-10-01T18:06:19.702Z [EVENT world:unitAdded] #2 (markBedsDirty) took 0.0ms
2026-10-01T18:06:19.703Z [EVENT world:unitAdded] #3 (anon_3) took 0.8ms
2026-10-01T18:06:19.703Z [EVENT world:unitAdded] #4 (anon_4) took 0.0ms
2026-10-01T18:06:19.703Z [EVENT world:unitAdded] #5 (anon_5) took 0.0ms
2026-10-01T18:06:19.703Z [EVENT world:unitAdded] #0 (anon_0) took 0.0ms
2026-10-01T18:06:19.703Z [EVENT world:unitAdded] #1 (clearUnitCaches) took 0.0ms
2026-10-01T18:06:19.704Z [EVENT world:unitAdded] #2 (markBedsDirty) took 0.0ms
2026-10-01T18:06:19.704Z [EVENT world:unitAdded] #3 (anon_3) took 0.5ms
2026-10-01T18:06:19.704Z [EVENT world:unitAdded] #4 (anon_4) took 0.0ms
2026-10-01T18:06:19.705Z [EVENT world:unitAdded] #5 (anon_5) took 0.0ms
2026-10-01T18:06:19.705Z [EVENT world:unitAdded] #0 (anon_0) took 0.0ms
2026-10-01T18:06:19.705Z [EVENT world:unitAdded] #1 (clearUnitCaches) took 0.0ms
2026-10-01T18:06:19.705Z [EVENT world:unitAdded] #2 (markBedsDirty) took 0.0ms
2026-10-01T18:06:19.706Z [EVENT world:unitAdded] #3 (anon_3) took 0.5ms
2026-10-01T18:06:19.706Z [EVENT world:unitAdded] #4 (anon_4) took 0.0ms
2026-10-01T18:06:19.706Z [EVENT world:unitAdded] #5 (anon_5) took 0.0ms
2026-10-01T18:06:19.707Z [EVENT world:unitAdded] #0 (anon_0) took 0.0ms
2026-10-01T18:06:19.707Z [EVENT world:unitAdded] #1 (clearUnitCaches) took 0.0ms
2026-10-01T18:06:19.707Z [EVENT world:unitAdded] #2 (markBedsDirty) took 0.0ms
2026-10-01T18:06:19.708Z [EVENT world:unitAdded] #3 (anon_3) took 0.5ms
2026-10-01T18:06:19.708Z [EVENT world:unitAdded] #4 (anon_4) took 0.0ms
2026-10-01T18:06:19.708Z [EVENT world:unitAdded] #5 (anon_5) took 0.0ms
2026-10-01T18:06:19.708Z [EVENT world:unitAdded] #0 (anon_0) took 0.0ms
2026-10-01T18:06:19.709Z [EVENT world:unitAdded] #1 (clearUnitCaches) took 0.0ms
2026-10-01T18:06:19.709Z [EVENT world:unitAdded] #2 (markBedsDirty) took 0.0ms
2026-10-01T18:06:19.709Z [EVENT world:unitAdded] #3 (anon_3) took 0.6ms
2026-10-01T18:06:19.710Z [EVENT world:unitAdded] #4 (anon_4) took 0.0ms
2026-10-01T18:06:19.710Z [EVENT world:unitAdded] #5 (anon_5) took 0.0ms
2026-10-01T18:06:19.710Z [EVENT world:unitAdded] #0 (anon_0) took 0.0ms
2026-10-01T18:06:19.710Z [EVENT world:unitAdded] #1 (clearUnitCaches) took 0.0ms
2026-10-01T18:06:19.711Z [EVENT world:unitAdded] #2 (markBedsDirty) took 0.0ms
2026-10-01T18:06:19.711Z [EVENT world:unitAdded] #3 (anon_3) took 0.6ms
2026-10-01T18:06:19.712Z [EVENT world:unitAdded] #4 (anon_4) took 0.0ms
2026-10-01T18:06:19.712Z [EVENT world:unitAdded] #5 (anon_5) took 0.0ms
2026-10-01T18:06:19.712Z [EVENT world:unitAdded] #0 (anon_0) took 0.0ms
2026-10-01T18:06:19.712Z [EVENT world:unitAdded] #1 (clearUnitCaches) took 0.0ms
2026-10-01T18:06:19.713Z [EVENT world:unitAdded] #2 (markBedsDirty) took 0.0ms
2026-10-01T18:06:19.714Z [EVENT world:unitAdded] #3 (anon_3) took 0.9ms
2026-10-01T18:06:19.714Z [EVENT world:unitAdded] #4 (anon_4) took 0.0ms
2026-10-01T18:06:19.714Z [EVENT world:unitAdded] #5 (anon_5) took 0.0ms
2026-10-01T18:06:19.714Z [EVENT world:unitAdded] #0 (anon_0) took 0.0ms
2026-10-01T18:06:19.715Z [EVENT world:unitAdded] #1 (clearUnitCaches) took 0.0ms
2026-10-01T18:06:19.715Z [EVENT world:unitAdded] #2 (markBedsDirty) took 0.0ms
2026-10-01T18:06:19.715Z [EVENT world:unitAdded] #3 (anon_3) took 0.6ms
2026-10-01T18:06:19.716Z [EVENT world:unitAdded] #4 (anon_4) took 0.0ms
2026-10-01T18:06:19.716Z [EVENT world:unitAdded] #5 (anon_5) took 0.0ms
2026-10-01T18:06:19.716Z [EVENT world:unitAdded] #0 (anon_0) took 0.0ms
2026-10-01T18:06:19.717Z [EVENT world:unitAdded] #1 (clearUnitCaches) took 0.0ms
2026-10-01T18:06:19.717Z [EVENT world:unitAdded] #2 (markBedsDirty) took 0.0ms
2026-10-01T18:06:19.717Z [EVENT world:unitAdded] #3 (anon_3) took 0.6ms
2026-10-01T18:06:19.718Z [EVENT world:unitAdded] #4 (anon_4) took 0.0ms
2026-10-01T18:06:19.718Z [EVENT world:unitAdded] #5 (anon_5) took 0.0ms
2026-10-01T18:06:19.718Z [EVENT world:unitAdded] #0 (anon_0) took 0.0ms
2026-10-01T18:06:19.719Z [EVENT world:unitAdded] #1 (clearUnitCaches) took 0.0ms
2026-10-01T18:06:19.719Z [EVENT world:unitAdded] #2 (markBedsDirty) took 0.0ms
2026-10-01T18:06:19.719Z [EVENT world:unitAdded] #3 (anon_3) took 0.5ms
2026-10-01T18:06:19.720Z [EVENT world:unitAdded] #4 (anon_4) took 0.0ms
2026-10-01T18:06:19.720Z [EVENT world:unitAdded] #5 (anon_5) took 0.0ms
2026-10-01T18:06:19.720Z [EVENT world:unitAdded] #0 (anon_0) took 0.0ms
2026-10-01T18:06:19.720Z [EVENT world:unitAdded] #1 (clearUnitCaches) took 0.0ms
2026-10-01T18:06:19.720Z [EVENT world:unitAdded] #2 (markBedsDirty) took 0.0ms
2026-10-01T18:06:19.721Z [EVENT world:unitAdded] #3 (anon_3) took 0.5ms
2026-10-01T18:06:19.721Z [EVENT world:unitAdded] #4 (anon_4) took 0.0ms
2026-10-01T18:06:19.721Z [EVENT world:unitAdded] #5 (anon_5) took 0.0ms
2026-10-01T18:06:19.722Z [EVENT world:unitAdded] #0 (anon_0) took 0.0ms
2026-10-01T18:06:19.723Z [EVENT world:unitAdded] #1 (clearUnitCaches) took 0.0ms
2026-10-01T18:06:19.723Z [EVENT world:unitAdded] #2 (markBedsDirty) took 0.0ms
2026-10-01T18:06:19.724Z [EVENT world:unitAdded] #3 (anon_3) took 0.9ms
2026-10-01T18:06:19.724Z [EVENT world:unitAdded] #4 (anon_4) took 0.0ms
2026-10-01T18:06:19.724Z [EVENT world:unitAdded] #5 (anon_5) took 0.0ms
2026-10-01T18:06:19.725Z [EVENT world:unitAdded] #0 (anon_0) took 0.0ms
2026-10-01T18:06:19.725Z [EVENT world:unitAdded] #1 (clearUnitCaches) took 0.0ms
2026-10-01T18:06:19.725Z [EVENT world:unitAdded] #2 (markBedsDirty) took 0.0ms
2026-10-01T18:06:19.726Z [EVENT world:unitAdded] #3 (anon_3) took 0.6ms
2026-10-01T18:06:19.726Z [EVENT world:unitAdded] #4 (anon_4) took 0.0ms
2026-10-01T18:06:19.726Z [EVENT world:unitAdded] #5 (anon_5) took 0.0ms
2026-10-01T18:06:19.727Z [EVENT world:unitAdded] #0 (anon_0) took 0.0ms
2026-10-01T18:06:19.727Z [EVENT world:unitAdded] #1 (clearUnitCaches) took 0.0ms
2026-10-01T18:06:19.727Z [EVENT world:unitAdded] #2 (markBedsDirty) took 0.0ms
2026-10-01T18:06:19.728Z [EVENT world:unitAdded] #3 (anon_3) took 0.5ms
2026-10-01T18:06:19.728Z [EVENT world:unitAdded] #4 (anon_4) took 0.0ms
2026-10-01T18:06:19.728Z [EVENT world:unitAdded] #5 (anon_5) took 0.0ms
2026-10-01T18:06:19.729Z [EVENT world:unitAdded] #0 (anon_0) took 0.0ms
2026-10-01T18:06:19.729Z [EVENT world:unitAdded] #1 (clearUnitCaches) took 0.0ms
2026-10-01T18:06:19.729Z [EVENT world:unitAdded] #2 (markBedsDirty) took 0.0ms
2026-10-01T18:06:19.730Z [EVENT world:unitAdded] #3 (anon_3) took 0.6ms
2026-10-01T18:06:19.730Z [EVENT world:unitAdded] #4 (anon_4) took 0.0ms
2026-10-01T18:06:19.730Z [EVENT world:unitAdded] #5 (anon_5) took 0.0ms
2026-10-01T18:06:19.730Z [EVENT world:unitAdded] #0 (anon_0) took 0.0ms
2026-10-01T18:06:19.731Z [EVENT world:unitAdded] #1 (clearUnitCaches) took 0.0ms
2026-10-01T18:06:19.731Z [EVENT world:unitAdded] #2 (markBedsDirty) took 0.0ms
2026-10-01T18:06:19.732Z [EVENT world:unitAdded] #3 (anon_3) took 0.6ms
2026-10-01T18:06:19.732Z [EVENT world:unitAdded] #4 (anon_4) took 0.0ms
2026-10-01T18:06:19.732Z [EVENT world:unitAdded] #5 (anon_5) took 0.0ms
2026-10-01T18:06:19.732Z [EVENT world:unitAdded] #0 (anon_0) took 0.0ms
2026-10-01T18:06:19.732Z [EVENT world:unitAdded] #1 (clearUnitCaches) took 0.0ms
2026-10-01T18:06:19.733Z [EVENT world:unitAdded] #2 (markBedsDirty) took 0.0ms
2026-10-01T18:06:19.733Z [EVENT world:unitAdded] #3 (anon_3) took 0.5ms
2026-10-01T18:06:19.733Z [EVENT world:unitAdded] #4 (anon_4) took 0.0ms
2026-10-01T18:06:19.734Z [EVENT world:unitAdded] #5 (anon_5) took 0.0ms
2026-10-01T18:06:19.734Z [EVENT world:unitAdded] #0 (anon_0) took 0.0ms
2026-10-01T18:06:19.734Z [EVENT world:unitAdded] #1 (clearUnitCaches) took 0.0ms
2026-10-01T18:06:19.734Z [EVENT world:unitAdded] #2 (markBedsDirty) took 0.0ms
2026-10-01T18:06:19.735Z [EVENT world:unitAdded] #3 (anon_3) took 0.7ms
2026-10-01T18:06:19.735Z [EVENT world:unitAdded] #4 (anon_4) took 0.0ms
2026-10-01T18:06:19.735Z [EVENT world:unitAdded] #5 (anon_5) took 0.0ms
2026-10-01T18:06:19.736Z [EVENT world:unitAdded] #0 (anon_0) took 0.0ms
2026-10-01T18:06:19.736Z [EVENT world:unitAdded] #1 (clearUnitCaches) took 0.0ms
2026-10-01T18:06:19.736Z [EVENT world:unitAdded] #2 (markBedsDirty) took 0.0ms
2026-10-01T18:06:19.737Z [EVENT world:unitAdded] #3 (anon_3) took 0.5ms
2026-10-01T18:06:19.737Z [EVENT world:unitAdded] #4 (anon_4) took 0.0ms
2026-10-01T18:06:19.737Z [EVENT world:unitAdded] #5 (anon_5) took 0.0ms
2026-10-01T18:06:19.737Z [EVENT world:unitAdded] #0 (anon_0) took 0.0ms
2026-10-01T18:06:19.737Z [EVENT world:unitAdded] #1 (clearUnitCaches) took 0.0ms
2026-10-01T18:06:19.738Z [EVENT world:unitAdded] #2 (markBedsDirty) took 0.0ms
2026-10-01T18:06:19.738Z [EVENT world:unitAdded] #3 (anon_3) took 0.5ms
2026-10-01T18:06:19.739Z [EVENT world:unitAdded] #4 (anon_4) took 0.0ms
2026-10-01T18:06:19.739Z [EVENT world:unitAdded] #5 (anon_5) took 0.0ms
2026-10-01T18:06:19.739Z [EVENT world:unitAdded] #0 (anon_0) took 0.0ms
2026-10-01T18:06:19.739Z [EVENT world:unitAdded] #1 (clearUnitCaches) took 0.0ms
2026-10-01T18:06:19.739Z [EVENT world:unitAdded] #2 (markBedsDirty) took 0.0ms
2026-10-01T18:06:19.740Z [EVENT world:unitAdded] #3 (anon_3) took 0.5ms
2026-10-01T18:06:19.740Z [EVENT world:unitAdded] #4 (anon_4) took 0.0ms
2026-10-01T18:06:19.740Z [EVENT world:unitAdded] #5 (anon_5) took 0.0ms
2026-10-01T18:06:19.741Z [EVENT world:unitAdded] #0 (anon_0) took 0.0ms
2026-10-01T18:06:19.741Z [EVENT world:unitAdded] #1 (clearUnitCaches) took 0.0ms
2026-10-01T18:06:19.741Z [EVENT world:unitAdded] #2 (markBedsDirty) took 0.0ms
2026-10-01T18:06:19.742Z [EVENT world:unitAdded] #3 (anon_3) took 0.7ms
2026-10-01T18:06:19.742Z [EVENT world:unitAdded] #4 (anon_4) took 0.0ms
2026-10-01T18:06:19.743Z [EVENT world:unitAdded] #5 (anon_5) took 0.0ms
2026-10-01T18:06:19.743Z [EVENT world:unitAdded] #0 (anon_0) took 0.0ms
2026-10-01T18:06:19.743Z [EVENT world:unitAdded] #1 (clearUnitCaches) took 0.0ms
2026-10-01T18:06:19.743Z [EVENT world:unitAdded] #2 (markBedsDirty) took 0.0ms
2026-10-01T18:06:19.744Z [EVENT world:unitAdded] #3 (anon_3) took 0.9ms
2026-10-01T18:06:19.745Z [EVENT world:unitAdded] #4 (anon_4) took 0.0ms
2026-10-01T18:06:19.745Z [EVENT world:unitAdded] #5 (anon_5) took 0.0ms
2026-10-01T18:06:19.745Z [EVENT world:unitAdded] #0 (anon_0) took 0.0ms
2026-10-01T18:06:19.745Z [EVENT world:unitAdded] #1 (clearUnitCaches) took 0.0ms
2026-10-01T18:06:19.745Z [EVENT world:unitAdded] #2 (markBedsDirty) took 0.0ms
2026-10-01T18:06:19.746Z [EVENT world:unitAdded] #3 (anon_3) took 0.6ms
2026-10-01T18:06:19.746Z [EVENT world:unitAdded] #4 (anon_4) took 0.0ms
2026-10-01T18:06:19.747Z [EVENT world:unitAdded] #5 (anon_5) took 0.0ms
2026-10-01T18:06:19.747Z [EVENT world:unitAdded] #0 (anon_0) took 0.0ms
2026-10-01T18:06:19.747Z [EVENT world:unitAdded] #1 (clearUnitCaches) took 0.0ms
2026-10-01T18:06:19.747Z [EVENT world:unitAdded] #2 (markBedsDirty) took 0.0ms
2026-10-01T18:06:19.748Z [EVENT world:unitAdded] #3 (anon_3) took 0.5ms
2026-10-01T18:06:19.748Z [EVENT world:unitAdded] #4 (anon_4) took 0.0ms
2026-10-01T18:06:19.748Z [EVENT world:unitAdded] #5 (anon_5) took 0.0ms
2026-10-01T18:06:19.748Z [EVENT world:unitAdded] #0 (anon_0) took 0.0ms
2026-10-01T18:06:19.749Z [EVENT world:unitAdded] #1 (clearUnitCaches) took 0.0ms
2026-10-01T18:06:19.749Z [EVENT world:unitAdded] #2 (markBedsDirty) took 0.0ms
2026-10-01T18:06:19.749Z [EVENT world:unitAdded] #3 (anon_3) took 0.5ms
2026-10-01T18:06:19.750Z [EVENT world:unitAdded] #4 (anon_4) took 0.0ms
2026-10-01T18:06:19.750Z [EVENT world:unitAdded] #5 (anon_5) took 0.0ms
2026-10-01T18:06:19.750Z [EVENT world:unitAdded] #0 (anon_0) took 0.0ms
2026-10-01T18:06:19.750Z [EVENT world:unitAdded] #1 (clearUnitCaches) took 0.0ms
2026-10-01T18:06:19.750Z [EVENT world:unitAdded] #2 (markBedsDirty) took 0.0ms
2026-10-01T18:06:19.751Z [EVENT world:unitAdded] #3 (anon_3) took 0.5ms
2026-10-01T18:06:19.751Z [EVENT world:unitAdded] #4 (anon_4) took 0.0ms
2026-10-01T18:06:19.751Z [EVENT world:unitAdded] #5 (anon_5) took 0.0ms
2026-10-01T18:06:19.752Z [EVENT world:unitAdded] #0 (anon_0) took 0.0ms
2026-10-01T18:06:19.752Z [EVENT world:unitAdded] #1 (clearUnitCaches) took 0.0ms
2026-10-01T18:06:19.752Z [EVENT world:unitAdded] #2 (markBedsDirty) took 0.0ms
2026-10-01T18:06:19.753Z [EVENT world:unitAdded] #3 (anon_3) took 0.5ms
2026-10-01T18:06:19.753Z [EVENT world:unitAdded] #4 (anon_4) took 0.0ms
2026-10-01T18:06:19.753Z [EVENT world:unitAdded] #5 (anon_5) took 0.0ms
2026-10-01T18:06:19.754Z [EVENT world:unitAdded] #0 (anon_0) took 0.0ms
2026-10-01T18:06:19.754Z [EVENT world:unitAdded] #1 (clearUnitCaches) took 0.0ms
2026-10-01T18:06:19.754Z [EVENT world:unitAdded] #2 (markBedsDirty) took 0.0ms
2026-10-01T18:06:19.755Z [EVENT world:unitAdded] #3 (anon_3) took 0.8ms
2026-10-01T18:06:19.755Z [EVENT world:unitAdded] #4 (anon_4) took 0.0ms
2026-10-01T18:06:19.755Z [EVENT world:unitAdded] #5 (anon_5) took 0.0ms
2026-10-01T18:06:19.756Z [EVENT world:unitAdded] #0 (anon_0) took 0.0ms
2026-10-01T18:06:19.756Z [EVENT world:unitAdded] #1 (clearUnitCaches) took 0.0ms
2026-10-01T18:06:19.756Z [EVENT world:unitAdded] #2 (markBedsDirty) took 0.0ms
2026-10-01T18:06:19.757Z [EVENT world:unitAdded] #3 (anon_3) took 0.5ms
2026-10-01T18:06:19.757Z [EVENT world:unitAdded] #4 (anon_4) took 0.0ms
2026-10-01T18:06:19.757Z [EVENT world:unitAdded] #5 (anon_5) took 0.0ms
2026-10-01T18:06:19.758Z [EVENT world:unitAdded] #0 (anon_0) took 0.0ms
2026-10-01T18:06:19.758Z [EVENT world:unitAdded] #1 (clearUnitCaches) took 0.0ms
2026-10-01T18:06:19.758Z [EVENT world:unitAdded] #2 (markBedsDirty) took 0.0ms
2026-10-01T18:06:19.759Z [EVENT world:unitAdded] #3 (anon_3) took 0.5ms
2026-10-01T18:06:19.759Z [EVENT world:unitAdded] #4 (anon_4) took 0.0ms
2026-10-01T18:06:19.759Z [EVENT world:unitAdded] #5 (anon_5) took 0.0ms
2026-10-01T18:06:19.760Z [EVENT world:unitAdded] #0 (anon_0) took 0.0ms
2026-10-01T18:06:19.760Z [EVENT world:unitAdded] #1 (clearUnitCaches) took 0.0ms
2026-10-01T18:06:19.760Z [EVENT world:unitAdded] #2 (markBedsDirty) took 0.0ms
2026-10-01T18:06:19.760Z [EVENT world:unitAdded] #3 (anon_3) took 0.5ms
2026-10-01T18:06:19.761Z [EVENT world:unitAdded] #4 (anon_4) took 0.0ms
2026-10-01T18:06:19.761Z [EVENT world:unitAdded] #5 (anon_5) took 0.0ms
2026-10-01T18:06:19.761Z [EVENT world:unitAdded] #0 (anon_0) took 0.0ms
2026-10-01T18:06:19.761Z [EVENT world:unitAdded] #1 (clearUnitCaches) took 0.0ms
2026-10-01T18:06:19.761Z [EVENT world:unitAdded] #2 (markBedsDirty) took 0.0ms
2026-10-01T18:06:19.762Z [EVENT world:unitAdded] #3 (anon_3) took 0.5ms
2026-10-01T18:06:19.762Z [EVENT world:unitAdded] #4 (anon_4) took 0.0ms
2026-10-01T18:06:19.763Z [EVENT world:unitAdded] #5 (anon_5) took 0.0ms
2026-10-01T18:06:19.763Z [EVENT world:unitAdded] #0 (anon_0) took 0.0ms
2026-10-01T18:06:19.763Z [EVENT world:unitAdded] #1 (clearUnitCaches) took 0.0ms
2026-10-01T18:06:19.763Z [EVENT world:unitAdded] #2 (markBedsDirty) took 0.0ms
2026-10-01T18:06:19.764Z [EVENT world:unitAdded] #3 (anon_3) took 0.8ms
2026-10-01T18:06:19.765Z [EVENT world:unitAdded] #4 (anon_4) took 0.0ms
2026-10-01T18:06:19.765Z [EVENT world:unitAdded] #5 (anon_5) took 0.0ms
2026-10-01T18:06:19.765Z [EVENT world:unitAdded] #0 (anon_0) took 0.0ms
2026-10-01T18:06:19.765Z [EVENT world:unitAdded] #1 (clearUnitCaches) took 0.0ms
2026-10-01T18:06:19.765Z [EVENT world:unitAdded] #2 (markBedsDirty) took 0.0ms
2026-10-01T18:06:19.766Z [EVENT world:unitAdded] #3 (anon_3) took 0.5ms
2026-10-01T18:06:19.766Z [EVENT world:unitAdded] #4 (anon_4) took 0.0ms
2026-10-01T18:06:19.766Z [EVENT world:unitAdded] #5 (anon_5) took 0.0ms
2026-10-01T18:06:19.767Z [EVENT world:unitAdded] #0 (anon_0) took 0.0ms
2026-10-01T18:06:19.767Z [EVENT world:unitAdded] #1 (clearUnitCaches) took 0.0ms
2026-10-01T18:06:19.767Z [EVENT world:unitAdded] #2 (markBedsDirty) took 0.0ms
2026-10-01T18:06:19.768Z [EVENT world:unitAdded] #3 (anon_3) took 0.6ms
2026-10-01T18:06:19.768Z [EVENT world:unitAdded] #4 (anon_4) took 0.0ms
2026-10-01T18:06:19.768Z [EVENT world:unitAdded] #5 (anon_5) took 0.0ms
2026-10-01T18:06:19.769Z [EVENT world:unitAdded] #0 (anon_0) took 0.0ms
2026-10-01T18:06:19.769Z [EVENT world:unitAdded] #1 (clearUnitCaches) took 0.0ms
2026-10-01T18:06:19.769Z [EVENT world:unitAdded] #2 (markBedsDirty) took 0.0ms
2026-10-01T18:06:19.770Z [EVENT world:unitAdded] #3 (anon_3) took 0.5ms
2026-10-01T18:06:19.770Z [EVENT world:unitAdded] #4 (anon_4) took 0.0ms
2026-10-01T18:06:19.770Z [EVENT world:unitAdded] #5 (anon_5) took 0.0ms
2026-10-01T18:06:19.771Z [EVENT world:unitAdded] #0 (anon_0) took 0.0ms
2026-10-01T18:06:19.771Z [EVENT world:unitAdded] #1 (clearUnitCaches) took 0.0ms
2026-10-01T18:06:19.771Z [EVENT world:unitAdded] #2 (markBedsDirty) took 0.0ms
2026-10-01T18:06:19.772Z [EVENT world:unitAdded] #3 (anon_3) took 0.6ms
2026-10-01T18:06:19.772Z [EVENT world:unitAdded] #4 (anon_4) took 0.0ms
2026-10-01T18:06:19.773Z [EVENT world:unitAdded] #5 (anon_5) took 0.0ms
2026-10-01T18:06:19.773Z [EVENT world:unitAdded] #0 (anon_0) took 0.0ms
2026-10-01T18:06:19.773Z [EVENT world:unitAdded] #1 (clearUnitCaches) took 0.0ms
2026-10-01T18:06:19.773Z [EVENT world:unitAdded] #2 (markBedsDirty) took 0.0ms
2026-10-01T18:06:19.774Z [EVENT world:unitAdded] #3 (anon_3) took 0.6ms
2026-10-01T18:06:19.774Z [EVENT world:unitAdded] #4 (anon_4) took 0.0ms
2026-10-01T18:06:19.775Z [EVENT world:unitAdded] #5 (anon_5) took 0.0ms
2026-10-01T18:06:19.775Z [EVENT world:unitAdded] #0 (anon_0) took 0.0ms
2026-10-01T18:06:19.775Z [EVENT world:unitAdded] #1 (clearUnitCaches) took 0.0ms
2026-10-01T18:06:19.775Z [EVENT world:unitAdded] #2 (markBedsDirty) took 0.0ms
2026-10-01T18:06:19.777Z [EVENT world:unitAdded] #3 (anon_3) took 1.0ms
2026-10-01T18:06:19.777Z [EVENT world:unitAdded] #4 (anon_4) took 0.0ms
2026-10-01T18:06:19.777Z [EVENT world:unitAdded] #5 (anon_5) took 0.0ms
2026-10-01T18:06:19.778Z [EVENT world:unitAdded] #0 (anon_0) took 0.0ms
2026-10-01T18:06:19.778Z [EVENT world:unitAdded] #1 (clearUnitCaches) took 0.0ms
2026-10-01T18:06:19.778Z [EVENT world:unitAdded] #2 (markBedsDirty) took 0.0ms
2026-10-01T18:06:19.779Z [EVENT world:unitAdded] #3 (anon_3) took 0.6ms
2026-10-01T18:06:19.779Z [EVENT world:unitAdded] #4 (anon_4) took 0.0ms
2026-10-01T18:06:19.779Z [EVENT world:unitAdded] #5 (anon_5) took 0.0ms
2026-10-01T18:06:19.780Z [EVENT world:unitAdded] #0 (anon_0) took 0.0ms
2026-10-01T18:06:19.780Z [EVENT world:unitAdded] #1 (clearUnitCaches) took 0.0ms
2026-10-01T18:06:19.780Z [EVENT world:unitAdded] #2 (markBedsDirty) took 0.0ms
2026-10-01T18:06:19.781Z [EVENT world:unitAdded] #3 (anon_3) took 0.8ms
2026-10-01T18:06:19.782Z [EVENT world:unitAdded] #4 (anon_4) took 0.0ms
2026-10-01T18:06:19.782Z [EVENT world:unitAdded] #5 (anon_5) took 0.0ms
2026-10-01T18:06:19.783Z [EVENT world:unitAdded] #0 (anon_0) took 0.0ms
2026-10-01T18:06:19.783Z [EVENT world:unitAdded] #1 (clearUnitCaches) took 0.0ms
2026-10-01T18:06:19.783Z [EVENT world:unitAdded] #2 (markBedsDirty) took 0.0ms
2026-10-01T18:06:19.784Z [EVENT world:unitAdded] #3 (anon_3) took 0.6ms
2026-10-01T18:06:19.784Z [EVENT world:unitAdded] #4 (anon_4) took 0.0ms
2026-10-01T18:06:19.784Z [EVENT world:unitAdded] #5 (anon_5) took 0.0ms
2026-10-01T18:06:19.784Z [EVENT world:unitAdded] #0 (anon_0) took 0.0ms
2026-10-01T18:06:19.785Z [EVENT world:unitAdded] #1 (clearUnitCaches) took 0.0ms
2026-10-01T18:06:19.785Z [EVENT world:unitAdded] #2 (markBedsDirty) took 0.0ms
2026-10-01T18:06:19.785Z [EVENT world:unitAdded] #3 (anon_3) took 0.5ms
2026-10-01T18:06:19.786Z [EVENT world:unitAdded] #4 (anon_4) took 0.0ms
2026-10-01T18:06:19.786Z [EVENT world:unitAdded] #5 (anon_5) took 0.0ms
2026-10-01T18:06:19.786Z [EVENT world:unitAdded] #0 (anon_0) took 0.0ms
2026-10-01T18:06:19.786Z [EVENT world:unitAdded] #1 (clearUnitCaches) took 0.0ms
2026-10-01T18:06:19.786Z [EVENT world:unitAdded] #2 (markBedsDirty) took 0.0ms
2026-10-01T18:06:19.788Z [EVENT world:unitAdded] #3 (anon_3) took 1.0ms
2026-10-01T18:06:19.788Z [EVENT world:unitAdded] #4 (anon_4) took 0.0ms
2026-10-01T18:06:19.788Z [EVENT world:unitAdded] #5 (anon_5) took 0.0ms
2026-10-01T18:06:19.789Z [EVENT world:unitAdded] #0 (anon_0) took 0.0ms
2026-10-01T18:06:19.789Z [EVENT world:unitAdded] #1 (clearUnitCaches) took 0.0ms
2026-10-01T18:06:19.789Z [EVENT world:unitAdded] #2 (markBedsDirty) took 0.0ms
2026-10-01T18:06:19.790Z [EVENT world:unitAdded] #3 (anon_3) took 0.6ms
2026-10-01T18:06:19.790Z [EVENT world:unitAdded] #4 (anon_4) took 0.0ms
2026-10-01T18:06:19.790Z [EVENT world:unitAdded] #5 (anon_5) took 0.0ms
2026-10-01T18:06:19.791Z [EVENT world:unitAdded] #0 (anon_0) took 0.0ms
2026-10-01T18:06:19.791Z [EVENT world:unitAdded] #1 (clearUnitCaches) took 0.0ms
2026-10-01T18:06:19.791Z [EVENT world:unitAdded] #2 (markBedsDirty) took 0.0ms
2026-10-01T18:06:19.792Z [EVENT world:unitAdded] #3 (anon_3) took 0.5ms
2026-10-01T18:06:19.792Z [EVENT world:unitAdded] #4 (anon_4) took 0.0ms
2026-10-01T18:06:19.792Z [EVENT world:unitAdded] #5 (anon_5) took 0.0ms
2026-10-01T18:06:19.793Z [EVENT world:unitAdded] #0 (anon_0) took 0.0ms
2026-10-01T18:06:19.793Z [EVENT world:unitAdded] #1 (clearUnitCaches) took 0.0ms
2026-10-01T18:06:19.793Z [EVENT world:unitAdded] #2 (markBedsDirty) took 0.0ms
2026-10-01T18:06:19.794Z [EVENT world:unitAdded] #3 (anon_3) took 0.7ms
2026-10-01T18:06:19.794Z [EVENT world:unitAdded] #4 (anon_4) took 0.0ms
2026-10-01T18:06:19.795Z [EVENT world:unitAdded] #5 (anon_5) took 0.0ms
2026-10-01T18:06:19.795Z [EVENT world:unitAdded] #0 (anon_0) took 0.0ms
2026-10-01T18:06:19.795Z [EVENT world:unitAdded] #1 (clearUnitCaches) took 0.0ms
2026-10-01T18:06:19.795Z [EVENT world:unitAdded] #2 (markBedsDirty) took 0.0ms
2026-10-01T18:06:19.796Z [EVENT world:unitAdded] #3 (anon_3) took 0.6ms
2026-10-01T18:06:19.796Z [EVENT world:unitAdded] #4 (anon_4) took 0.0ms
2026-10-01T18:06:19.797Z [EVENT world:unitAdded] #5 (anon_5) took 0.0ms
2026-10-01T18:06:19.797Z [EVENT world:unitAdded] #0 (anon_0) took 0.0ms
2026-10-01T18:06:19.797Z [EVENT world:unitAdded] #1 (clearUnitCaches) took 0.0ms
2026-10-01T18:06:19.797Z [EVENT world:unitAdded] #2 (markBedsDirty) took 0.0ms
2026-10-01T18:06:19.798Z [EVENT world:unitAdded] #3 (anon_3) took 0.5ms
2026-10-01T18:06:19.798Z [EVENT world:unitAdded] #4 (anon_4) took 0.0ms
2026-10-01T18:06:19.798Z [EVENT world:unitAdded] #5 (anon_5) took 0.0ms
2026-10-01T18:06:19.798Z [EVENT world:unitAdded] #0 (anon_0) took 0.0ms
2026-10-01T18:06:19.799Z [EVENT world:unitAdded] #1 (clearUnitCaches) took 0.0ms
2026-10-01T18:06:19.799Z [EVENT world:unitAdded] #2 (markBedsDirty) took 0.0ms
2026-10-01T18:06:19.800Z [EVENT world:unitAdded] #3 (anon_3) took 0.8ms
2026-10-01T18:06:19.800Z [EVENT world:unitAdded] #4 (anon_4) took 0.0ms
2026-10-01T18:06:19.800Z [EVENT world:unitAdded] #5 (anon_5) took 0.0ms
2026-10-01T18:06:19.801Z [EVENT world:unitAdded] #0 (anon_0) took 0.0ms
2026-10-01T18:06:19.801Z [EVENT world:unitAdded] #1 (clearUnitCaches) took 0.0ms
2026-10-01T18:06:19.801Z [EVENT world:unitAdded] #2 (markBedsDirty) took 0.0ms
2026-10-01T18:06:19.802Z [EVENT world:unitAdded] #3 (anon_3) took 0.7ms
2026-10-01T18:06:19.802Z [EVENT world:unitAdded] #4 (anon_4) took 0.0ms
2026-10-01T18:06:19.803Z [EVENT world:unitAdded] #5 (anon_5) took 0.0ms
2026-10-01T18:06:19.803Z [EVENT world:unitAdded] #0 (anon_0) took 0.0ms
2026-10-01T18:06:19.803Z [EVENT world:unitAdded] #1 (clearUnitCaches) took 0.0ms
2026-10-01T18:06:19.803Z [EVENT world:unitAdded] #2 (markBedsDirty) took 0.0ms
2026-10-01T18:06:19.804Z [EVENT world:unitAdded] #3 (anon_3) took 0.5ms
2026-10-01T18:06:19.804Z [EVENT world:unitAdded] #4 (anon_4) took 0.0ms
2026-10-01T18:06:19.804Z [EVENT world:unitAdded] #5 (anon_5) took 0.0ms
2026-10-01T18:06:19.805Z [EVENT world:unitAdded] #0 (anon_0) took 0.0ms
2026-10-01T18:06:19.805Z [EVENT world:unitAdded] #1 (clearUnitCaches) took 0.0ms
2026-10-01T18:06:19.805Z [EVENT world:unitAdded] #2 (markBedsDirty) took 0.0ms
2026-10-01T18:06:19.806Z [EVENT world:unitAdded] #3 (anon_3) took 0.7ms
2026-10-01T18:06:19.806Z [EVENT world:unitAdded] #4 (anon_4) took 0.0ms
2026-10-01T18:06:19.806Z [EVENT world:unitAdded] #5 (anon_5) took 0.0ms
2026-10-01T18:06:19.807Z [EVENT world:unitAdded] #0 (anon_0) took 0.0ms
2026-10-01T18:06:19.807Z [EVENT world:unitAdded] #1 (clearUnitCaches) took 0.0ms
2026-10-01T18:06:19.807Z [EVENT world:unitAdded] #2 (markBedsDirty) took 0.0ms
2026-10-01T18:06:19.808Z [EVENT world:unitAdded] #3 (anon_3) took 0.6ms
2026-10-01T18:06:19.808Z [EVENT world:unitAdded] #4 (anon_4) took 0.0ms
2026-10-01T18:06:19.808Z [EVENT world:unitAdded] #5 (anon_5) took 0.0ms
2026-10-01T18:06:19.809Z [EVENT world:unitAdded] #0 (anon_0) took 0.0ms
2026-10-01T18:06:19.809Z [EVENT world:unitAdded] #1 (clearUnitCaches) took 0.0ms
2026-10-01T18:06:19.809Z [EVENT world:unitAdded] #2 (markBedsDirty) took 0.0ms
2026-10-01T18:06:19.810Z [EVENT world:unitAdded] #3 (anon_3) took 0.9ms
2026-10-01T18:06:19.810Z [EVENT world:unitAdded] #4 (anon_4) took 0.0ms
2026-10-01T18:06:19.810Z [EVENT world:unitAdded] #5 (anon_5) took 0.0ms
2026-10-01T18:06:19.811Z [EVENT world:unitAdded] #0 (anon_0) took 0.0ms
2026-10-01T18:06:19.811Z [EVENT world:unitAdded] #1 (clearUnitCaches) took 0.0ms
2026-10-01T18:06:19.811Z [EVENT world:unitAdded] #2 (markBedsDirty) took 0.0ms
2026-10-01T18:06:19.812Z [EVENT world:unitAdded] #3 (anon_3) took 0.5ms
2026-10-01T18:06:19.812Z [EVENT world:unitAdded] #4 (anon_4) took 0.0ms
2026-10-01T18:06:19.812Z [EVENT world:unitAdded] #5 (anon_5) took 0.0ms
2026-10-01T18:06:19.812Z [EVENT world:unitAdded] #0 (anon_0) took 0.0ms
2026-10-01T18:06:19.813Z [EVENT world:unitAdded] #1 (clearUnitCaches) took 0.0ms
2026-10-01T18:06:19.813Z [EVENT world:unitAdded] #2 (markBedsDirty) took 0.0ms
2026-10-01T18:06:19.813Z [EVENT world:unitAdded] #3 (anon_3) took 0.5ms
2026-10-01T18:06:19.814Z [EVENT world:unitAdded] #4 (anon_4) took 0.0ms
2026-10-01T18:06:19.814Z [EVENT world:unitAdded] #5 (anon_5) took 0.0ms
2026-10-01T18:06:19.814Z [EVENT world:unitAdded] #0 (anon_0) took 0.0ms
2026-10-01T18:06:19.814Z [EVENT world:unitAdded] #1 (clearUnitCaches) took 0.0ms
2026-10-01T18:06:19.814Z [EVENT world:unitAdded] #2 (markBedsDirty) took 0.0ms
2026-10-01T18:06:19.815Z [EVENT world:unitAdded] #3 (anon_3) took 0.5ms
2026-10-01T18:06:19.816Z [EVENT world:unitAdded] #4 (anon_4) took 0.0ms
2026-10-01T18:06:19.816Z [EVENT world:unitAdded] #5 (anon_5) took 0.0ms
2026-10-01T18:06:19.816Z [EVENT world:unitAdded] #0 (anon_0) took 0.0ms
2026-10-01T18:06:19.816Z [EVENT world:unitAdded] #1 (clearUnitCaches) took 0.0ms
2026-10-01T18:06:19.817Z [EVENT world:unitAdded] #2 (markBedsDirty) took 0.0ms
2026-10-01T18:06:19.817Z [EVENT world:unitAdded] #3 (anon_3) took 0.5ms
2026-10-01T18:06:19.817Z [EVENT world:unitAdded] #4 (anon_4) took 0.0ms
2026-10-01T18:06:19.818Z [EVENT world:unitAdded] #5 (anon_5) took 0.0ms
2026-10-01T18:06:19.818Z [EVENT world:unitAdded] #0 (anon_0) took 0.0ms
2026-10-01T18:06:19.818Z [EVENT world:unitAdded] #1 (clearUnitCaches) took 0.0ms
2026-10-01T18:06:19.818Z [EVENT world:unitAdded] #2 (markBedsDirty) took 0.0ms
2026-10-01T18:06:19.819Z [EVENT world:unitAdded] #3 (anon_3) took 0.5ms
2026-10-01T18:06:19.819Z [EVENT world:unitAdded] #4 (anon_4) took 0.0ms
2026-10-01T18:06:19.819Z [EVENT world:unitAdded] #5 (anon_5) took 0.0ms
2026-10-01T18:06:19.820Z [EVENT world:unitAdded] #0 (anon_0) took 0.0ms
2026-10-01T18:06:19.820Z [EVENT world:unitAdded] #1 (clearUnitCaches) took 0.0ms
2026-10-01T18:06:19.820Z [EVENT world:unitAdded] #2 (markBedsDirty) took 0.0ms
2026-10-01T18:06:19.821Z [EVENT world:unitAdded] #3 (anon_3) took 1.0ms
2026-10-01T18:06:19.822Z [EVENT world:unitAdded] #4 (anon_4) took 0.0ms
2026-10-01T18:06:19.822Z [EVENT world:unitAdded] #5 (anon_5) took 0.0ms
2026-10-01T18:06:19.822Z [EVENT world:unitAdded] #0 (anon_0) took 0.0ms
2026-10-01T18:06:19.822Z [EVENT world:unitAdded] #1 (clearUnitCaches) took 0.0ms
2026-10-01T18:06:19.823Z [EVENT world:unitAdded] #2 (markBedsDirty) took 0.0ms
2026-10-01T18:06:19.823Z [EVENT world:unitAdded] #3 (anon_3) took 0.5ms
2026-10-01T18:06:19.823Z [EVENT world:unitAdded] #4 (anon_4) took 0.0ms
2026-10-01T18:06:19.824Z [EVENT world:unitAdded] #5 (anon_5) took 0.0ms
2026-10-01T18:06:19.824Z [EVENT world:unitAdded] #0 (anon_0) took 0.0ms
2026-10-01T18:06:19.824Z [EVENT world:unitAdded] #1 (clearUnitCaches) took 0.0ms
2026-10-01T18:06:19.824Z [EVENT world:unitAdded] #2 (markBedsDirty) took 0.0ms
2026-10-01T18:06:19.825Z [EVENT world:unitAdded] #3 (anon_3) took 0.6ms
2026-10-01T18:06:19.825Z [EVENT world:unitAdded] #4 (anon_4) took 0.0ms
2026-10-01T18:06:19.825Z [EVENT world:unitAdded] #5 (anon_5) took 0.0ms
2026-10-01T18:06:19.826Z [EVENT world:unitAdded] #0 (anon_0) took 0.0ms
2026-10-01T18:06:19.826Z [EVENT world:unitAdded] #1 (clearUnitCaches) took 0.0ms
2026-10-01T18:06:19.826Z [EVENT world:unitAdded] #2 (markBedsDirty) took 0.0ms
2026-10-01T18:06:19.827Z [EVENT world:unitAdded] #3 (anon_3) took 0.6ms
2026-10-01T18:06:19.827Z [EVENT world:unitAdded] #4 (anon_4) took 0.0ms
2026-10-01T18:06:19.827Z [EVENT world:unitAdded] #5 (anon_5) took 0.0ms
2026-10-01T18:06:19.828Z [EVENT world:unitAdded] #0 (anon_0) took 0.0ms
2026-10-01T18:06:19.828Z [EVENT world:unitAdded] #1 (clearUnitCaches) took 0.0ms
2026-10-01T18:06:19.828Z [EVENT world:unitAdded] #2 (markBedsDirty) took 0.0ms
2026-10-01T18:06:19.829Z [EVENT world:unitAdded] #3 (anon_3) took 0.6ms
2026-10-01T18:06:19.829Z [EVENT world:unitAdded] #4 (anon_4) took 0.0ms
2026-10-01T18:06:19.829Z [EVENT world:unitAdded] #5 (anon_5) took 0.0ms
2026-10-01T18:06:19.830Z [EVENT world:unitAdded] #0 (anon_0) took 0.0ms
2026-10-01T18:06:19.830Z [EVENT world:unitAdded] #1 (clearUnitCaches) took 0.0ms
2026-10-01T18:06:19.830Z [EVENT world:unitAdded] #2 (markBedsDirty) took 0.0ms
2026-10-01T18:06:19.831Z [EVENT world:unitAdded] #3 (anon_3) took 0.8ms
2026-10-01T18:06:19.831Z [EVENT world:unitAdded] #4 (anon_4) took 0.0ms
2026-10-01T18:06:19.831Z [EVENT world:unitAdded] #5 (anon_5) took 0.0ms
2026-10-01T18:06:19.832Z [EVENT world:unitAdded] #0 (anon_0) took 0.0ms
2026-10-01T18:06:19.832Z [EVENT world:unitAdded] #1 (clearUnitCaches) took 0.0ms
2026-10-01T18:06:19.832Z [EVENT world:unitAdded] #2 (markBedsDirty) took 0.0ms
2026-10-01T18:06:19.833Z [EVENT world:unitAdded] #3 (anon_3) took 0.5ms
2026-10-01T18:06:19.833Z [EVENT world:unitAdded] #4 (anon_4) took 0.0ms
2026-10-01T18:06:19.833Z [EVENT world:unitAdded] #5 (anon_5) took 0.0ms
2026-10-01T18:06:19.833Z [EVENT world:unitAdded] #0 (anon_0) took 0.0ms
2026-10-01T18:06:19.833Z [EVENT world:unitAdded] #1 (clearUnitCaches) took 0.0ms
2026-10-01T18:06:19.834Z [EVENT world:unitAdded] #2 (markBedsDirty) took 0.0ms
2026-10-01T18:06:19.834Z [EVENT world:unitAdded] #3 (anon_3) took 0.5ms
2026-10-01T18:06:19.834Z [EVENT world:unitAdded] #4 (anon_4) took 0.0ms
2026-10-01T18:06:19.834Z [EVENT world:unitAdded] #5 (anon_5) took 0.0ms
2026-10-01T18:06:19.835Z [EVENT world:unitAdded] #0 (anon_0) took 0.0ms
2026-10-01T18:06:19.835Z [EVENT world:unitAdded] #1 (clearUnitCaches) took 0.0ms
2026-10-01T18:06:19.835Z [EVENT world:unitAdded] #2 (markBedsDirty) took 0.0ms
2026-10-01T18:06:19.836Z [EVENT world:unitAdded] #3 (anon_3) took 0.7ms
2026-10-01T18:06:19.836Z [EVENT world:unitAdded] #4 (anon_4) took 0.0ms
2026-10-01T18:06:19.837Z [EVENT world:unitAdded] #5 (anon_5) took 0.0ms
2026-10-01T18:06:19.837Z [EVENT world:unitAdded] #0 (anon_0) took 0.0ms
2026-10-01T18:06:19.837Z [EVENT world:unitAdded] #1 (clearUnitCaches) took 0.0ms
2026-10-01T18:06:19.837Z [EVENT world:unitAdded] #2 (markBedsDirty) took 0.0ms
2026-10-01T18:06:19.838Z [EVENT world:unitAdded] #3 (anon_3) took 0.6ms
2026-10-01T18:06:19.838Z [EVENT world:unitAdded] #4 (anon_4) took 0.0ms
2026-10-01T18:06:19.839Z [EVENT world:unitAdded] #5 (anon_5) took 0.0ms
2026-10-01T18:06:19.839Z [EVENT world:unitAdded] #0 (anon_0) took 0.0ms
2026-10-01T18:06:19.839Z [EVENT world:unitAdded] #1 (clearUnitCaches) took 0.0ms
2026-10-01T18:06:19.840Z [EVENT world:unitAdded] #2 (markBedsDirty) took 0.0ms
2026-10-01T18:06:19.840Z [EVENT world:unitAdded] #3 (anon_3) took 0.6ms
2026-10-01T18:06:19.840Z [EVENT world:unitAdded] #4 (anon_4) took 0.0ms
2026-10-01T18:06:19.841Z [EVENT world:unitAdded] #5 (anon_5) took 0.0ms
2026-10-01T18:06:19.841Z [EVENT world:unitAdded] #0 (anon_0) took 0.0ms
2026-10-01T18:06:19.841Z [EVENT world:unitAdded] #1 (clearUnitCaches) took 0.0ms
2026-10-01T18:06:19.841Z [EVENT world:unitAdded] #2 (markBedsDirty) took 0.0ms
2026-10-01T18:06:19.843Z [EVENT world:unitAdded] #3 (anon_3) took 0.9ms
2026-10-01T18:06:19.843Z [EVENT world:unitAdded] #4 (anon_4) took 0.0ms
2026-10-01T18:06:19.843Z [EVENT world:unitAdded] #5 (anon_5) took 0.0ms
2026-10-01T18:06:19.844Z [EVENT world:unitAdded] #0 (anon_0) took 0.0ms
2026-10-01T18:06:19.844Z [EVENT world:unitAdded] #1 (clearUnitCaches) took 0.0ms
2026-10-01T18:06:19.844Z [EVENT world:unitAdded] #2 (markBedsDirty) took 0.0ms
2026-10-01T18:06:19.845Z [EVENT world:unitAdded] #3 (anon_3) took 0.5ms
2026-10-01T18:06:19.845Z [EVENT world:unitAdded] #4 (anon_4) took 0.0ms
2026-10-01T18:06:19.845Z [EVENT world:unitAdded] #5 (anon_5) took 0.0ms
2026-10-01T18:06:19.845Z [EVENT world:unitAdded] #0 (anon_0) took 0.0ms
2026-10-01T18:06:19.846Z [EVENT world:unitAdded] #1 (clearUnitCaches) took 0.0ms
2026-10-01T18:06:19.846Z [EVENT world:unitAdded] #2 (markBedsDirty) took 0.0ms
2026-10-01T18:06:19.846Z [EVENT world:unitAdded] #3 (anon_3) took 0.5ms
2026-10-01T18:06:19.847Z [EVENT world:unitAdded] #4 (anon_4) took 0.0ms
2026-10-01T18:06:19.847Z [EVENT world:unitAdded] #5 (anon_5) took 0.0ms
2026-10-01T18:06:19.847Z [EVENT world:unitAdded] #0 (anon_0) took 0.0ms
2026-10-01T18:06:19.847Z [EVENT world:unitAdded] #1 (clearUnitCaches) took 0.0ms
2026-10-01T18:06:19.848Z [EVENT world:unitAdded] #2 (markBedsDirty) took 0.0ms
2026-10-01T18:06:19.848Z [EVENT world:unitAdded] #3 (anon_3) took 0.5ms
2026-10-01T18:06:19.849Z [EVENT world:unitAdded] #4 (anon_4) took 0.0ms
2026-10-01T18:06:19.849Z [EVENT world:unitAdded] #5 (anon_5) took 0.0ms
2026-10-01T18:06:19.849Z [EVENT world:unitAdded] #0 (anon_0) took 0.0ms
2026-10-01T18:06:19.849Z [EVENT world:unitAdded] #1 (clearUnitCaches) took 0.0ms
2026-10-01T18:06:19.849Z [EVENT world:unitAdded] #2 (markBedsDirty) took 0.0ms
2026-10-01T18:06:19.850Z [EVENT world:unitAdded] #3 (anon_3) took 0.5ms
2026-10-01T18:06:19.850Z [EVENT world:unitAdded] #4 (anon_4) took 0.0ms
2026-10-01T18:06:19.850Z [EVENT world:unitAdded] #5 (anon_5) took 0.0ms
2026-10-01T18:06:19.851Z [EVENT world:unitAdded] #0 (anon_0) took 0.0ms
2026-10-01T18:06:19.851Z [EVENT world:unitAdded] #1 (clearUnitCaches) took 0.0ms
2026-10-01T18:06:19.851Z [EVENT world:unitAdded] #2 (markBedsDirty) took 0.0ms
2026-10-01T18:06:19.852Z [EVENT world:unitAdded] #3 (anon_3) took 0.8ms
2026-10-01T18:06:19.852Z [EVENT world:unitAdded] #4 (anon_4) took 0.0ms
2026-10-01T18:06:19.853Z [EVENT world:unitAdded] #5 (anon_5) took 0.0ms
2026-10-01T18:06:19.853Z [EVENT world:unitAdded] #0 (anon_0) took 0.0ms
2026-10-01T18:06:19.853Z [EVENT world:unitAdded] #1 (clearUnitCaches) took 0.0ms
2026-10-01T18:06:19.853Z [EVENT world:unitAdded] #2 (markBedsDirty) took 0.0ms
2026-10-01T18:06:19.854Z [EVENT world:unitAdded] #3 (anon_3) took 0.6ms
2026-10-01T18:06:19.854Z [EVENT world:unitAdded] #4 (anon_4) took 0.0ms
2026-10-01T18:06:19.854Z [EVENT world:unitAdded] #5 (anon_5) took 0.0ms
2026-10-01T18:06:19.855Z [EVENT world:unitAdded] #0 (anon_0) took 0.0ms
2026-10-01T18:06:19.855Z [EVENT world:unitAdded] #1 (clearUnitCaches) took 0.0ms
2026-10-01T18:06:19.855Z [EVENT world:unitAdded] #2 (markBedsDirty) took 0.0ms
2026-10-01T18:06:19.856Z [EVENT world:unitAdded] #3 (anon_3) took 0.6ms
2026-10-01T18:06:19.856Z [EVENT world:unitAdded] #4 (anon_4) took 0.0ms
2026-10-01T18:06:19.856Z [EVENT world:unitAdded] #5 (anon_5) took 0.0ms
2026-10-01T18:06:19.857Z [EVENT world:unitAdded] #0 (anon_0) took 0.0ms
2026-10-01T18:06:19.857Z [EVENT world:unitAdded] #1 (clearUnitCaches) took 0.0ms
2026-10-01T18:06:19.857Z [EVENT world:unitAdded] #2 (markBedsDirty) took 0.0ms
2026-10-01T18:06:19.858Z [EVENT world:unitAdded] #3 (anon_3) took 0.5ms
2026-10-01T18:06:19.858Z [EVENT world:unitAdded] #4 (anon_4) took 0.0ms
2026-10-01T18:06:19.858Z [EVENT world:unitAdded] #5 (anon_5) took 0.0ms
2026-10-01T18:06:19.859Z [EVENT world:unitAdded] #0 (anon_0) took 0.0ms
2026-10-01T18:06:19.859Z [EVENT world:unitAdded] #1 (clearUnitCaches) took 0.0ms
2026-10-01T18:06:19.859Z [EVENT world:unitAdded] #2 (markBedsDirty) took 0.0ms
2026-10-01T18:06:19.860Z [EVENT world:unitAdded] #3 (anon_3) took 0.6ms
2026-10-01T18:06:19.860Z [EVENT world:unitAdded] #4 (anon_4) took 0.0ms
2026-10-01T18:06:19.860Z [EVENT world:unitAdded] #5 (anon_5) took 0.0ms
2026-10-01T18:06:19.860Z [EVENT world:unitAdded] #0 (anon_0) took 0.0ms
2026-10-01T18:06:19.861Z [EVENT world:unitAdded] #1 (clearUnitCaches) took 0.0ms
2026-10-01T18:06:19.861Z [EVENT world:unitAdded] #2 (markBedsDirty) took 0.0ms
2026-10-01T18:06:19.861Z [EVENT world:unitAdded] #3 (anon_3) took 0.5ms
2026-10-01T18:06:19.862Z [EVENT world:unitAdded] #4 (anon_4) took 0.0ms
2026-10-01T18:06:19.862Z [EVENT world:unitAdded] #5 (anon_5) took 0.0ms
2026-10-01T18:06:19.862Z [EVENT world:unitAdded] #0 (anon_0) took 0.0ms
2026-10-01T18:06:19.862Z [EVENT world:unitAdded] #1 (clearUnitCaches) took 0.0ms
2026-10-01T18:06:19.862Z [EVENT world:unitAdded] #2 (markBedsDirty) took 0.0ms
2026-10-01T18:06:19.863Z [EVENT world:unitAdded] #3 (anon_3) took 0.8ms
2026-10-01T18:06:19.864Z [EVENT world:unitAdded] #4 (anon_4) took 0.0ms
2026-10-01T18:06:19.864Z [EVENT world:unitAdded] #5 (anon_5) took 0.0ms
2026-10-01T18:06:19.864Z [EVENT world:unitAdded] #0 (anon_0) took 0.0ms
2026-10-01T18:06:19.864Z [EVENT world:unitAdded] #1 (clearUnitCaches) took 0.0ms
2026-10-01T18:06:19.865Z [EVENT world:unitAdded] #2 (markBedsDirty) took 0.0ms
2026-10-01T18:06:19.865Z [EVENT world:unitAdded] #3 (anon_3) took 0.5ms
2026-10-01T18:06:19.866Z [EVENT world:unitAdded] #4 (anon_4) took 0.0ms
2026-10-01T18:06:19.866Z [EVENT world:unitAdded] #5 (anon_5) took 0.0ms
2026-10-01T18:06:19.866Z [EVENT world:unitAdded] #0 (anon_0) took 0.0ms
2026-10-01T18:06:19.867Z [EVENT world:unitAdded] #1 (clearUnitCaches) took 0.0ms
2026-10-01T18:06:19.867Z [EVENT world:unitAdded] #2 (markBedsDirty) took 0.0ms
2026-10-01T18:06:19.868Z [EVENT world:unitAdded] #3 (anon_3) took 0.7ms
2026-10-01T18:06:19.868Z [EVENT world:unitAdded] #4 (anon_4) took 0.0ms
2026-10-01T18:06:19.868Z [EVENT world:unitAdded] #5 (anon_5) took 0.0ms
2026-10-01T18:06:19.869Z [EVENT world:unitAdded] #0 (anon_0) took 0.0ms
2026-10-01T18:06:19.869Z [EVENT world:unitAdded] #1 (clearUnitCaches) took 0.0ms
2026-10-01T18:06:19.869Z [EVENT world:unitAdded] #2 (markBedsDirty) took 0.0ms
2026-10-01T18:06:19.870Z [EVENT world:unitAdded] #3 (anon_3) took 0.5ms
2026-10-01T18:06:19.870Z [EVENT world:unitAdded] #4 (anon_4) took 0.0ms
2026-10-01T18:06:19.870Z [EVENT world:unitAdded] #5 (anon_5) took 0.0ms
2026-10-01T18:06:19.871Z [EVENT world:unitAdded] #0 (anon_0) took 0.0ms
2026-10-01T18:06:19.871Z [EVENT world:unitAdded] #1 (clearUnitCaches) took 0.0ms
2026-10-01T18:06:19.871Z [EVENT world:unitAdded] #2 (markBedsDirty) took 0.0ms
2026-10-01T18:06:19.872Z [EVENT world:unitAdded] #3 (anon_3) took 0.5ms
2026-10-01T18:06:19.872Z [EVENT world:unitAdded] #4 (anon_4) took 0.0ms
2026-10-01T18:06:19.872Z [EVENT world:unitAdded] #5 (anon_5) took 0.0ms
2026-10-01T18:06:19.873Z [EVENT world:unitAdded] #0 (anon_0) took 0.0ms
2026-10-01T18:06:19.873Z [EVENT world:unitAdded] #1 (clearUnitCaches) took 0.0ms
2026-10-01T18:06:19.873Z [EVENT world:unitAdded] #2 (markBedsDirty) took 0.0ms
2026-10-01T18:06:19.874Z [EVENT world:unitAdded] #3 (anon_3) took 0.8ms
2026-10-01T18:06:19.874Z [EVENT world:unitAdded] #4 (anon_4) took 0.0ms
2026-10-01T18:06:19.874Z [EVENT world:unitAdded] #5 (anon_5) took 0.0ms
2026-10-01T18:06:19.875Z [EVENT world:unitAdded] #0 (anon_0) took 0.0ms
2026-10-01T18:06:19.875Z [EVENT world:unitAdded] #1 (clearUnitCaches) took 0.0ms
2026-10-01T18:06:19.875Z [EVENT world:unitAdded] #2 (markBedsDirty) took 0.0ms
2026-10-01T18:06:19.876Z [EVENT world:unitAdded] #3 (anon_3) took 0.6ms
2026-10-01T18:06:19.876Z [EVENT world:unitAdded] #4 (anon_4) took 0.0ms
2026-10-01T18:06:19.876Z [EVENT world:unitAdded] #5 (anon_5) took 0.0ms
2026-10-01T18:06:19.877Z [EVENT world:unitAdded] #0 (anon_0) took 0.0ms
2026-10-01T18:06:19.877Z [EVENT world:unitAdded] #1 (clearUnitCaches) took 0.0ms
2026-10-01T18:06:19.877Z [EVENT world:unitAdded] #2 (markBedsDirty) took 0.0ms
2026-10-01T18:06:19.878Z [EVENT world:unitAdded] #3 (anon_3) took 0.6ms
2026-10-01T18:06:19.878Z [EVENT world:unitAdded] #4 (anon_4) took 0.0ms
2026-10-01T18:06:19.879Z [EVENT world:unitAdded] #5 (anon_5) took 0.0ms
2026-10-01T18:06:19.879Z [EVENT world:unitAdded] #0 (anon_0) took 0.0ms
2026-10-01T18:06:19.879Z [EVENT world:unitAdded] #1 (clearUnitCaches) took 0.0ms
2026-10-01T18:06:19.879Z [EVENT world:unitAdded] #2 (markBedsDirty) took 0.0ms
2026-10-01T18:06:19.880Z [EVENT world:unitAdded] #3 (anon_3) took 0.5ms
2026-10-01T18:06:19.880Z [EVENT world:unitAdded] #4 (anon_4) took 0.0ms
2026-10-01T18:06:19.880Z [EVENT world:unitAdded] #5 (anon_5) took 0.0ms
2026-10-01T18:06:19.881Z [EVENT world:unitAdded] #0 (anon_0) took 0.0ms
2026-10-01T18:06:19.881Z [EVENT world:unitAdded] #1 (clearUnitCaches) took 0.0ms
2026-10-01T18:06:19.881Z [EVENT world:unitAdded] #2 (markBedsDirty) took 0.0ms
2026-10-01T18:06:19.882Z [EVENT world:unitAdded] #3 (anon_3) took 0.6ms
2026-10-01T18:06:19.882Z [EVENT world:unitAdded] #4 (anon_4) took 0.0ms
2026-10-01T18:06:19.882Z [EVENT world:unitAdded] #5 (anon_5) took 0.0ms
2026-10-01T18:06:19.882Z [EVENT world:unitAdded] #0 (anon_0) took 0.0ms
2026-10-01T18:06:19.883Z [EVENT world:unitAdded] #1 (clearUnitCaches) took 0.0ms
2026-10-01T18:06:19.883Z [EVENT world:unitAdded] #2 (markBedsDirty) took 0.0ms
2026-10-01T18:06:19.884Z [EVENT world:unitAdded] #3 (anon_3) took 0.6ms
2026-10-01T18:06:19.884Z [EVENT world:unitAdded] #4 (anon_4) took 0.0ms
2026-10-01T18:06:19.884Z [EVENT world:unitAdded] #5 (anon_5) took 0.0ms
2026-10-01T18:06:19.885Z [EVENT world:unitAdded] #0 (anon_0) took 0.0ms
2026-10-01T18:06:19.885Z [EVENT world:unitAdded] #1 (clearUnitCaches) took 0.0ms
2026-10-01T18:06:19.885Z [EVENT world:unitAdded] #2 (markBedsDirty) took 0.0ms
2026-10-01T18:06:19.886Z [EVENT world:unitAdded] #3 (anon_3) took 1.0ms
2026-10-01T18:06:19.886Z [EVENT world:unitAdded] #4 (anon_4) took 0.0ms
2026-10-01T18:06:19.886Z [EVENT world:unitAdded] #5 (anon_5) took 0.0ms
2026-10-01T18:06:19.887Z [EVENT world:unitAdded] #0 (anon_0) took 0.0ms
2026-10-01T18:06:19.887Z [EVENT world:unitAdded] #1 (clearUnitCaches) took 0.0ms
2026-10-01T18:06:19.887Z [EVENT world:unitAdded] #2 (markBedsDirty) took 0.0ms
2026-10-01T18:06:19.888Z [EVENT world:unitAdded] #3 (anon_3) took 0.5ms
2026-10-01T18:06:19.888Z [EVENT world:unitAdded] #4 (anon_4) took 0.0ms
2026-10-01T18:06:19.888Z [EVENT world:unitAdded] #5 (anon_5) took 0.0ms
2026-10-01T18:06:19.889Z [EVENT world:unitAdded] #0 (anon_0) took 0.0ms
2026-10-01T18:06:19.889Z [EVENT world:unitAdded] #1 (clearUnitCaches) took 0.0ms
2026-10-01T18:06:19.889Z [EVENT world:unitAdded] #2 (markBedsDirty) took 0.0ms
2026-10-01T18:06:19.890Z [EVENT world:unitAdded] #3 (anon_3) took 0.7ms
2026-10-01T18:06:19.890Z [EVENT world:unitAdded] #4 (anon_4) took 0.0ms
2026-10-01T18:06:19.891Z [EVENT world:unitAdded] #5 (anon_5) took 0.0ms
2026-10-01T18:06:19.891Z [EVENT world:unitAdded] #0 (anon_0) took 0.0ms
2026-10-01T18:06:19.891Z [EVENT world:unitAdded] #1 (clearUnitCaches) took 0.0ms
2026-10-01T18:06:19.891Z [EVENT world:unitAdded] #2 (markBedsDirty) took 0.0ms
2026-10-01T18:06:19.892Z [EVENT world:unitAdded] #3 (anon_3) took 0.7ms
2026-10-01T18:06:19.893Z [EVENT world:unitAdded] #4 (anon_4) took 0.0ms
2026-10-01T18:06:19.893Z [EVENT world:unitAdded] #5 (anon_5) took 0.0ms
2026-10-01T18:06:19.893Z [EVENT world:unitAdded] #0 (anon_0) took 0.0ms
2026-10-01T18:06:19.893Z [EVENT world:unitAdded] #1 (clearUnitCaches) took 0.0ms
2026-10-01T18:06:19.893Z [EVENT world:unitAdded] #2 (markBedsDirty) took 0.0ms
2026-10-01T18:06:19.894Z [EVENT world:unitAdded] #3 (anon_3) took 0.6ms
2026-10-01T18:06:19.894Z [EVENT world:unitAdded] #4 (anon_4) took 0.0ms
2026-10-01T18:06:19.895Z [EVENT world:unitAdded] #5 (anon_5) took 0.0ms
2026-10-01T18:06:19.895Z [EVENT world:unitAdded] #0 (anon_0) took 0.0ms
2026-10-01T18:06:19.895Z [EVENT world:unitAdded] #1 (clearUnitCaches) took 0.0ms
2026-10-01T18:06:19.896Z [EVENT world:unitAdded] #2 (markBedsDirty) took 0.0ms
2026-10-01T18:06:19.897Z [EVENT world:unitAdded] #3 (anon_3) took 0.9ms
2026-10-01T18:06:19.897Z [EVENT world:unitAdded] #4 (anon_4) took 0.0ms
2026-10-01T18:06:19.897Z [EVENT world:unitAdded] #5 (anon_5) took 0.0ms
2026-10-01T18:06:19.897Z [EVENT world:unitAdded] #0 (anon_0) took 0.0ms
2026-10-01T18:06:19.898Z [EVENT world:unitAdded] #1 (clearUnitCaches) took 0.0ms
2026-10-01T18:06:19.898Z [EVENT world:unitAdded] #2 (markBedsDirty) took 0.0ms
2026-10-01T18:06:19.898Z [EVENT world:unitAdded] #3 (anon_3) took 0.5ms
2026-10-01T18:06:19.899Z [EVENT world:unitAdded] #4 (anon_4) took 0.0ms
2026-10-01T18:06:19.899Z [EVENT world:unitAdded] #5 (anon_5) took 0.0ms
2026-10-01T18:06:19.899Z [EVENT world:unitAdded] #0 (anon_0) took 0.0ms
2026-10-01T18:06:19.899Z [EVENT world:unitAdded] #1 (clearUnitCaches) took 0.0ms
2026-10-01T18:06:19.899Z [EVENT world:unitAdded] #2 (markBedsDirty) took 0.0ms
2026-10-01T18:06:19.900Z [EVENT world:unitAdded] #3 (anon_3) took 0.5ms
2026-10-01T18:06:19.900Z [EVENT world:unitAdded] #4 (anon_4) took 0.0ms
2026-10-01T18:06:19.900Z [EVENT world:unitAdded] #5 (anon_5) took 0.0ms
2026-10-01T18:06:19.901Z [EVENT world:unitAdded] #0 (anon_0) took 0.0ms
2026-10-01T18:06:19.901Z [EVENT world:unitAdded] #1 (clearUnitCaches) took 0.0ms
2026-10-01T18:06:19.901Z [EVENT world:unitAdded] #2 (markBedsDirty) took 0.0ms
2026-10-01T18:06:19.902Z [EVENT world:unitAdded] #3 (anon_3) took 0.5ms
2026-10-01T18:06:19.902Z [EVENT world:unitAdded] #4 (anon_4) took 0.0ms
2026-10-01T18:06:19.902Z [EVENT world:unitAdded] #5 (anon_5) took 0.0ms
2026-10-01T18:06:19.903Z [EVENT world:unitAdded] #0 (anon_0) took 0.0ms
2026-10-01T18:06:19.903Z [EVENT world:unitAdded] #1 (clearUnitCaches) took 0.0ms
2026-10-01T18:06:19.903Z [EVENT world:unitAdded] #2 (markBedsDirty) took 0.0ms
2026-10-01T18:06:19.904Z [EVENT world:unitAdded] #3 (anon_3) took 0.6ms
2026-10-01T18:06:19.904Z [EVENT world:unitAdded] #4 (anon_4) took 0.0ms
2026-10-01T18:06:19.904Z [EVENT world:unitAdded] #5 (anon_5) took 0.0ms
2026-10-01T18:06:19.905Z [EVENT world:unitAdded] #0 (anon_0) took 0.0ms
2026-10-01T18:06:19.905Z [EVENT world:unitAdded] #1 (clearUnitCaches) took 0.0ms
2026-10-01T18:06:19.905Z [EVENT world:unitAdded] #2 (markBedsDirty) took 0.0ms
2026-10-01T18:06:19.906Z [EVENT world:unitAdded] #3 (anon_3) took 0.6ms
2026-10-01T18:06:19.906Z [EVENT world:unitAdded] #4 (anon_4) took 0.0ms
2026-10-01T18:06:19.906Z [EVENT world:unitAdded] #5 (anon_5) took 0.0ms
2026-10-01T18:06:19.907Z [EVENT world:unitAdded] #0 (anon_0) took 0.0ms
2026-10-01T18:06:19.907Z [EVENT world:unitAdded] #1 (clearUnitCaches) took 0.0ms
2026-10-01T18:06:19.907Z [EVENT world:unitAdded] #2 (markBedsDirty) took 0.0ms
2026-10-01T18:06:19.908Z [EVENT world:unitAdded] #3 (anon_3) took 0.9ms
2026-10-01T18:06:19.908Z [EVENT world:unitAdded] #4 (anon_4) took 0.0ms
2026-10-01T18:06:19.909Z [EVENT world:unitAdded] #5 (anon_5) took 0.0ms
2026-10-01T18:06:19.909Z [EVENT world:unitAdded] #0 (anon_0) took 0.0ms
2026-10-01T18:06:19.909Z [EVENT world:unitAdded] #1 (clearUnitCaches) took 0.0ms
2026-10-01T18:06:19.909Z [EVENT world:unitAdded] #2 (markBedsDirty) took 0.0ms
2026-10-01T18:06:19.910Z [EVENT world:unitAdded] #3 (anon_3) took 0.6ms
2026-10-01T18:06:19.910Z [EVENT world:unitAdded] #4 (anon_4) took 0.0ms
2026-10-01T18:06:19.911Z [EVENT world:unitAdded] #5 (anon_5) took 0.0ms
2026-10-01T18:06:19.911Z [EVENT world:unitAdded] #0 (anon_0) took 0.0ms
2026-10-01T18:06:19.911Z [EVENT world:unitAdded] #1 (clearUnitCaches) took 0.0ms
2026-10-01T18:06:19.911Z [EVENT world:unitAdded] #2 (markBedsDirty) took 0.0ms
2026-10-01T18:06:19.912Z [EVENT world:unitAdded] #3 (anon_3) took 0.6ms
2026-10-01T18:06:19.912Z [EVENT world:unitAdded] #4 (anon_4) took 0.0ms
2026-10-01T18:06:19.912Z [EVENT world:unitAdded] #5 (anon_5) took 0.0ms
2026-10-01T18:06:19.913Z [EVENT world:unitAdded] #0 (anon_0) took 0.0ms
2026-10-01T18:06:19.913Z [EVENT world:unitAdded] #1 (clearUnitCaches) took 0.0ms
2026-10-01T18:06:19.913Z [EVENT world:unitAdded] #2 (markBedsDirty) took 0.0ms
2026-10-01T18:06:19.914Z [EVENT world:unitAdded] #3 (anon_3) took 0.5ms
2026-10-01T18:06:19.914Z [EVENT world:unitAdded] #4 (anon_4) took 0.0ms
2026-10-01T18:06:19.914Z [EVENT world:unitAdded] #5 (anon_5) took 0.0ms
2026-10-01T18:06:19.915Z [EVENT world:unitAdded] #0 (anon_0) took 0.0ms
2026-10-01T18:06:19.915Z [EVENT world:unitAdded] #1 (clearUnitCaches) took 0.0ms
2026-10-01T18:06:19.915Z [EVENT world:unitAdded] #2 (markBedsDirty) took 0.0ms
2026-10-01T18:06:19.916Z [EVENT world:unitAdded] #3 (anon_3) took 0.7ms
2026-10-01T18:06:19.916Z [EVENT world:unitAdded] #4 (anon_4) took 0.0ms
2026-10-01T18:06:19.917Z [EVENT world:unitAdded] #5 (anon_5) took 0.0ms
2026-10-01T18:06:19.917Z [EVENT world:unitAdded] #0 (anon_0) took 0.0ms
2026-10-01T18:06:19.917Z [EVENT world:unitAdded] #1 (clearUnitCaches) took 0.0ms
2026-10-01T18:06:19.917Z [EVENT world:unitAdded] #2 (markBedsDirty) took 0.0ms
2026-10-01T18:06:19.918Z [EVENT world:unitAdded] #3 (anon_3) took 1.0ms
2026-10-01T18:06:19.919Z [EVENT world:unitAdded] #4 (anon_4) took 0.0ms
2026-10-01T18:06:19.919Z [EVENT world:unitAdded] #5 (anon_5) took 0.0ms
2026-10-01T18:06:19.920Z [EVENT world:unitAdded] #0 (anon_0) took 0.0ms
2026-10-01T18:06:19.920Z [EVENT world:unitAdded] #1 (clearUnitCaches) took 0.0ms
2026-10-01T18:06:19.920Z [EVENT world:unitAdded] #2 (markBedsDirty) took 0.0ms
2026-10-01T18:06:19.921Z [EVENT world:unitAdded] #3 (anon_3) took 0.5ms
2026-10-01T18:06:19.921Z [EVENT world:unitAdded] #4 (anon_4) took 0.0ms
2026-10-01T18:06:19.921Z [EVENT world:unitAdded] #5 (anon_5) took 0.0ms
2026-10-01T18:06:19.921Z [EVENT world:unitAdded] #0 (anon_0) took 0.0ms
2026-10-01T18:06:19.921Z [EVENT world:unitAdded] #1 (clearUnitCaches) took 0.0ms
2026-10-01T18:06:19.922Z [EVENT world:unitAdded] #2 (markBedsDirty) took 0.0ms
2026-10-01T18:06:19.922Z [EVENT world:unitAdded] #3 (anon_3) took 0.5ms
2026-10-01T18:06:19.922Z [EVENT world:unitAdded] #4 (anon_4) took 0.0ms
2026-10-01T18:06:19.923Z [EVENT world:unitAdded] #5 (anon_5) took 0.0ms
2026-10-01T18:06:19.923Z [EVENT world:unitAdded] #0 (anon_0) took 0.0ms
2026-10-01T18:06:19.923Z [EVENT world:unitAdded] #1 (clearUnitCaches) took 0.0ms
2026-10-01T18:06:19.923Z [EVENT world:unitAdded] #2 (markBedsDirty) took 0.0ms
2026-10-01T18:06:19.924Z [EVENT world:unitAdded] #3 (anon_3) took 0.5ms
2026-10-01T18:06:19.924Z [EVENT world:unitAdded] #4 (anon_4) took 0.0ms
2026-10-01T18:06:19.924Z [EVENT world:unitAdded] #5 (anon_5) took 0.0ms
2026-10-01T18:06:19.925Z [EVENT world:unitAdded] #0 (anon_0) took 0.0ms
2026-10-01T18:06:19.925Z [EVENT world:unitAdded] #1 (clearUnitCaches) took 0.0ms
2026-10-01T18:06:19.925Z [EVENT world:unitAdded] #2 (markBedsDirty) took 0.0ms
2026-10-01T18:06:19.925Z [EVENT world:unitAdded] #3 (anon_3) took 0.5ms
2026-10-01T18:06:19.926Z [EVENT world:unitAdded] #4 (anon_4) took 0.0ms
2026-10-01T18:06:19.926Z [EVENT world:unitAdded] #5 (anon_5) took 0.0ms
2026-10-01T18:06:19.926Z [EVENT world:unitAdded] #0 (anon_0) took 0.0ms
2026-10-01T18:06:19.926Z [EVENT world:unitAdded] #1 (clearUnitCaches) took 0.0ms
2026-10-01T18:06:19.926Z [EVENT world:unitAdded] #2 (markBedsDirty) took 0.0ms
2026-10-01T18:06:19.927Z [EVENT world:unitAdded] #3 (anon_3) took 0.5ms
2026-10-01T18:06:19.927Z [EVENT world:unitAdded] #4 (anon_4) took 0.0ms
2026-10-01T18:06:19.927Z [EVENT world:unitAdded] #5 (anon_5) took 0.0ms
2026-10-01T18:06:19.928Z [EVENT world:unitAdded] #0 (anon_0) took 0.0ms
2026-10-01T18:06:19.928Z [EVENT world:unitAdded] #1 (clearUnitCaches) took 0.0ms
2026-10-01T18:06:19.929Z [EVENT world:unitAdded] #2 (markBedsDirty) took 0.0ms
2026-10-01T18:06:19.930Z [EVENT world:unitAdded] #3 (anon_3) took 1.0ms
2026-10-01T18:06:19.930Z [EVENT world:unitAdded] #4 (anon_4) took 0.0ms
2026-10-01T18:06:19.930Z [EVENT world:unitAdded] #5 (anon_5) took 0.0ms
2026-10-01T18:06:19.931Z [EVENT world:unitAdded] #0 (anon_0) took 0.0ms
2026-10-01T18:06:19.931Z [EVENT world:unitAdded] #1 (clearUnitCaches) took 0.0ms
2026-10-01T18:06:19.931Z [EVENT world:unitAdded] #2 (markBedsDirty) took 0.0ms
2026-10-01T18:06:19.932Z [EVENT world:unitAdded] #3 (anon_3) took 0.6ms
2026-10-01T18:06:19.932Z [EVENT world:unitAdded] #4 (anon_4) took 0.0ms
2026-10-01T18:06:19.932Z [EVENT world:unitAdded] #5 (anon_5) took 0.0ms
2026-10-01T18:06:19.933Z [EVENT world:unitAdded] #0 (anon_0) took 0.0ms
2026-10-01T18:06:19.933Z [EVENT world:unitAdded] #1 (clearUnitCaches) took 0.0ms
2026-10-01T18:06:19.933Z [EVENT world:unitAdded] #2 (markBedsDirty) took 0.0ms
2026-10-01T18:06:19.934Z [EVENT world:unitAdded] #3 (anon_3) took 0.6ms
2026-10-01T18:06:19.934Z [EVENT world:unitAdded] #4 (anon_4) took 0.0ms
2026-10-01T18:06:19.934Z [EVENT world:unitAdded] #5 (anon_5) took 0.0ms
2026-10-01T18:06:19.935Z [EVENT world:unitAdded] #0 (anon_0) took 0.0ms
2026-10-01T18:06:19.935Z [EVENT world:unitAdded] #1 (clearUnitCaches) took 0.0ms
2026-10-01T18:06:19.935Z [EVENT world:unitAdded] #2 (markBedsDirty) took 0.0ms
2026-10-01T18:06:19.936Z [EVENT world:unitAdded] #3 (anon_3) took 0.5ms
2026-10-01T18:06:19.936Z [EVENT world:unitAdded] #4 (anon_4) took 0.0ms
2026-10-01T18:06:19.936Z [EVENT world:unitAdded] #5 (anon_5) took 0.0ms
2026-10-01T18:06:19.936Z [EVENT world:unitAdded] #0 (anon_0) took 0.0ms
2026-10-01T18:06:19.937Z [EVENT world:unitAdded] #1 (clearUnitCaches) took 0.0ms
2026-10-01T18:06:19.937Z [EVENT world:unitAdded] #2 (markBedsDirty) took 0.0ms
2026-10-01T18:06:19.937Z [EVENT world:unitAdded] #3 (anon_3) took 0.5ms
2026-10-01T18:06:19.938Z [EVENT world:unitAdded] #4 (anon_4) took 0.0ms
2026-10-01T18:06:19.938Z [EVENT world:unitAdded] #5 (anon_5) took 0.0ms
2026-10-01T18:06:19.938Z [EVENT world:unitAdded] #0 (anon_0) took 0.0ms
2026-10-01T18:06:19.939Z [EVENT world:unitAdded] #1 (clearUnitCaches) took 0.0ms
2026-10-01T18:06:19.939Z [EVENT world:unitAdded] #2 (markBedsDirty) took 0.0ms
2026-10-01T18:06:19.940Z [EVENT world:unitAdded] #3 (anon_3) took 0.9ms
2026-10-01T18:06:19.940Z [EVENT world:unitAdded] #4 (anon_4) took 0.0ms
2026-10-01T18:06:19.940Z [EVENT world:unitAdded] #5 (anon_5) took 0.0ms
2026-10-01T18:06:19.941Z [EVENT world:unitAdded] #0 (anon_0) took 0.0ms
2026-10-01T18:06:19.941Z [EVENT world:unitAdded] #1 (clearUnitCaches) took 0.0ms
2026-10-01T18:06:19.941Z [EVENT world:unitAdded] #2 (markBedsDirty) took 0.0ms
2026-10-01T18:06:19.942Z [EVENT world:unitAdded] #3 (anon_3) took 0.6ms
2026-10-01T18:06:19.942Z [EVENT world:unitAdded] #4 (anon_4) took 0.0ms
2026-10-01T18:06:19.943Z [EVENT world:unitAdded] #5 (anon_5) took 0.0ms
2026-10-01T18:06:19.943Z [EVENT world:unitAdded] #0 (anon_0) took 0.0ms
2026-10-01T18:06:19.943Z [EVENT world:unitAdded] #1 (clearUnitCaches) took 0.0ms
2026-10-01T18:06:19.943Z [EVENT world:unitAdded] #2 (markBedsDirty) took 0.0ms
2026-10-01T18:06:19.944Z [EVENT world:unitAdded] #3 (anon_3) took 0.6ms
2026-10-01T18:06:19.944Z [EVENT world:unitAdded] #4 (anon_4) took 0.0ms
2026-10-01T18:06:19.945Z [EVENT world:unitAdded] #5 (anon_5) took 0.0ms
2026-10-01T18:06:19.945Z [EVENT world:unitAdded] #0 (anon_0) took 0.0ms
2026-10-01T18:06:19.945Z [EVENT world:unitAdded] #1 (clearUnitCaches) took 0.0ms
2026-10-01T18:06:19.945Z [EVENT world:unitAdded] #2 (markBedsDirty) took 0.0ms
2026-10-01T18:06:19.946Z [EVENT world:unitAdded] #3 (anon_3) took 0.6ms
2026-10-01T18:06:19.946Z [EVENT world:unitAdded] #4 (anon_4) took 0.0ms
2026-10-01T18:06:19.946Z [EVENT world:unitAdded] #5 (anon_5) took 0.0ms
2026-10-01T18:06:19.947Z [EVENT world:unitAdded] #0 (anon_0) took 0.0ms
2026-10-01T18:06:19.947Z [EVENT world:unitAdded] #1 (clearUnitCaches) took 0.0ms
2026-10-01T18:06:19.947Z [EVENT world:unitAdded] #2 (markBedsDirty) took 0.0ms
2026-10-01T18:06:19.948Z [EVENT world:unitAdded] #3 (anon_3) took 0.5ms
2026-10-01T18:06:19.948Z [EVENT world:unitAdded] #4 (anon_4) took 0.0ms
2026-10-01T18:06:19.948Z [EVENT world:unitAdded] #5 (anon_5) took 0.0ms
2026-10-01T18:06:19.948Z [EVENT world:unitAdded] #0 (anon_0) took 0.0ms
2026-10-01T18:06:19.949Z [EVENT world:unitAdded] #1 (clearUnitCaches) took 0.0ms
2026-10-01T18:06:19.949Z [EVENT world:unitAdded] #2 (markBedsDirty) took 0.0ms
2026-10-01T18:06:19.950Z [EVENT world:unitAdded] #3 (anon_3) took 0.6ms
2026-10-01T18:06:19.950Z [EVENT world:unitAdded] #4 (anon_4) took 0.0ms
2026-10-01T18:06:19.950Z [EVENT world:unitAdded] #5 (anon_5) took 0.0ms
2026-10-01T18:06:19.950Z [EVENT world:unitAdded] #0 (anon_0) took 0.0ms
2026-10-01T18:06:19.950Z [EVENT world:unitAdded] #1 (clearUnitCaches) took 0.0ms
2026-10-01T18:06:19.951Z [EVENT world:unitAdded] #2 (markBedsDirty) took 0.0ms
2026-10-01T18:06:19.952Z [EVENT world:unitAdded] #3 (anon_3) took 0.9ms
2026-10-01T18:06:19.952Z [EVENT world:unitAdded] #4 (anon_4) took 0.0ms
2026-10-01T18:06:19.952Z [EVENT world:unitAdded] #5 (anon_5) took 0.0ms
2026-10-01T18:06:19.953Z [EVENT world:unitAdded] #0 (anon_0) took 0.0ms
2026-10-01T18:06:19.953Z [EVENT world:unitAdded] #1 (clearUnitCaches) took 0.0ms
2026-10-01T18:06:19.953Z [EVENT world:unitAdded] #2 (markBedsDirty) took 0.0ms
2026-10-01T18:06:19.954Z [EVENT world:unitAdded] #3 (anon_3) took 0.6ms
2026-10-01T18:06:19.954Z [EVENT world:unitAdded] #4 (anon_4) took 0.0ms
2026-10-01T18:06:19.955Z [EVENT world:unitAdded] #5 (anon_5) took 0.0ms
2026-10-01T18:06:19.955Z [EVENT world:unitAdded] #0 (anon_0) took 0.0ms
2026-10-01T18:06:19.955Z [EVENT world:unitAdded] #1 (clearUnitCaches) took 0.0ms
2026-10-01T18:06:19.955Z [EVENT world:unitAdded] #2 (markBedsDirty) took 0.0ms
2026-10-01T18:06:19.956Z [EVENT world:unitAdded] #3 (anon_3) took 0.6ms
2026-10-01T18:06:19.957Z [EVENT world:unitAdded] #4 (anon_4) took 0.0ms
2026-10-01T18:06:19.957Z [EVENT world:unitAdded] #5 (anon_5) took 0.0ms
2026-10-01T18:06:19.957Z [EVENT world:unitAdded] #0 (anon_0) took 0.0ms
2026-10-01T18:06:19.957Z [EVENT world:unitAdded] #1 (clearUnitCaches) took 0.0ms
2026-10-01T18:06:19.957Z [EVENT world:unitAdded] #2 (markBedsDirty) took 0.0ms
2026-10-01T18:06:19.958Z [EVENT world:unitAdded] #3 (anon_3) took 0.5ms
2026-10-01T18:06:19.958Z [EVENT world:unitAdded] #4 (anon_4) took 0.0ms
2026-10-01T18:06:19.958Z [EVENT world:unitAdded] #5 (anon_5) took 0.0ms
2026-10-01T18:06:19.959Z [EVENT world:unitAdded] #0 (anon_0) took 0.0ms
2026-10-01T18:06:19.959Z [EVENT world:unitAdded] #1 (clearUnitCaches) took 0.0ms
2026-10-01T18:06:19.959Z [EVENT world:unitAdded] #2 (markBedsDirty) took 0.0ms
2026-10-01T18:06:19.960Z [EVENT world:unitAdded] #3 (anon_3) took 0.5ms
2026-10-01T18:06:19.960Z [EVENT world:unitAdded] #4 (anon_4) took 0.0ms
2026-10-01T18:06:19.960Z [EVENT world:unitAdded] #5 (anon_5) took 0.0ms
2026-10-01T18:06:19.961Z [EVENT world:unitAdded] #0 (anon_0) took 0.0ms
2026-10-01T18:06:19.961Z [EVENT world:unitAdded] #1 (clearUnitCaches) took 0.0ms
2026-10-01T18:06:19.961Z [EVENT world:unitAdded] #2 (markBedsDirty) took 0.0ms
2026-10-01T18:06:19.962Z [EVENT world:unitAdded] #3 (anon_3) took 0.8ms
2026-10-01T18:06:19.962Z [EVENT world:unitAdded] #4 (anon_4) took 0.0ms
2026-10-01T18:06:19.962Z [EVENT world:unitAdded] #5 (anon_5) took 0.0ms
2026-10-01T18:06:19.963Z [EVENT world:unitAdded] #0 (anon_0) took 0.0ms
2026-10-01T18:06:19.963Z [EVENT world:unitAdded] #1 (clearUnitCaches) took 0.0ms
2026-10-01T18:06:19.963Z [EVENT world:unitAdded] #2 (markBedsDirty) took 0.0ms
2026-10-01T18:06:19.964Z [EVENT world:unitAdded] #3 (anon_3) took 0.5ms
2026-10-01T18:06:19.964Z [EVENT world:unitAdded] #4 (anon_4) took 0.0ms
2026-10-01T18:06:19.964Z [EVENT world:unitAdded] #5 (anon_5) took 0.0ms
2026-10-01T18:06:19.964Z [EVENT world:unitAdded] #0 (anon_0) took 0.0ms
2026-10-01T18:06:19.965Z [EVENT world:unitAdded] #1 (clearUnitCaches) took 0.0ms
2026-10-01T18:06:19.965Z [EVENT world:unitAdded] #2 (markBedsDirty) took 0.0ms
2026-10-01T18:06:19.965Z [EVENT world:unitAdded] #3 (anon_3) took 0.6ms
2026-10-01T18:06:19.966Z [EVENT world:unitAdded] #4 (anon_4) took 0.0ms
2026-10-01T18:06:19.966Z [EVENT world:unitAdded] #5 (anon_5) took 0.0ms
2026-10-01T18:06:19.966Z [EVENT world:unitAdded] #0 (anon_0) took 0.0ms
2026-10-01T18:06:19.966Z [EVENT world:unitAdded] #1 (clearUnitCaches) took 0.0ms
2026-10-01T18:06:19.966Z [EVENT world:unitAdded] #2 (markBedsDirty) took 0.0ms
2026-10-01T18:06:19.967Z [EVENT world:unitAdded] #3 (anon_3) took 0.7ms
2026-10-01T18:06:19.968Z [EVENT world:unitAdded] #4 (anon_4) took 0.0ms
2026-10-01T18:06:19.968Z [EVENT world:unitAdded] #5 (anon_5) took 0.0ms
2026-10-01T18:06:19.968Z [EVENT world:unitAdded] #0 (anon_0) took 0.0ms
2026-10-01T18:06:19.969Z [EVENT world:unitAdded] #1 (clearUnitCaches) took 0.0ms
2026-10-01T18:06:19.969Z [EVENT world:unitAdded] #2 (markBedsDirty) took 0.0ms
2026-10-01T18:06:19.970Z [EVENT world:unitAdded] #3 (anon_3) took 0.7ms
2026-10-01T18:06:19.970Z [EVENT world:unitAdded] #4 (anon_4) took 0.0ms
2026-10-01T18:06:19.970Z [EVENT world:unitAdded] #5 (anon_5) took 0.0ms
2026-10-01T18:06:19.971Z [EVENT world:unitAdded] #0 (anon_0) took 0.0ms
2026-10-01T18:06:19.971Z [EVENT world:unitAdded] #1 (clearUnitCaches) took 0.0ms
2026-10-01T18:06:19.971Z [EVENT world:unitAdded] #2 (markBedsDirty) took 0.0ms
2026-10-01T18:06:19.972Z [EVENT world:unitAdded] #3 (anon_3) took 0.6ms
2026-10-01T18:06:19.972Z [EVENT world:unitAdded] #4 (anon_4) took 0.0ms
2026-10-01T18:06:19.972Z [EVENT world:unitAdded] #5 (anon_5) took 0.0ms
2026-10-01T18:06:19.972Z [EVENT world:unitAdded] #0 (anon_0) took 0.0ms
2026-10-01T18:06:19.973Z [EVENT world:unitAdded] #1 (clearUnitCaches) took 0.0ms
2026-10-01T18:06:19.973Z [EVENT world:unitAdded] #2 (markBedsDirty) took 0.0ms
2026-10-01T18:06:19.974Z [EVENT world:unitAdded] #3 (anon_3) took 0.9ms
2026-10-01T18:06:19.974Z [EVENT world:unitAdded] #4 (anon_4) took 0.0ms
2026-10-01T18:06:19.974Z [EVENT world:unitAdded] #5 (anon_5) took 0.0ms
2026-10-01T18:06:19.975Z [EVENT world:unitAdded] #0 (anon_0) took 0.0ms
2026-10-01T18:06:19.975Z [EVENT world:unitAdded] #1 (clearUnitCaches) took 0.0ms
2026-10-01T18:06:19.975Z [EVENT world:unitAdded] #2 (markBedsDirty) took 0.0ms
2026-10-01T18:06:19.976Z [EVENT world:unitAdded] #3 (anon_3) took 0.5ms
2026-10-01T18:06:19.976Z [EVENT world:unitAdded] #4 (anon_4) took 0.0ms
2026-10-01T18:06:19.976Z [EVENT world:unitAdded] #5 (anon_5) took 0.0ms
2026-10-01T18:06:19.976Z [EVENT world:unitAdded] #0 (anon_0) took 0.0ms
2026-10-01T18:06:19.976Z [EVENT world:unitAdded] #1 (clearUnitCaches) took 0.0ms
2026-10-01T18:06:19.977Z [EVENT world:unitAdded] #2 (markBedsDirty) took 0.0ms
2026-10-01T18:06:19.978Z [EVENT world:unitAdded] #3 (anon_3) took 0.8ms
2026-10-01T18:06:19.978Z [EVENT world:unitAdded] #4 (anon_4) took 0.0ms
2026-10-01T18:06:19.978Z [EVENT world:unitAdded] #5 (anon_5) took 0.0ms
2026-10-01T18:06:19.979Z [EVENT world:unitAdded] #0 (anon_0) took 0.0ms
2026-10-01T18:06:19.979Z [EVENT world:unitAdded] #1 (clearUnitCaches) took 0.0ms
2026-10-01T18:06:19.979Z [EVENT world:unitAdded] #2 (markBedsDirty) took 0.0ms
2026-10-01T18:06:19.980Z [EVENT world:unitAdded] #3 (anon_3) took 0.6ms
2026-10-01T18:06:19.980Z [EVENT world:unitAdded] #4 (anon_4) took 0.0ms
2026-10-01T18:06:19.980Z [EVENT world:unitAdded] #5 (anon_5) took 0.0ms
2026-10-01T18:06:19.981Z [EVENT world:unitAdded] #0 (anon_0) took 0.0ms
2026-10-01T18:06:19.981Z [EVENT world:unitAdded] #1 (clearUnitCaches) took 0.0ms
2026-10-01T18:06:19.981Z [EVENT world:unitAdded] #2 (markBedsDirty) took 0.0ms
2026-10-01T18:06:19.982Z [EVENT world:unitAdded] #3 (anon_3) took 0.5ms
2026-10-01T18:06:19.982Z [EVENT world:unitAdded] #4 (anon_4) took 0.0ms
2026-10-01T18:06:19.982Z [EVENT world:unitAdded] #5 (anon_5) took 0.0ms
2026-10-01T18:06:19.982Z [EVENT world:unitAdded] #0 (anon_0) took 0.0ms
2026-10-01T18:06:19.983Z [EVENT world:unitAdded] #1 (clearUnitCaches) took 0.0ms
2026-10-01T18:06:19.983Z [EVENT world:unitAdded] #2 (markBedsDirty) took 0.0ms
2026-10-01T18:06:19.984Z [EVENT world:unitAdded] #3 (anon_3) took 0.9ms
2026-10-01T18:06:19.984Z [EVENT world:unitAdded] #4 (anon_4) took 0.0ms
2026-10-01T18:06:19.984Z [EVENT world:unitAdded] #5 (anon_5) took 0.0ms
2026-10-01T18:06:19.985Z [EVENT world:unitAdded] #0 (anon_0) took 0.0ms
2026-10-01T18:06:19.985Z [EVENT world:unitAdded] #1 (clearUnitCaches) took 0.0ms
2026-10-01T18:06:19.985Z [EVENT world:unitAdded] #2 (markBedsDirty) took 0.0ms
2026-10-01T18:06:19.986Z [EVENT world:unitAdded] #3 (anon_3) took 0.5ms
2026-10-01T18:06:19.986Z [EVENT world:unitAdded] #4 (anon_4) took 0.0ms
2026-10-01T18:06:19.986Z [EVENT world:unitAdded] #5 (anon_5) took 0.0ms
2026-10-01T18:06:19.986Z [EVENT world:unitAdded] #0 (anon_0) took 0.0ms
2026-10-01T18:06:19.987Z [EVENT world:unitAdded] #1 (clearUnitCaches) took 0.0ms
2026-10-01T18:06:19.987Z [EVENT world:unitAdded] #2 (markBedsDirty) took 0.0ms
2026-10-01T18:06:19.987Z [EVENT world:unitAdded] #3 (anon_3) took 0.5ms
2026-10-01T18:06:19.988Z [EVENT world:unitAdded] #4 (anon_4) took 0.0ms
2026-10-01T18:06:19.988Z [EVENT world:unitAdded] #5 (anon_5) took 0.0ms
2026-10-01T18:06:19.988Z [EVENT world:unitAdded] #0 (anon_0) took 0.0ms
2026-10-01T18:06:19.988Z [EVENT world:unitAdded] #1 (clearUnitCaches) took 0.0ms
2026-10-01T18:06:19.988Z [EVENT world:unitAdded] #2 (markBedsDirty) took 0.0ms
2026-10-01T18:06:19.989Z [EVENT world:unitAdded] #3 (anon_3) took 0.5ms
2026-10-01T18:06:19.989Z [EVENT world:unitAdded] #4 (anon_4) took 0.0ms
2026-10-01T18:06:19.989Z [EVENT world:unitAdded] #5 (anon_5) took 0.0ms
2026-10-01T18:06:19.990Z [EVENT world:unitAdded] #0 (anon_0) took 0.0ms
2026-10-01T18:06:19.990Z [EVENT world:unitAdded] #1 (clearUnitCaches) took 0.0ms
2026-10-01T18:06:19.990Z [EVENT world:unitAdded] #2 (markBedsDirty) took 0.0ms
2026-10-01T18:06:19.991Z [EVENT world:unitAdded] #3 (anon_3) took 0.5ms
2026-10-01T18:06:19.991Z [EVENT world:unitAdded] #4 (anon_4) took 0.1ms
2026-10-01T18:06:19.991Z [EVENT world:unitAdded] #5 (anon_5) took 0.1ms
2026-10-01T18:06:19.991Z [EVENT world:unitAdded] #0 (anon_0) took 0.0ms
2026-10-01T18:06:19.992Z [EVENT world:unitAdded] #1 (clearUnitCaches) took 0.0ms
2026-10-01T18:06:19.992Z [EVENT world:unitAdded] #2 (markBedsDirty) took 0.0ms
2026-10-01T18:06:19.993Z [EVENT world:unitAdded] #3 (anon_3) took 0.6ms
2026-10-01T18:06:19.993Z [EVENT world:unitAdded] #4 (anon_4) took 0.0ms
2026-10-01T18:06:19.993Z [EVENT world:unitAdded] #5 (anon_5) took 0.0ms
2026-10-01T18:06:19.993Z [EVENT world:unitAdded] #0 (anon_0) took 0.0ms
2026-10-01T18:06:19.994Z [EVENT world:unitAdded] #1 (clearUnitCaches) took 0.0ms
2026-10-01T18:06:19.994Z [EVENT world:unitAdded] #2 (markBedsDirty) took 0.0ms
2026-10-01T18:06:19.995Z [EVENT world:unitAdded] #3 (anon_3) took 0.8ms
2026-10-01T18:06:19.995Z [EVENT world:unitAdded] #4 (anon_4) took 0.0ms
2026-10-01T18:06:19.995Z [EVENT world:unitAdded] #5 (anon_5) took 0.0ms
2026-10-01T18:06:19.996Z [EVENT world:unitAdded] #0 (anon_0) took 0.0ms
2026-10-01T18:06:19.996Z [EVENT world:unitAdded] #1 (clearUnitCaches) took 0.0ms
2026-10-01T18:06:19.996Z [EVENT world:unitAdded] #2 (markBedsDirty) took 0.0ms
2026-10-01T18:06:19.997Z [EVENT world:unitAdded] #3 (anon_3) took 0.5ms
2026-10-01T18:06:19.997Z [EVENT world:unitAdded] #4 (anon_4) took 0.0ms
2026-10-01T18:06:19.997Z [EVENT world:unitAdded] #5 (anon_5) took 0.0ms
2026-10-01T18:06:19.998Z [EVENT world:unitAdded] #0 (anon_0) took 0.0ms
2026-10-01T18:06:19.998Z [EVENT world:unitAdded] #1 (clearUnitCaches) took 0.0ms
2026-10-01T18:06:19.998Z [EVENT world:unitAdded] #2 (markBedsDirty) took 0.0ms
2026-10-01T18:06:19.999Z [EVENT world:unitAdded] #3 (anon_3) took 0.5ms
2026-10-01T18:06:19.999Z [EVENT world:unitAdded] #4 (anon_4) took 0.0ms
2026-10-01T18:06:19.999Z [EVENT world:unitAdded] #5 (anon_5) took 0.0ms
2026-10-01T18:06:20.000Z [EVENT world:unitAdded] #0 (anon_0) took 0.0ms
2026-10-01T18:06:20.000Z [EVENT world:unitAdded] #1 (clearUnitCaches) took 0.0ms
2026-10-01T18:06:20.000Z [EVENT world:unitAdded] #2 (markBedsDirty) took 0.0ms
2026-10-01T18:06:20.001Z [EVENT world:unitAdded] #3 (anon_3) took 0.6ms
2026-10-01T18:06:20.001Z [EVENT world:unitAdded] #4 (anon_4) took 0.0ms
2026-10-01T18:06:20.001Z [EVENT world:unitAdded] #5 (anon_5) took 0.0ms
2026-10-01T18:06:20.001Z [EVENT world:unitAdded] #0 (anon_0) took 0.0ms
2026-10-01T18:06:20.002Z [EVENT world:unitAdded] #1 (clearUnitCaches) took 0.0ms
2026-10-01T18:06:20.002Z [EVENT world:unitAdded] #2 (markBedsDirty) took 0.0ms
2026-10-01T18:06:20.002Z [EVENT world:unitAdded] #3 (anon_3) took 0.6ms
2026-10-01T18:06:20.003Z [EVENT world:unitAdded] #4 (anon_4) took 0.0ms
2026-10-01T18:06:20.003Z [EVENT world:unitAdded] #5 (anon_5) took 0.0ms
2026-10-01T18:06:20.003Z [EVENT world:unitAdded] #0 (anon_0) took 0.0ms
2026-10-01T18:06:20.003Z [EVENT world:unitAdded] #1 (clearUnitCaches) took 0.0ms
2026-10-01T18:06:20.004Z [EVENT world:unitAdded] #2 (markBedsDirty) took 0.0ms
2026-10-01T18:06:20.004Z [EVENT world:unitAdded] #3 (anon_3) took 0.8ms
2026-10-01T18:06:20.005Z [EVENT world:unitAdded] #4 (anon_4) took 0.0ms
2026-10-01T18:06:20.005Z [EVENT world:unitAdded] #5 (anon_5) took 0.0ms
2026-10-01T18:06:20.005Z [EVENT world:unitAdded] #0 (anon_0) took 0.0ms
2026-10-01T18:06:20.005Z [EVENT world:unitAdded] #1 (clearUnitCaches) took 0.0ms
2026-10-01T18:06:20.006Z [EVENT world:unitAdded] #2 (markBedsDirty) took 0.0ms
2026-10-01T18:06:20.006Z [EVENT world:unitAdded] #3 (anon_3) took 0.5ms
2026-10-01T18:06:20.006Z [EVENT world:unitAdded] #4 (anon_4) took 0.0ms
2026-10-01T18:06:20.007Z [EVENT world:unitAdded] #5 (anon_5) took 0.0ms
2026-10-01T18:06:20.007Z [EVENT world:unitAdded] #0 (anon_0) took 0.0ms
2026-10-01T18:06:20.007Z [EVENT world:unitAdded] #1 (clearUnitCaches) took 0.0ms
2026-10-01T18:06:20.008Z [EVENT world:unitAdded] #2 (markBedsDirty) took 0.0ms
2026-10-01T18:06:20.008Z [EVENT world:unitAdded] #3 (anon_3) took 0.7ms
2026-10-01T18:06:20.009Z [EVENT world:unitAdded] #4 (anon_4) took 0.0ms
2026-10-01T18:06:20.009Z [EVENT world:unitAdded] #5 (anon_5) took 0.0ms
2026-10-01T18:06:20.009Z [EVENT world:unitAdded] #0 (anon_0) took 0.0ms
2026-10-01T18:06:20.010Z [EVENT world:unitAdded] #1 (clearUnitCaches) took 0.0ms
2026-10-01T18:06:20.010Z [EVENT world:unitAdded] #2 (markBedsDirty) took 0.0ms
2026-10-01T18:06:20.011Z [EVENT world:unitAdded] #3 (anon_3) took 0.7ms
2026-10-01T18:06:20.011Z [EVENT world:unitAdded] #4 (anon_4) took 0.0ms
2026-10-01T18:06:20.011Z [EVENT world:unitAdded] #5 (anon_5) took 0.0ms
2026-10-01T18:06:20.012Z [EVENT world:unitAdded] #0 (anon_0) took 0.0ms
2026-10-01T18:06:20.012Z [EVENT world:unitAdded] #1 (clearUnitCaches) took 0.0ms
2026-10-01T18:06:20.012Z [EVENT world:unitAdded] #2 (markBedsDirty) took 0.0ms
2026-10-01T18:06:20.013Z [EVENT world:unitAdded] #3 (anon_3) took 0.6ms
2026-10-01T18:06:20.013Z [EVENT world:unitAdded] #4 (anon_4) took 0.0ms
2026-10-01T18:06:20.013Z [EVENT world:unitAdded] #5 (anon_5) took 0.0ms
2026-10-01T18:06:20.014Z [EVENT world:unitAdded] #0 (anon_0) took 0.0ms
2026-10-01T18:06:20.014Z [EVENT world:unitAdded] #1 (clearUnitCaches) took 0.0ms
2026-10-01T18:06:20.014Z [EVENT world:unitAdded] #2 (markBedsDirty) took 0.0ms
2026-10-01T18:06:20.015Z [EVENT world:unitAdded] #3 (anon_3) took 0.5ms
2026-10-01T18:06:20.015Z [EVENT world:unitAdded] #4 (anon_4) took 0.0ms
2026-10-01T18:06:20.015Z [EVENT world:unitAdded] #5 (anon_5) took 0.0ms
2026-10-01T18:06:20.015Z [EVENT world:unitAdded] #0 (anon_0) took 0.0ms
2026-10-01T18:06:20.016Z [EVENT world:unitAdded] #1 (clearUnitCaches) took 0.0ms
2026-10-01T18:06:20.016Z [EVENT world:unitAdded] #2 (markBedsDirty) took 0.0ms
2026-10-01T18:06:20.017Z [EVENT world:unitAdded] #3 (anon_3) took 0.8ms
2026-10-01T18:06:20.017Z [EVENT world:unitAdded] #4 (anon_4) took 0.0ms
2026-10-01T18:06:20.017Z [EVENT world:unitAdded] #5 (anon_5) took 0.0ms
2026-10-01T18:06:20.017Z [EVENT world:unitAdded] #0 (anon_0) took 0.0ms
2026-10-01T18:06:20.017Z [EVENT world:unitAdded] #1 (clearUnitCaches) took 0.0ms
2026-10-01T18:06:20.018Z [EVENT world:unitAdded] #2 (markBedsDirty) took 0.0ms
2026-10-01T18:06:20.018Z [EVENT world:unitAdded] #3 (anon_3) took 0.6ms
2026-10-01T18:06:20.019Z [EVENT world:unitAdded] #4 (anon_4) took 0.0ms
2026-10-01T18:06:20.019Z [EVENT world:unitAdded] #5 (anon_5) took 0.0ms
2026-10-01T18:06:20.019Z [EVENT world:unitAdded] #0 (anon_0) took 0.0ms
2026-10-01T18:06:20.019Z [EVENT world:unitAdded] #1 (clearUnitCaches) took 0.0ms
2026-10-01T18:06:20.019Z [EVENT world:unitAdded] #2 (markBedsDirty) took 0.0ms
2026-10-01T18:06:20.020Z [EVENT world:unitAdded] #3 (anon_3) took 0.5ms
2026-10-01T18:06:20.020Z [EVENT world:unitAdded] #4 (anon_4) took 0.0ms
2026-10-01T18:06:20.020Z [EVENT world:unitAdded] #5 (anon_5) took 0.0ms
2026-10-01T18:06:20.021Z [EVENT world:unitAdded] #0 (anon_0) took 0.0ms
2026-10-01T18:06:20.021Z [EVENT world:unitAdded] #1 (clearUnitCaches) took 0.0ms
2026-10-01T18:06:20.021Z [EVENT world:unitAdded] #2 (markBedsDirty) took 0.0ms
2026-10-01T18:06:20.022Z [EVENT world:unitAdded] #3 (anon_3) took 0.7ms
2026-10-01T18:06:20.022Z [EVENT world:unitAdded] #4 (anon_4) took 0.0ms
2026-10-01T18:06:20.022Z [EVENT world:unitAdded] #5 (anon_5) took 0.0ms
2026-10-01T18:06:20.023Z [EVENT world:unitAdded] #0 (anon_0) took 0.0ms
2026-10-01T18:06:20.024Z [EVENT world:unitAdded] #1 (clearUnitCaches) took 0.0ms
2026-10-01T18:06:20.024Z [EVENT world:unitAdded] #2 (markBedsDirty) took 0.0ms
2026-10-01T18:06:20.024Z [EVENT world:unitAdded] #3 (anon_3) took 0.6ms
2026-10-01T18:06:20.025Z [EVENT world:unitAdded] #4 (anon_4) took 0.0ms
2026-10-01T18:06:20.025Z [EVENT world:unitAdded] #5 (anon_5) took 0.0ms
2026-10-01T18:06:20.025Z [EVENT world:unitAdded] #0 (anon_0) took 0.0ms
2026-10-01T18:06:20.025Z [EVENT world:unitAdded] #1 (clearUnitCaches) took 0.0ms
2026-10-01T18:06:20.025Z [EVENT world:unitAdded] #2 (markBedsDirty) took 0.0ms
2026-10-01T18:06:20.026Z [EVENT world:unitAdded] #3 (anon_3) took 0.8ms
2026-10-01T18:06:20.027Z [EVENT world:unitAdded] #4 (anon_4) took 0.0ms
2026-10-01T18:06:20.027Z [EVENT world:unitAdded] #5 (anon_5) took 0.0ms
2026-10-01T18:06:20.027Z [EVENT world:unitAdded] #0 (anon_0) took 0.0ms
2026-10-01T18:06:20.027Z [EVENT world:unitAdded] #1 (clearUnitCaches) took 0.0ms
2026-10-01T18:06:20.027Z [EVENT world:unitAdded] #2 (markBedsDirty) took 0.0ms
2026-10-01T18:06:20.028Z [EVENT world:unitAdded] #3 (anon_3) took 0.5ms
2026-10-01T18:06:20.028Z [EVENT world:unitAdded] #4 (anon_4) took 0.0ms
2026-10-01T18:06:20.028Z [EVENT world:unitAdded] #5 (anon_5) took 0.0ms
2026-10-01T18:06:20.029Z [EVENT world:unitAdded] #0 (anon_0) took 0.0ms
2026-10-01T18:06:20.029Z [EVENT world:unitAdded] #1 (clearUnitCaches) took 0.0ms
2026-10-01T18:06:20.029Z [EVENT world:unitAdded] #2 (markBedsDirty) took 0.0ms
2026-10-01T18:06:20.030Z [EVENT world:unitAdded] #3 (anon_3) took 0.5ms
2026-10-01T18:06:20.030Z [EVENT world:unitAdded] #4 (anon_4) took 0.0ms
2026-10-01T18:06:20.030Z [EVENT world:unitAdded] #5 (anon_5) took 0.0ms
2026-10-01T18:06:20.030Z [EVENT world:unitAdded] #0 (anon_0) took 0.0ms
2026-10-01T18:06:20.031Z [EVENT world:unitAdded] #1 (clearUnitCaches) took 0.0ms
2026-10-01T18:06:20.031Z [EVENT world:unitAdded] #2 (markBedsDirty) took 0.0ms
2026-10-01T18:06:20.032Z [EVENT world:unitAdded] #3 (anon_3) took 0.7ms
2026-10-01T18:06:20.032Z [EVENT world:unitAdded] #4 (anon_4) took 0.0ms
2026-10-01T18:06:20.032Z [EVENT world:unitAdded] #5 (anon_5) took 0.0ms
2026-10-01T18:06:20.033Z [EVENT world:unitAdded] #0 (anon_0) took 0.0ms
2026-10-01T18:06:20.033Z [EVENT world:unitAdded] #1 (clearUnitCaches) took 0.0ms
2026-10-01T18:06:20.033Z [EVENT world:unitAdded] #2 (markBedsDirty) took 0.0ms
2026-10-01T18:06:20.034Z [EVENT world:unitAdded] #3 (anon_3) took 0.6ms
2026-10-01T18:06:20.034Z [EVENT world:unitAdded] #4 (anon_4) took 0.0ms
2026-10-01T18:06:20.034Z [EVENT world:unitAdded] #5 (anon_5) took 0.0ms
2026-10-01T18:06:20.035Z [EVENT world:unitAdded] #0 (anon_0) took 0.0ms
2026-10-01T18:06:20.035Z [EVENT world:unitAdded] #1 (clearUnitCaches) took 0.0ms
2026-10-01T18:06:20.035Z [EVENT world:unitAdded] #2 (markBedsDirty) took 0.0ms
2026-10-01T18:06:20.036Z [EVENT world:unitAdded] #3 (anon_3) took 0.8ms
2026-10-01T18:06:20.036Z [EVENT world:unitAdded] #4 (anon_4) took 0.0ms
2026-10-01T18:06:20.036Z [EVENT world:unitAdded] #5 (anon_5) took 0.0ms
2026-10-01T18:06:20.036Z [EVENT world:unitAdded] #0 (anon_0) took 0.0ms
2026-10-01T18:06:20.037Z [EVENT world:unitAdded] #1 (clearUnitCaches) took 0.0ms
2026-10-01T18:06:20.037Z [EVENT world:unitAdded] #2 (markBedsDirty) took 0.0ms
2026-10-01T18:06:20.038Z [EVENT world:unitAdded] #3 (anon_3) took 0.5ms
2026-10-01T18:06:20.038Z [EVENT world:unitAdded] #4 (anon_4) took 0.0ms
2026-10-01T18:06:20.038Z [EVENT world:unitAdded] #5 (anon_5) took 0.0ms
2026-10-01T18:06:20.038Z [EVENT world:unitAdded] #0 (anon_0) took 0.0ms
2026-10-01T18:06:20.038Z [EVENT world:unitAdded] #1 (clearUnitCaches) took 0.0ms
2026-10-01T18:06:20.039Z [EVENT world:unitAdded] #2 (markBedsDirty) took 0.0ms
2026-10-01T18:06:20.039Z [EVENT world:unitAdded] #3 (anon_3) took 0.6ms
2026-10-01T18:06:20.040Z [EVENT world:unitAdded] #4 (anon_4) took 0.0ms
2026-10-01T18:06:20.040Z [EVENT world:unitAdded] #5 (anon_5) took 0.0ms
2026-10-01T18:06:20.040Z [EVENT world:unitAdded] #0 (anon_0) took 0.0ms
2026-10-01T18:06:20.040Z [EVENT world:unitAdded] #1 (clearUnitCaches) took 0.0ms
2026-10-01T18:06:20.040Z [EVENT world:unitAdded] #2 (markBedsDirty) took 0.0ms
2026-10-01T18:06:20.041Z [EVENT world:unitAdded] #3 (anon_3) took 0.5ms
2026-10-01T18:06:20.041Z [EVENT world:unitAdded] #4 (anon_4) took 0.0ms
2026-10-01T18:06:20.041Z [EVENT world:unitAdded] #5 (anon_5) took 0.0ms
2026-10-01T18:06:20.042Z [EVENT world:unitAdded] #0 (anon_0) took 0.0ms
2026-10-01T18:06:20.042Z [EVENT world:unitAdded] #1 (clearUnitCaches) took 0.0ms
2026-10-01T18:06:20.042Z [EVENT world:unitAdded] #2 (markBedsDirty) took 0.0ms
2026-10-01T18:06:20.043Z [EVENT world:unitAdded] #3 (anon_3) took 0.6ms
2026-10-01T18:06:20.043Z [EVENT world:unitAdded] #4 (anon_4) took 0.0ms
2026-10-01T18:06:20.043Z [EVENT world:unitAdded] #5 (anon_5) took 0.0ms
2026-10-01T18:06:20.044Z [EVENT world:unitAdded] #0 (anon_0) took 0.0ms
2026-10-01T18:06:20.044Z [EVENT world:unitAdded] #1 (clearUnitCaches) took 0.0ms
2026-10-01T18:06:20.044Z [EVENT world:unitAdded] #2 (markBedsDirty) took 0.0ms
2026-10-01T18:06:20.045Z [EVENT world:unitAdded] #3 (anon_3) took 0.6ms
2026-10-01T18:06:20.045Z [EVENT world:unitAdded] #4 (anon_4) took 0.0ms
2026-10-01T18:06:20.045Z [EVENT world:unitAdded] #5 (anon_5) took 0.0ms
2026-10-01T18:06:20.046Z [EVENT world:unitAdded] #0 (anon_0) took 0.0ms
2026-10-01T18:06:20.046Z [EVENT world:unitAdded] #1 (clearUnitCaches) took 0.0ms
2026-10-01T18:06:20.046Z [EVENT world:unitAdded] #2 (markBedsDirty) took 0.0ms
2026-10-01T18:06:20.047Z [EVENT world:unitAdded] #3 (anon_3) took 0.8ms
2026-10-01T18:06:20.047Z [EVENT world:unitAdded] #4 (anon_4) took 0.0ms
2026-10-01T18:06:20.047Z [EVENT world:unitAdded] #5 (anon_5) took 0.0ms
2026-10-01T18:06:20.048Z [EVENT world:unitAdded] #0 (anon_0) took 0.0ms
2026-10-01T18:06:20.048Z [EVENT world:unitAdded] #1 (clearUnitCaches) took 0.0ms
2026-10-01T18:06:20.048Z [EVENT world:unitAdded] #2 (markBedsDirty) took 0.0ms
2026-10-01T18:06:20.049Z [EVENT world:unitAdded] #3 (anon_3) took 0.5ms
2026-10-01T18:06:20.049Z [EVENT world:unitAdded] #4 (anon_4) took 0.0ms
2026-10-01T18:06:20.049Z [EVENT world:unitAdded] #5 (anon_5) took 0.0ms
2026-10-01T18:06:20.049Z [EVENT world:unitAdded] #0 (anon_0) took 0.0ms
2026-10-01T18:06:20.049Z [EVENT world:unitAdded] #1 (clearUnitCaches) took 0.0ms
2026-10-01T18:06:20.050Z [EVENT world:unitAdded] #2 (markBedsDirty) took 0.0ms
2026-10-01T18:06:20.050Z [EVENT world:unitAdded] #3 (anon_3) took 0.5ms
2026-10-01T18:06:20.050Z [EVENT world:unitAdded] #4 (anon_4) took 0.0ms
2026-10-01T18:06:20.051Z [EVENT world:unitAdded] #5 (anon_5) took 0.0ms
2026-10-01T18:06:20.051Z [EVENT world:unitAdded] #0 (anon_0) took 0.0ms
2026-10-01T18:06:20.051Z [EVENT world:unitAdded] #1 (clearUnitCaches) took 0.0ms
2026-10-01T18:06:20.051Z [EVENT world:unitAdded] #2 (markBedsDirty) took 0.0ms
2026-10-01T18:06:20.052Z [EVENT world:unitAdded] #3 (anon_3) took 0.5ms
2026-10-01T18:06:20.052Z [EVENT world:unitAdded] #4 (anon_4) took 0.0ms
2026-10-01T18:06:20.052Z [EVENT world:unitAdded] #5 (anon_5) took 0.0ms
2026-10-01T18:06:20.052Z [EVENT world:unitAdded] #0 (anon_0) took 0.0ms
2026-10-01T18:06:20.053Z [EVENT world:unitAdded] #1 (clearUnitCaches) took 0.0ms
2026-10-01T18:06:20.053Z [EVENT world:unitAdded] #2 (markBedsDirty) took 0.0ms
2026-10-01T18:06:20.054Z [EVENT world:unitAdded] #3 (anon_3) took 0.9ms
2026-10-01T18:06:20.054Z [EVENT world:unitAdded] #4 (anon_4) took 0.0ms
2026-10-01T18:06:20.055Z [EVENT world:unitAdded] #5 (anon_5) took 0.0ms
2026-10-01T18:06:20.055Z [EVENT world:unitAdded] #0 (anon_0) took 0.0ms
2026-10-01T18:06:20.055Z [EVENT world:unitAdded] #1 (clearUnitCaches) took 0.0ms
2026-10-01T18:06:20.055Z [EVENT world:unitAdded] #2 (markBedsDirty) took 0.0ms
2026-10-01T18:06:20.056Z [EVENT world:unitAdded] #3 (anon_3) took 0.9ms
2026-10-01T18:06:20.057Z [EVENT world:unitAdded] #4 (anon_4) took 0.0ms
2026-10-01T18:06:20.057Z [EVENT world:unitAdded] #5 (anon_5) took 0.0ms
2026-10-01T18:06:20.057Z [EVENT world:unitAdded] #0 (anon_0) took 0.0ms
2026-10-01T18:06:20.057Z [EVENT world:unitAdded] #1 (clearUnitCaches) took 0.0ms
2026-10-01T18:06:20.058Z [EVENT world:unitAdded] #2 (markBedsDirty) took 0.0ms
2026-10-01T18:06:20.058Z [EVENT world:unitAdded] #3 (anon_3) took 0.5ms
2026-10-01T18:06:20.058Z [EVENT world:unitAdded] #4 (anon_4) took 0.0ms
2026-10-01T18:06:20.059Z [EVENT world:unitAdded] #5 (anon_5) took 0.0ms
2026-10-01T18:06:20.059Z [EVENT world:unitAdded] #0 (anon_0) took 0.0ms
2026-10-01T18:06:20.059Z [EVENT world:unitAdded] #1 (clearUnitCaches) took 0.0ms
2026-10-01T18:06:20.059Z [EVENT world:unitAdded] #2 (markBedsDirty) took 0.0ms
2026-10-01T18:06:20.060Z [EVENT world:unitAdded] #3 (anon_3) took 0.5ms
2026-10-01T18:06:20.060Z [EVENT world:unitAdded] #4 (anon_4) took 0.0ms
2026-10-01T18:06:20.060Z [EVENT world:unitAdded] #5 (anon_5) took 0.0ms
2026-10-01T18:06:20.061Z [EVENT world:unitAdded] #0 (anon_0) took 0.0ms
2026-10-01T18:06:20.061Z [EVENT world:unitAdded] #1 (clearUnitCaches) took 0.0ms
2026-10-01T18:06:20.061Z [EVENT world:unitAdded] #2 (markBedsDirty) took 0.0ms
2026-10-01T18:06:20.062Z [EVENT world:unitAdded] #3 (anon_3) took 0.6ms
2026-10-01T18:06:20.062Z [EVENT world:unitAdded] #4 (anon_4) took 0.0ms
2026-10-01T18:06:20.062Z [EVENT world:unitAdded] #5 (anon_5) took 0.0ms
2026-10-01T18:06:20.062Z [EVENT world:unitAdded] #0 (anon_0) took 0.0ms
2026-10-01T18:06:20.062Z [EVENT world:unitAdded] #1 (clearUnitCaches) took 0.0ms
2026-10-01T18:06:20.063Z [EVENT world:unitAdded] #2 (markBedsDirty) took 0.0ms
2026-10-01T18:06:20.063Z [EVENT world:unitAdded] #3 (anon_3) took 0.5ms
2026-10-01T18:06:20.063Z [EVENT world:unitAdded] #4 (anon_4) took 0.0ms
2026-10-01T18:06:20.064Z [EVENT world:unitAdded] #5 (anon_5) took 0.0ms
2026-10-01T18:06:20.064Z [EVENT world:unitAdded] #0 (anon_0) took 0.0ms
2026-10-01T18:06:20.064Z [EVENT world:unitAdded] #1 (clearUnitCaches) took 0.0ms
2026-10-01T18:06:20.064Z [EVENT world:unitAdded] #2 (markBedsDirty) took 0.0ms
2026-10-01T18:06:20.065Z [EVENT world:unitAdded] #3 (anon_3) took 0.8ms
2026-10-01T18:06:20.065Z [EVENT world:unitAdded] #4 (anon_4) took 0.0ms
2026-10-01T18:06:20.066Z [EVENT world:unitAdded] #5 (anon_5) took 0.0ms
2026-10-01T18:06:20.066Z [EVENT world:unitAdded] #0 (anon_0) took 0.0ms
2026-10-01T18:06:20.066Z [EVENT world:unitAdded] #1 (clearUnitCaches) took 0.0ms
2026-10-01T18:06:20.066Z [EVENT world:unitAdded] #2 (markBedsDirty) took 0.0ms
2026-10-01T18:06:20.067Z [EVENT world:unitAdded] #3 (anon_3) took 0.5ms
2026-10-01T18:06:20.067Z [EVENT world:unitAdded] #4 (anon_4) took 0.0ms
2026-10-01T18:06:20.067Z [EVENT world:unitAdded] #5 (anon_5) took 0.0ms
2026-10-01T18:06:20.068Z [EVENT world:unitAdded] #0 (anon_0) took 0.0ms
2026-10-01T18:06:20.068Z [EVENT world:unitAdded] #1 (clearUnitCaches) took 0.0ms
2026-10-01T18:06:20.068Z [EVENT world:unitAdded] #2 (markBedsDirty) took 0.0ms
2026-10-01T18:06:20.069Z [EVENT world:unitAdded] #3 (anon_3) took 0.7ms
2026-10-01T18:06:20.069Z [EVENT world:unitAdded] #4 (anon_4) took 0.0ms
2026-10-01T18:06:20.069Z [EVENT world:unitAdded] #5 (anon_5) took 0.0ms
2026-10-01T18:06:20.070Z [EVENT world:unitAdded] #0 (anon_0) took 0.0ms
2026-10-01T18:06:20.070Z [EVENT world:unitAdded] #1 (clearUnitCaches) took 0.0ms
2026-10-01T18:06:20.070Z [EVENT world:unitAdded] #2 (markBedsDirty) took 0.0ms
2026-10-01T18:06:20.071Z [EVENT world:unitAdded] #3 (anon_3) took 0.6ms
2026-10-01T18:06:20.071Z [EVENT world:unitAdded] #4 (anon_4) took 0.0ms
2026-10-01T18:06:20.071Z [EVENT world:unitAdded] #5 (anon_5) took 0.0ms
2026-10-01T18:06:20.072Z [EVENT world:unitAdded] #0 (anon_0) took 0.0ms
2026-10-01T18:06:20.072Z [EVENT world:unitAdded] #1 (clearUnitCaches) took 0.0ms
2026-10-01T18:06:20.072Z [EVENT world:unitAdded] #2 (markBedsDirty) took 0.0ms
2026-10-01T18:06:20.073Z [EVENT world:unitAdded] #3 (anon_3) took 0.6ms
2026-10-01T18:06:20.073Z [EVENT world:unitAdded] #4 (anon_4) took 0.0ms
2026-10-01T18:06:20.073Z [EVENT world:unitAdded] #5 (anon_5) took 0.0ms
2026-10-01T18:06:20.073Z [EVENT world:unitAdded] #0 (anon_0) took 0.0ms
2026-10-01T18:06:20.074Z [EVENT world:unitAdded] #1 (clearUnitCaches) took 0.0ms
2026-10-01T18:06:20.074Z [EVENT world:unitAdded] #2 (markBedsDirty) took 0.0ms
2026-10-01T18:06:20.074Z [EVENT world:unitAdded] #3 (anon_3) took 0.5ms
2026-10-01T18:06:20.075Z [EVENT world:unitAdded] #4 (anon_4) took 0.0ms
2026-10-01T18:06:20.075Z [EVENT world:unitAdded] #5 (anon_5) took 0.0ms
2026-10-01T18:06:20.075Z [EVENT world:unitAdded] #0 (anon_0) took 0.0ms
2026-10-01T18:06:20.075Z [EVENT world:unitAdded] #1 (clearUnitCaches) took 0.0ms
2026-10-01T18:06:20.075Z [EVENT world:unitAdded] #2 (markBedsDirty) took 0.0ms
2026-10-01T18:06:20.076Z [EVENT world:unitAdded] #3 (anon_3) took 0.8ms
2026-10-01T18:06:20.076Z [EVENT world:unitAdded] #4 (anon_4) took 0.0ms
2026-10-01T18:06:20.077Z [EVENT world:unitAdded] #5 (anon_5) took 0.0ms
2026-10-01T18:06:20.077Z [EVENT world:unitAdded] #0 (anon_0) took 0.0ms
2026-10-01T18:06:20.077Z [EVENT world:unitAdded] #1 (clearUnitCaches) took 0.0ms
2026-10-01T18:06:20.077Z [EVENT world:unitAdded] #2 (markBedsDirty) took 0.0ms
2026-10-01T18:06:20.078Z [EVENT world:unitAdded] #3 (anon_3) took 0.5ms
2026-10-01T18:06:20.078Z [EVENT world:unitAdded] #4 (anon_4) took 0.0ms
2026-10-01T18:06:20.078Z [EVENT world:unitAdded] #5 (anon_5) took 0.0ms
2026-10-01T18:06:20.079Z [EVENT world:unitAdded] #0 (anon_0) took 0.0ms
2026-10-01T18:06:20.079Z [EVENT world:unitAdded] #1 (clearUnitCaches) took 0.0ms
2026-10-01T18:06:20.079Z [EVENT world:unitAdded] #2 (markBedsDirty) took 0.0ms
2026-10-01T18:06:20.080Z [EVENT world:unitAdded] #3 (anon_3) took 0.5ms
2026-10-01T18:06:20.080Z [EVENT world:unitAdded] #4 (anon_4) took 0.0ms
2026-10-01T18:06:20.080Z [EVENT world:unitAdded] #5 (anon_5) took 0.0ms
2026-10-01T18:06:20.080Z [EVENT world:unitAdded] #0 (anon_0) took 0.0ms
2026-10-01T18:06:20.080Z [EVENT world:unitAdded] #1 (clearUnitCaches) took 0.0ms
2026-10-01T18:06:20.081Z [EVENT world:unitAdded] #2 (markBedsDirty) took 0.0ms
2026-10-01T18:06:20.081Z [EVENT world:unitAdded] #3 (anon_3) took 0.5ms
2026-10-01T18:06:20.081Z [EVENT world:unitAdded] #4 (anon_4) took 0.0ms
2026-10-01T18:06:20.082Z [EVENT world:unitAdded] #5 (anon_5) took 0.0ms
2026-10-01T18:06:20.082Z [EVENT world:unitAdded] #0 (anon_0) took 0.0ms
2026-10-01T18:06:20.082Z [EVENT world:unitAdded] #1 (clearUnitCaches) took 0.0ms
2026-10-01T18:06:20.082Z [EVENT world:unitAdded] #2 (markBedsDirty) took 0.0ms
2026-10-01T18:06:20.083Z [EVENT world:unitAdded] #3 (anon_3) took 0.5ms
2026-10-01T18:06:20.083Z [EVENT world:unitAdded] #4 (anon_4) took 0.0ms
2026-10-01T18:06:20.083Z [EVENT world:unitAdded] #5 (anon_5) took 0.0ms
2026-10-01T18:06:20.084Z [EVENT world:unitAdded] #0 (anon_0) took 0.0ms
2026-10-01T18:06:20.084Z [EVENT world:unitAdded] #1 (clearUnitCaches) took 0.0ms
2026-10-01T18:06:20.084Z [EVENT world:unitAdded] #2 (markBedsDirty) took 0.0ms
2026-10-01T18:06:20.085Z [EVENT world:unitAdded] #3 (anon_3) took 0.9ms
2026-10-01T18:06:20.085Z [EVENT world:unitAdded] #4 (anon_4) took 0.0ms
2026-10-01T18:06:20.086Z [EVENT world:unitAdded] #5 (anon_5) took 0.0ms
2026-10-01T18:06:20.086Z [EVENT world:unitAdded] #0 (anon_0) took 0.0ms
2026-10-01T18:06:20.086Z [EVENT world:unitAdded] #1 (clearUnitCaches) took 0.0ms
2026-10-01T18:06:20.086Z [EVENT world:unitAdded] #2 (markBedsDirty) took 0.0ms
2026-10-01T18:06:20.087Z [EVENT world:unitAdded] #3 (anon_3) took 0.7ms
2026-10-01T18:06:20.088Z [EVENT world:unitAdded] #4 (anon_4) took 0.0ms
2026-10-01T18:06:20.088Z [EVENT world:unitAdded] #5 (anon_5) took 0.0ms
2026-10-01T18:06:20.088Z [EVENT world:unitAdded] #0 (anon_0) took 0.0ms
2026-10-01T18:06:20.088Z [EVENT world:unitAdded] #1 (clearUnitCaches) took 0.0ms
2026-10-01T18:06:20.089Z [EVENT world:unitAdded] #2 (markBedsDirty) took 0.0ms
2026-10-01T18:06:20.089Z [EVENT world:unitAdded] #3 (anon_3) took 0.5ms
2026-10-01T18:06:20.089Z [EVENT world:unitAdded] #4 (anon_4) took 0.0ms
2026-10-01T18:06:20.090Z [EVENT world:unitAdded] #5 (anon_5) took 0.0ms
2026-10-01T18:06:20.090Z [EVENT world:unitAdded] #0 (anon_0) took 0.0ms
2026-10-01T18:06:20.090Z [EVENT world:unitAdded] #1 (clearUnitCaches) took 0.0ms
2026-10-01T18:06:20.090Z [EVENT world:unitAdded] #2 (markBedsDirty) took 0.0ms
2026-10-01T18:06:20.091Z [EVENT world:unitAdded] #3 (anon_3) took 0.5ms
2026-10-01T18:06:20.091Z [EVENT world:unitAdded] #4 (anon_4) took 0.0ms
2026-10-01T18:06:20.091Z [EVENT world:unitAdded] #5 (anon_5) took 0.0ms
2026-10-01T18:06:20.092Z [EVENT world:unitAdded] #0 (anon_0) took 0.0ms
2026-10-01T18:06:20.092Z [EVENT world:unitAdded] #1 (clearUnitCaches) took 0.0ms
2026-10-01T18:06:20.092Z [EVENT world:unitAdded] #2 (markBedsDirty) took 0.0ms
2026-10-01T18:06:20.093Z [EVENT world:unitAdded] #3 (anon_3) took 0.5ms
2026-10-01T18:06:20.093Z [EVENT world:unitAdded] #4 (anon_4) took 0.0ms
2026-10-01T18:06:20.093Z [EVENT world:unitAdded] #5 (anon_5) took 0.0ms
2026-10-01T18:06:20.093Z [EVENT world:unitAdded] #0 (anon_0) took 0.0ms
2026-10-01T18:06:20.093Z [EVENT world:unitAdded] #1 (clearUnitCaches) took 0.0ms
2026-10-01T18:06:20.094Z [EVENT world:unitAdded] #2 (markBedsDirty) took 0.0ms
2026-10-01T18:06:20.095Z [EVENT world:unitAdded] #3 (anon_3) took 0.7ms
2026-10-01T18:06:20.095Z [EVENT world:unitAdded] #4 (anon_4) took 0.0ms
2026-10-01T18:06:20.095Z [EVENT world:unitAdded] #5 (anon_5) took 0.0ms
2026-10-01T18:06:20.096Z [EVENT world:unitAdded] #0 (anon_0) took 0.0ms
2026-10-01T18:06:20.096Z [EVENT world:unitAdded] #1 (clearUnitCaches) took 0.0ms
2026-10-01T18:06:20.096Z [EVENT world:unitAdded] #2 (markBedsDirty) took 0.0ms
2026-10-01T18:06:20.097Z [EVENT world:unitAdded] #3 (anon_3) took 0.9ms
2026-10-01T18:06:20.097Z [EVENT world:unitAdded] #4 (anon_4) took 0.0ms
2026-10-01T18:06:20.098Z [EVENT world:unitAdded] #5 (anon_5) took 0.0ms
2026-10-01T18:06:20.098Z [EVENT world:unitAdded] #0 (anon_0) took 0.0ms
2026-10-01T18:06:20.098Z [EVENT world:unitAdded] #1 (clearUnitCaches) took 0.0ms
2026-10-01T18:06:20.098Z [EVENT world:unitAdded] #2 (markBedsDirty) took 0.0ms
2026-10-01T18:06:20.099Z [EVENT world:unitAdded] #3 (anon_3) took 0.6ms
2026-10-01T18:06:20.099Z [EVENT world:unitAdded] #4 (anon_4) took 0.0ms
2026-10-01T18:06:20.100Z [EVENT world:unitAdded] #5 (anon_5) took 0.0ms
2026-10-01T18:06:20.100Z [EVENT world:unitAdded] #0 (anon_0) took 0.0ms
2026-10-01T18:06:20.101Z [EVENT world:unitAdded] #1 (clearUnitCaches) took 0.0ms
2026-10-01T18:06:20.101Z [EVENT world:unitAdded] #2 (markBedsDirty) took 0.0ms
2026-10-01T18:06:20.102Z [EVENT world:unitAdded] #3 (anon_3) took 0.6ms
2026-10-01T18:06:20.102Z [EVENT world:unitAdded] #4 (anon_4) took 0.0ms
2026-10-01T18:06:20.102Z [EVENT world:unitAdded] #5 (anon_5) took 0.0ms
2026-10-01T18:06:20.102Z [EVENT world:unitAdded] #0 (anon_0) took 0.0ms
2026-10-01T18:06:20.102Z [EVENT world:unitAdded] #1 (clearUnitCaches) took 0.0ms
2026-10-01T18:06:20.103Z [EVENT world:unitAdded] #2 (markBedsDirty) took 0.0ms
2026-10-01T18:06:20.103Z [EVENT world:unitAdded] #3 (anon_3) took 0.5ms
2026-10-01T18:06:20.103Z [EVENT world:unitAdded] #4 (anon_4) took 0.0ms
2026-10-01T18:06:20.104Z [EVENT world:unitAdded] #5 (anon_5) took 0.0ms
2026-10-01T18:06:20.104Z [EVENT world:unitAdded] #0 (anon_0) took 0.0ms
2026-10-01T18:06:20.104Z [EVENT world:unitAdded] #1 (clearUnitCaches) took 0.0ms
2026-10-01T18:06:20.104Z [EVENT world:unitAdded] #2 (markBedsDirty) took 0.0ms
2026-10-01T18:06:20.105Z [EVENT world:unitAdded] #3 (anon_3) took 0.5ms
2026-10-01T18:06:20.105Z [EVENT world:unitAdded] #4 (anon_4) took 0.0ms
2026-10-01T18:06:20.105Z [EVENT world:unitAdded] #5 (anon_5) took 0.0ms
2026-10-01T18:06:20.106Z [EVENT world:unitAdded] #0 (anon_0) took 0.0ms
2026-10-01T18:06:20.106Z [EVENT world:unitAdded] #1 (clearUnitCaches) took 0.0ms
2026-10-01T18:06:20.106Z [EVENT world:unitAdded] #2 (markBedsDirty) took 0.0ms
2026-10-01T18:06:20.107Z [EVENT world:unitAdded] #3 (anon_3) took 0.9ms
2026-10-01T18:06:20.107Z [EVENT world:unitAdded] #4 (anon_4) took 0.0ms
2026-10-01T18:06:20.108Z [EVENT world:unitAdded] #5 (anon_5) took 0.0ms
2026-10-01T18:06:20.108Z [EVENT world:unitAdded] #0 (anon_0) took 0.0ms
2026-10-01T18:06:20.108Z [EVENT world:unitAdded] #1 (clearUnitCaches) took 0.0ms
2026-10-01T18:06:20.109Z [EVENT world:unitAdded] #2 (markBedsDirty) took 0.0ms
2026-10-01T18:06:20.109Z [EVENT world:unitAdded] #3 (anon_3) took 0.7ms
2026-10-01T18:06:20.110Z [EVENT world:unitAdded] #4 (anon_4) took 0.0ms
2026-10-01T18:06:20.110Z [EVENT world:unitAdded] #5 (anon_5) took 0.0ms
2026-10-01T18:06:20.110Z [EVENT world:unitAdded] #0 (anon_0) took 0.0ms
2026-10-01T18:06:20.111Z [EVENT world:unitAdded] #1 (clearUnitCaches) took 0.0ms
2026-10-01T18:06:20.111Z [EVENT world:unitAdded] #2 (markBedsDirty) took 0.0ms
2026-10-01T18:06:20.111Z [EVENT world:unitAdded] #3 (anon_3) took 0.6ms
2026-10-01T18:06:20.112Z [EVENT world:unitAdded] #4 (anon_4) took 0.0ms
2026-10-01T18:06:20.112Z [EVENT world:unitAdded] #5 (anon_5) took 0.0ms
2026-10-01T18:06:20.112Z [EVENT world:unitAdded] #0 (anon_0) took 0.0ms
2026-10-01T18:06:20.112Z [EVENT world:unitAdded] #1 (clearUnitCaches) took 0.0ms
2026-10-01T18:06:20.113Z [EVENT world:unitAdded] #2 (markBedsDirty) took 0.0ms
2026-10-01T18:06:20.113Z [EVENT world:unitAdded] #3 (anon_3) took 0.6ms
2026-10-01T18:06:20.114Z [EVENT world:unitAdded] #4 (anon_4) took 0.0ms
2026-10-01T18:06:20.114Z [EVENT world:unitAdded] #5 (anon_5) took 0.0ms
2026-10-01T18:06:20.114Z [EVENT world:unitAdded] #0 (anon_0) took 0.0ms
2026-10-01T18:06:20.114Z [EVENT world:unitAdded] #1 (clearUnitCaches) took 0.0ms
2026-10-01T18:06:20.114Z [EVENT world:unitAdded] #2 (markBedsDirty) took 0.0ms
2026-10-01T18:06:20.115Z [EVENT world:unitAdded] #3 (anon_3) took 0.5ms
2026-10-01T18:06:20.115Z [EVENT world:unitAdded] #4 (anon_4) took 0.0ms
2026-10-01T18:06:20.115Z [EVENT world:unitAdded] #5 (anon_5) took 0.0ms
2026-10-01T18:06:20.116Z [EVENT world:unitAdded] #0 (anon_0) took 0.0ms
2026-10-01T18:06:20.116Z [EVENT world:unitAdded] #1 (clearUnitCaches) took 0.0ms
2026-10-01T18:06:20.116Z [EVENT world:unitAdded] #2 (markBedsDirty) took 0.0ms
2026-10-01T18:06:20.117Z [EVENT world:unitAdded] #3 (anon_3) took 0.5ms
2026-10-01T18:06:20.117Z [EVENT world:unitAdded] #4 (anon_4) took 0.0ms
2026-10-01T18:06:20.117Z [EVENT world:unitAdded] #5 (anon_5) took 0.0ms
2026-10-01T18:06:20.118Z [EVENT world:unitAdded] #0 (anon_0) took 0.0ms
2026-10-01T18:06:20.118Z [EVENT world:unitAdded] #1 (clearUnitCaches) took 0.0ms
2026-10-01T18:06:20.118Z [EVENT world:unitAdded] #2 (markBedsDirty) took 0.0ms
2026-10-01T18:06:20.119Z [EVENT world:unitAdded] #3 (anon_3) took 0.8ms
2026-10-01T18:06:20.119Z [EVENT world:unitAdded] #4 (anon_4) took 0.0ms
2026-10-01T18:06:20.119Z [EVENT world:unitAdded] #5 (anon_5) took 0.0ms
2026-10-01T18:06:20.120Z [EVENT world:unitAdded] #0 (anon_0) took 0.0ms
2026-10-01T18:06:20.120Z [EVENT world:unitAdded] #1 (clearUnitCaches) took 0.0ms
2026-10-01T18:06:20.120Z [EVENT world:unitAdded] #2 (markBedsDirty) took 0.0ms
2026-10-01T18:06:20.121Z [EVENT world:unitAdded] #3 (anon_3) took 0.7ms
2026-10-01T18:06:20.121Z [EVENT world:unitAdded] #4 (anon_4) took 0.0ms
2026-10-01T18:06:20.121Z [EVENT world:unitAdded] #5 (anon_5) took 0.0ms
2026-10-01T18:06:20.122Z [EVENT world:unitAdded] #0 (anon_0) took 0.0ms
2026-10-01T18:06:20.122Z [EVENT world:unitAdded] #1 (clearUnitCaches) took 0.0ms
2026-10-01T18:06:20.122Z [EVENT world:unitAdded] #2 (markBedsDirty) took 0.0ms
2026-10-01T18:06:20.123Z [EVENT world:unitAdded] #3 (anon_3) took 0.5ms
2026-10-01T18:06:20.123Z [EVENT world:unitAdded] #4 (anon_4) took 0.0ms
2026-10-01T18:06:20.123Z [EVENT world:unitAdded] #5 (anon_5) took 0.0ms
2026-10-01T18:06:20.123Z [EVENT world:unitAdded] #0 (anon_0) took 0.0ms
2026-10-01T18:06:20.124Z [EVENT world:unitAdded] #1 (clearUnitCaches) took 0.0ms
2026-10-01T18:06:20.124Z [EVENT world:unitAdded] #2 (markBedsDirty) took 0.0ms
2026-10-01T18:06:20.124Z [EVENT world:unitAdded] #3 (anon_3) took 0.5ms
2026-10-01T18:06:20.125Z [EVENT world:unitAdded] #4 (anon_4) took 0.0ms
2026-10-01T18:06:20.125Z [EVENT world:unitAdded] #5 (anon_5) took 0.0ms
2026-10-01T18:06:20.125Z [EVENT world:unitAdded] #0 (anon_0) took 0.0ms
2026-10-01T18:06:20.125Z [EVENT world:unitAdded] #1 (clearUnitCaches) took 0.0ms
2026-10-01T18:06:20.125Z [EVENT world:unitAdded] #2 (markBedsDirty) took 0.0ms
2026-10-01T18:06:20.126Z [EVENT world:unitAdded] #3 (anon_3) took 0.5ms
2026-10-01T18:06:20.126Z [EVENT world:unitAdded] #4 (anon_4) took 0.0ms
2026-10-01T18:06:20.126Z [EVENT world:unitAdded] #5 (anon_5) took 0.0ms
2026-10-01T18:06:20.127Z [EVENT world:unitAdded] #0 (anon_0) took 0.0ms
2026-10-01T18:06:20.127Z [EVENT world:unitAdded] #1 (clearUnitCaches) took 0.0ms
2026-10-01T18:06:20.127Z [EVENT world:unitAdded] #2 (markBedsDirty) took 0.0ms
2026-10-01T18:06:20.128Z [EVENT world:unitAdded] #3 (anon_3) took 0.9ms
2026-10-01T18:06:20.128Z [EVENT world:unitAdded] #4 (anon_4) took 0.0ms
2026-10-01T18:06:20.128Z [EVENT world:unitAdded] #5 (anon_5) took 0.0ms
2026-10-01T18:06:20.129Z [EVENT world:unitAdded] #0 (anon_0) took 0.0ms
2026-10-01T18:06:20.129Z [EVENT world:unitAdded] #1 (clearUnitCaches) took 0.0ms
2026-10-01T18:06:20.129Z [EVENT world:unitAdded] #2 (markBedsDirty) took 0.0ms
2026-10-01T18:06:20.130Z [EVENT world:unitAdded] #3 (anon_3) took 0.8ms
2026-10-01T18:06:20.131Z [EVENT world:unitAdded] #4 (anon_4) took 0.0ms
2026-10-01T18:06:20.131Z [EVENT world:unitAdded] #5 (anon_5) took 0.0ms
2026-10-01T18:06:20.131Z [EVENT world:unitAdded] #0 (anon_0) took 0.0ms
2026-10-01T18:06:20.131Z [EVENT world:unitAdded] #1 (clearUnitCaches) took 0.0ms
2026-10-01T18:06:20.132Z [EVENT world:unitAdded] #2 (markBedsDirty) took 0.0ms
2026-10-01T18:06:20.132Z [EVENT world:unitAdded] #3 (anon_3) took 0.6ms
2026-10-01T18:06:20.133Z [EVENT world:unitAdded] #4 (anon_4) took 0.0ms
2026-10-01T18:06:20.133Z [EVENT world:unitAdded] #5 (anon_5) took 0.0ms
2026-10-01T18:06:20.133Z [EVENT world:unitAdded] #0 (anon_0) took 0.0ms
2026-10-01T18:06:20.133Z [EVENT world:unitAdded] #1 (clearUnitCaches) took 0.0ms
2026-10-01T18:06:20.133Z [EVENT world:unitAdded] #2 (markBedsDirty) took 0.0ms
2026-10-01T18:06:20.134Z [EVENT world:unitAdded] #3 (anon_3) took 0.6ms
2026-10-01T18:06:20.134Z [EVENT world:unitAdded] #4 (anon_4) took 0.0ms
2026-10-01T18:06:20.135Z [EVENT world:unitAdded] #5 (anon_5) took 0.0ms
2026-10-01T18:06:20.135Z [EVENT world:unitAdded] #0 (anon_0) took 0.0ms
2026-10-01T18:06:20.135Z [EVENT world:unitAdded] #1 (clearUnitCaches) took 0.0ms
2026-10-01T18:06:20.135Z [EVENT world:unitAdded] #2 (markBedsDirty) took 0.0ms
2026-10-01T18:06:20.136Z [EVENT world:unitAdded] #3 (anon_3) took 0.5ms
2026-10-01T18:06:20.136Z [EVENT world:unitAdded] #4 (anon_4) took 0.0ms
2026-10-01T18:06:20.136Z [EVENT world:unitAdded] #5 (anon_5) took 0.0ms
2026-10-01T18:06:20.137Z [EVENT world:unitAdded] #0 (anon_0) took 0.0ms
2026-10-01T18:06:20.137Z [EVENT world:unitAdded] #1 (clearUnitCaches) took 0.0ms
2026-10-01T18:06:20.137Z [EVENT world:unitAdded] #2 (markBedsDirty) took 0.0ms
2026-10-01T18:06:20.138Z [EVENT world:unitAdded] #3 (anon_3) took 0.9ms
2026-10-01T18:06:20.138Z [EVENT world:unitAdded] #4 (anon_4) took 0.0ms
2026-10-01T18:06:20.139Z [EVENT world:unitAdded] #5 (anon_5) took 0.0ms
2026-10-01T18:06:20.139Z [EVENT world:unitAdded] #0 (anon_0) took 0.0ms
2026-10-01T18:06:20.139Z [EVENT world:unitAdded] #1 (clearUnitCaches) took 0.0ms
2026-10-01T18:06:20.139Z [EVENT world:unitAdded] #2 (markBedsDirty) took 0.0ms
2026-10-01T18:06:20.140Z [EVENT world:unitAdded] #3 (anon_3) took 0.6ms
2026-10-01T18:06:20.140Z [EVENT world:unitAdded] #4 (anon_4) took 0.0ms
2026-10-01T18:06:20.140Z [EVENT world:unitAdded] #5 (anon_5) took 0.0ms
2026-10-01T18:06:20.141Z [EVENT world:unitAdded] #0 (anon_0) took 0.0ms
2026-10-01T18:06:20.141Z [EVENT world:unitAdded] #1 (clearUnitCaches) took 0.0ms
2026-10-01T18:06:20.141Z [EVENT world:unitAdded] #2 (markBedsDirty) took 0.0ms
2026-10-01T18:06:20.142Z [EVENT world:unitAdded] #3 (anon_3) took 0.6ms
2026-10-01T18:06:20.142Z [EVENT world:unitAdded] #4 (anon_4) took 0.0ms
2026-10-01T18:06:20.142Z [EVENT world:unitAdded] #5 (anon_5) took 0.0ms
2026-10-01T18:06:20.143Z [EVENT world:unitAdded] #0 (anon_0) took 0.0ms
2026-10-01T18:06:20.143Z [EVENT world:unitAdded] #1 (clearUnitCaches) took 0.0ms
2026-10-01T18:06:20.143Z [EVENT world:unitAdded] #2 (markBedsDirty) took 0.0ms
2026-10-01T18:06:20.144Z [EVENT world:unitAdded] #3 (anon_3) took 0.6ms
2026-10-01T18:06:20.144Z [EVENT world:unitAdded] #4 (anon_4) took 0.0ms
2026-10-01T18:06:20.144Z [EVENT world:unitAdded] #5 (anon_5) took 0.0ms
2026-10-01T18:06:20.144Z [EVENT world:unitAdded] #0 (anon_0) took 0.0ms
2026-10-01T18:06:20.144Z [EVENT world:unitAdded] #1 (clearUnitCaches) took 0.0ms
2026-10-01T18:06:20.145Z [EVENT world:unitAdded] #2 (markBedsDirty) took 0.0ms
2026-10-01T18:06:20.145Z [EVENT world:unitAdded] #3 (anon_3) took 0.5ms
2026-10-01T18:06:20.145Z [EVENT world:unitAdded] #4 (anon_4) took 0.0ms
2026-10-01T18:06:20.146Z [EVENT world:unitAdded] #5 (anon_5) took 0.0ms
2026-10-01T18:06:20.153Z [EVENT world:created] #1 (anon_1) took 14563.9ms
2026-10-01T18:06:20.154Z [EVENT world:created] #2 (anon_2) took 0.1ms
2026-10-01T18:06:20.154Z [EVENT world:created] #3 (anon_3) took 0.1ms
2026-10-01T18:06:20.229Z [EVENT world:created] #4 (anon_4) took 75.4ms
2026-10-01T18:06:20.351Z [EVENT world:unitAdded] #0 (anon_0) took 0.0ms
2026-10-01T18:06:20.351Z [EVENT world:unitAdded] #1 (clearUnitCaches) took 0.0ms
2026-10-01T18:06:20.351Z [EVENT world:unitAdded] #2 (markBedsDirty) took 0.0ms
2026-10-01T18:06:20.351Z [EVENT world:unitAdded] #3 (anon_3) took 0.0ms
2026-10-01T18:06:20.352Z [EVENT world:unitAdded] #4 (anon_4) took 0.0ms
2026-10-01T18:06:20.352Z [EVENT world:unitAdded] #5 (anon_5) took 0.0ms
2026-10-01T18:06:20.443Z [EVENT world:unitAdded] #0 (anon_0) took 0.0ms
2026-10-01T18:06:20.443Z [EVENT world:unitAdded] #1 (clearUnitCaches) took 0.0ms
2026-10-01T18:06:20.443Z [EVENT world:unitAdded] #2 (markBedsDirty) took 0.0ms
2026-10-01T18:06:20.444Z [EVENT world:unitAdded] #3 (anon_3) took 0.0ms
2026-10-01T18:06:20.444Z [EVENT world:unitAdded] #4 (anon_4) took 0.0ms
2026-10-01T18:06:20.444Z [EVENT world:unitAdded] #5 (anon_5) took 0.0ms
2026-10-01T18:06:20.679Z [EVENT world:unitAdded] #0 (anon_0) took 0.0ms
2026-10-01T18:06:20.679Z [EVENT world:unitAdded] #1 (clearUnitCaches) took 0.0ms
2026-10-01T18:06:20.679Z [EVENT world:unitAdded] #2 (markBedsDirty) took 0.0ms
2026-10-01T18:06:20.679Z [EVENT world:unitAdded] #3 (anon_3) took 0.0ms
2026-10-01T18:06:20.680Z [EVENT world:unitAdded] #4 (anon_4) took 0.0ms
2026-10-01T18:06:20.680Z [EVENT world:unitAdded] #5 (anon_5) took 0.0ms
2026-10-01T18:06:20.682Z [EVENT world:unitAdded] #0 (anon_0) took 0.0ms
2026-10-01T18:06:20.682Z [EVENT world:unitAdded] #1 (clearUnitCaches) took 0.0ms
2026-10-01T18:06:20.682Z [EVENT world:unitAdded] #2 (markBedsDirty) took 0.0ms
2026-10-01T18:06:20.682Z [EVENT world:unitAdded] #3 (anon_3) took 0.0ms
2026-10-01T18:06:20.682Z [EVENT world:unitAdded] #4 (anon_4) took 0.0ms
2026-10-01T18:06:20.682Z [EVENT world:unitAdded] #5 (anon_5) took 0.0ms
2026-10-01T18:06:20.684Z [EVENT world:unitAdded] #0 (anon_0) took 0.0ms
2026-10-01T18:06:20.684Z [EVENT world:unitAdded] #1 (clearUnitCaches) took 0.0ms
2026-10-01T18:06:20.684Z [EVENT world:unitAdded] #2 (markBedsDirty) took 0.0ms
2026-10-01T18:06:20.685Z [EVENT world:unitAdded] #3 (anon_3) took 0.0ms
2026-10-01T18:06:20.685Z [EVENT world:unitAdded] #4 (anon_4) took 0.0ms
2026-10-01T18:06:20.685Z [EVENT world:unitAdded] #5 (anon_5) took 0.0ms
2026-10-01T18:06:20.689Z [EVENT world:unitAdded] #0 (anon_0) took 0.0ms
2026-10-01T18:06:20.689Z [EVENT world:unitAdded] #1 (clearUnitCaches) took 0.0ms
2026-10-01T18:06:20.689Z [EVENT world:unitAdded] #2 (markBedsDirty) took 0.0ms
2026-10-01T18:06:20.690Z [EVENT world:unitAdded] #3 (anon_3) took 0.0ms
2026-10-01T18:06:20.690Z [EVENT world:unitAdded] #4 (anon_4) took 0.0ms
2026-10-01T18:06:20.690Z [EVENT world:unitAdded] #5 (anon_5) took 0.0ms
2026-10-01T18:06:20.694Z [EVENT world:unitAdded] #0 (anon_0) took 0.0ms
2026-10-01T18:06:20.694Z [EVENT world:unitAdded] #1 (clearUnitCaches) took 0.0ms
2026-10-01T18:06:20.694Z [EVENT world:unitAdded] #2 (markBedsDirty) took 0.0ms
2026-10-01T18:06:20.695Z [EVENT world:unitAdded] #3 (anon_3) took 0.0ms
2026-10-01T18:06:20.695Z [EVENT world:unitAdded] #4 (anon_4) took 0.0ms
2026-10-01T18:06:20.695Z [EVENT world:unitAdded] #5 (anon_5) took 0.0ms
2026-10-01T18:06:20.699Z [EVENT world:unitAdded] #0 (anon_0) took 0.0ms
2026-10-01T18:06:20.700Z [EVENT world:unitAdded] #1 (clearUnitCaches) took 0.0ms
2026-10-01T18:06:20.700Z [EVENT world:unitAdded] #2 (markBedsDirty) took 0.0ms
2026-10-01T18:06:20.700Z [EVENT world:unitAdded] #3 (anon_3) took 0.0ms
2026-10-01T18:06:20.700Z [EVENT world:unitAdded] #4 (anon_4) took 0.0ms
2026-10-01T18:06:20.701Z [EVENT world:unitAdded] #5 (anon_5) took 0.0ms
2026-10-01T18:06:21.014Z [EVENT world:unitAdded] #0 (anon_0) took 0.0ms
2026-10-01T18:06:21.014Z [EVENT world:unitAdded] #1 (clearUnitCaches) took 0.0ms
2026-10-01T18:06:21.014Z [EVENT world:unitAdded] #2 (markBedsDirty) took 0.0ms
2026-10-01T18:06:21.015Z [EVENT world:unitAdded] #3 (anon_3) took 0.0ms
2026-10-01T18:06:21.015Z [EVENT world:unitAdded] #4 (anon_4) took 0.0ms
2026-10-01T18:06:21.015Z [EVENT world:unitAdded] #5 (anon_5) took 0.0ms
2026-10-01T18:06:21.368Z [EVENT world:unitAdded] #0 (anon_0) took 0.0ms
2026-10-01T18:06:21.369Z [EVENT world:unitAdded] #1 (clearUnitCaches) took 0.0ms
2026-10-01T18:06:21.369Z [EVENT world:unitAdded] #2 (markBedsDirty) took 0.0ms
2026-10-01T18:06:21.369Z [EVENT world:unitAdded] #3 (anon_3) took 0.0ms
2026-10-01T18:06:21.369Z [EVENT world:unitAdded] #4 (anon_4) took 0.0ms
2026-10-01T18:06:21.369Z [EVENT world:unitAdded] #5 (anon_5) took 0.0ms
2026-10-01T18:06:21.677Z [EVENT world:unitAdded] #0 (anon_0) took 0.0ms
2026-10-01T18:06:21.678Z [EVENT world:unitAdded] #1 (clearUnitCaches) took 0.0ms
2026-10-01T18:06:21.678Z [EVENT world:unitAdded] #2 (markBedsDirty) took 0.0ms
2026-10-01T18:06:21.678Z [EVENT world:unitAdded] #3 (anon_3) took 0.0ms
2026-10-01T18:06:21.679Z [EVENT world:unitAdded] #4 (anon_4) took 0.0ms
2026-10-01T18:06:21.679Z [EVENT world:unitAdded] #5 (anon_5) took 0.0ms
2026-10-01T18:06:21.957Z [EVENT world:unitAdded] #0 (anon_0) took 0.0ms
2026-10-01T18:06:21.957Z [EVENT world:unitAdded] #1 (clearUnitCaches) took 0.0ms
2026-10-01T18:06:21.957Z [EVENT world:unitAdded] #2 (markBedsDirty) took 0.0ms
2026-10-01T18:06:21.958Z [EVENT world:unitAdded] #3 (anon_3) took 0.0ms
2026-10-01T18:06:21.958Z [EVENT world:unitAdded] #4 (anon_4) took 0.0ms
2026-10-01T18:06:21.958Z [EVENT world:unitAdded] #5 (anon_5) took 0.0ms
2026-10-01T18:06:21.959Z [EVENT world:unitAdded] #0 (anon_0) took 0.0ms
2026-10-01T18:06:21.959Z [EVENT world:unitAdded] #1 (clearUnitCaches) took 0.0ms
2026-10-01T18:06:21.959Z [EVENT world:unitAdded] #2 (markBedsDirty) took 0.0ms
2026-10-01T18:06:21.959Z [EVENT world:unitAdded] #3 (anon_3) took 0.0ms
2026-10-01T18:06:21.960Z [EVENT world:unitAdded] #4 (anon_4) took 0.0ms
2026-10-01T18:06:21.960Z [EVENT world:unitAdded] #5 (anon_5) took 0.0ms
2026-10-01T18:06:21.960Z [EVENT world:unitAdded] #0 (anon_0) took 0.0ms
2026-10-01T18:06:21.961Z [EVENT world:unitAdded] #1 (clearUnitCaches) took 0.0ms
2026-10-01T18:06:21.961Z [EVENT world:unitAdded] #2 (markBedsDirty) took 0.0ms
2026-10-01T18:06:21.961Z [EVENT world:unitAdded] #3 (anon_3) took 0.0ms
2026-10-01T18:06:21.961Z [EVENT world:unitAdded] #4 (anon_4) took 0.0ms
2026-10-01T18:06:21.961Z [EVENT world:unitAdded] #5 (anon_5) took 0.0ms
2026-10-01T18:06:21.962Z [EVENT world:unitAdded] #0 (anon_0) took 0.0ms
2026-10-01T18:06:21.962Z [EVENT world:unitAdded] #1 (clearUnitCaches) took 0.0ms
2026-10-01T18:06:21.962Z [EVENT world:unitAdded] #2 (markBedsDirty) took 0.0ms
2026-10-01T18:06:21.962Z [EVENT world:unitAdded] #3 (anon_3) took 0.0ms
2026-10-01T18:06:21.962Z [EVENT world:unitAdded] #4 (anon_4) took 0.0ms
2026-10-01T18:06:21.963Z [EVENT world:unitAdded] #5 (anon_5) took 0.0ms
2026-10-01T18:06:21.963Z [EVENT world:unitAdded] #0 (anon_0) took 0.0ms
2026-10-01T18:06:21.963Z [EVENT world:unitAdded] #1 (clearUnitCaches) took 0.0ms
2026-10-01T18:06:21.963Z [EVENT world:unitAdded] #2 (markBedsDirty) took 0.0ms
2026-10-01T18:06:21.963Z [EVENT world:unitAdded] #3 (anon_3) took 0.0ms
2026-10-01T18:06:21.964Z [EVENT world:unitAdded] #4 (anon_4) took 0.0ms
2026-10-01T18:06:21.964Z [EVENT world:unitAdded] #5 (anon_5) took 0.0ms
2026-10-01T18:06:21.964Z [EVENT world:unitAdded] #0 (anon_0) took 0.0ms
2026-10-01T18:06:21.964Z [EVENT world:unitAdded] #1 (clearUnitCaches) took 0.0ms
2026-10-01T18:06:21.964Z [EVENT world:unitAdded] #2 (markBedsDirty) took 0.0ms
2026-10-01T18:06:21.965Z [EVENT world:unitAdded] #3 (anon_3) took 0.0ms
2026-10-01T18:06:21.965Z [EVENT world:unitAdded] #4 (anon_4) took 0.0ms
2026-10-01T18:06:21.965Z [EVENT world:unitAdded] #5 (anon_5) took 0.0ms
2026-10-01T18:06:21.965Z [EVENT world:unitAdded] #0 (anon_0) took 0.0ms
2026-10-01T18:06:21.965Z [EVENT world:unitAdded] #1 (clearUnitCaches) took 0.0ms
2026-10-01T18:06:21.966Z [EVENT world:unitAdded] #2 (markBedsDirty) took 0.0ms
2026-10-01T18:06:21.966Z [EVENT world:unitAdded] #3 (anon_3) took 0.0ms
2026-10-01T18:06:21.966Z [EVENT world:unitAdded] #4 (anon_4) took 0.0ms
2026-10-01T18:06:21.966Z [EVENT world:unitAdded] #5 (anon_5) took 0.0ms
2026-10-01T18:06:21.966Z [EVENT world:unitAdded] #0 (anon_0) took 0.0ms
2026-10-01T18:06:21.967Z [EVENT world:unitAdded] #1 (clearUnitCaches) took 0.0ms
2026-10-01T18:06:21.967Z [EVENT world:unitAdded] #2 (markBedsDirty) took 0.0ms
2026-10-01T18:06:21.967Z [EVENT world:unitAdded] #3 (anon_3) took 0.0ms
2026-10-01T18:06:21.967Z [EVENT world:unitAdded] #4 (anon_4) took 0.0ms
2026-10-01T18:06:21.967Z [EVENT world:unitAdded] #5 (anon_5) took 0.0ms
2026-10-01T18:06:21.993Z [EVENT world:unitAdded] #0 (anon_0) took 0.0ms
2026-10-01T18:06:21.993Z [EVENT world:unitAdded] #1 (clearUnitCaches) took 0.0ms
2026-10-01T18:06:21.993Z [EVENT world:unitAdded] #2 (markBedsDirty) took 0.0ms
2026-10-01T18:06:21.994Z [EVENT world:unitAdded] #3 (anon_3) took 0.0ms
2026-10-01T18:06:21.994Z [EVENT world:unitAdded] #4 (anon_4) took 0.0ms
2026-10-01T18:06:21.994Z [EVENT world:unitAdded] #5 (anon_5) took 0.0ms
2026-10-01T18:06:22.014Z [EVENT world:unitAdded] #0 (anon_0) took 0.0ms
2026-10-01T18:06:22.014Z [EVENT world:unitAdded] #1 (clearUnitCaches) took 0.0ms
2026-10-01T18:06:22.014Z [EVENT world:unitAdded] #2 (markBedsDirty) took 0.0ms
2026-10-01T18:06:22.014Z [EVENT world:unitAdded] #3 (anon_3) took 0.0ms
2026-10-01T18:06:22.015Z [EVENT world:unitAdded] #4 (anon_4) took 0.0ms
2026-10-01T18:06:22.015Z [EVENT world:unitAdded] #5 (anon_5) took 0.0ms
2026-10-01T18:06:22.038Z [EVENT world:unitAdded] #0 (anon_0) took 0.0ms
2026-10-01T18:06:22.038Z [EVENT world:unitAdded] #1 (clearUnitCaches) took 0.0ms
2026-10-01T18:06:22.038Z [EVENT world:unitAdded] #2 (markBedsDirty) took 0.0ms
2026-10-01T18:06:22.038Z [EVENT world:unitAdded] #3 (anon_3) took 0.0ms
2026-10-01T18:06:22.038Z [EVENT world:unitAdded] #4 (anon_4) took 0.0ms
2026-10-01T18:06:22.039Z [EVENT world:unitAdded] #5 (anon_5) took 0.0ms
2026-10-01T18:06:22.055Z [EVENT world:unitAdded] #0 (anon_0) took 0.0ms
2026-10-01T18:06:22.055Z [EVENT world:unitAdded] #1 (clearUnitCaches) took 0.0ms
2026-10-01T18:06:22.055Z [EVENT world:unitAdded] #2 (markBedsDirty) took 0.0ms
2026-10-01T18:06:22.056Z [EVENT world:unitAdded] #3 (anon_3) took 0.0ms
2026-10-01T18:06:22.056Z [EVENT world:unitAdded] #4 (anon_4) took 0.0ms
2026-10-01T18:06:22.056Z [EVENT world:unitAdded] #5 (anon_5) took 0.0ms
2026-10-01T18:06:22.056Z [EVENT world:unitAdded] #0 (anon_0) took 0.0ms
2026-10-01T18:06:22.057Z [EVENT world:unitAdded] #1 (clearUnitCaches) took 0.0ms
2026-10-01T18:06:22.057Z [EVENT world:unitAdded] #2 (markBedsDirty) took 0.0ms
2026-10-01T18:06:22.057Z [EVENT world:unitAdded] #3 (anon_3) took 0.0ms
2026-10-01T18:06:22.057Z [EVENT world:unitAdded] #4 (anon_4) took 0.0ms
2026-10-01T18:06:22.057Z [EVENT world:unitAdded] #5 (anon_5) took 0.0ms
2026-10-01T18:06:22.058Z [EVENT world:unitAdded] #0 (anon_0) took 0.0ms
2026-10-01T18:06:22.058Z [EVENT world:unitAdded] #1 (clearUnitCaches) took 0.0ms
2026-10-01T18:06:22.058Z [EVENT world:unitAdded] #2 (markBedsDirty) took 0.0ms
2026-10-01T18:06:22.058Z [EVENT world:unitAdded] #3 (anon_3) took 0.0ms
2026-10-01T18:06:22.058Z [EVENT world:unitAdded] #4 (anon_4) took 0.0ms
2026-10-01T18:06:22.058Z [EVENT world:unitAdded] #5 (anon_5) took 0.0ms
2026-10-01T18:06:22.059Z [EVENT world:unitAdded] #0 (anon_0) took 0.0ms
2026-10-01T18:06:22.059Z [EVENT world:unitAdded] #1 (clearUnitCaches) took 0.0ms
2026-10-01T18:06:22.059Z [EVENT world:unitAdded] #2 (markBedsDirty) took 0.0ms
2026-10-01T18:06:22.059Z [EVENT world:unitAdded] #3 (anon_3) took 0.0ms
2026-10-01T18:06:22.059Z [EVENT world:unitAdded] #4 (anon_4) took 0.0ms
2026-10-01T18:06:22.059Z [EVENT world:unitAdded] #5 (anon_5) took 0.0ms
2026-10-01T18:06:22.060Z [EVENT world:unitAdded] #0 (anon_0) took 0.0ms
2026-10-01T18:06:22.060Z [EVENT world:unitAdded] #1 (clearUnitCaches) took 0.0ms
2026-10-01T18:06:22.060Z [EVENT world:unitAdded] #2 (markBedsDirty) took 0.0ms
2026-10-01T18:06:22.060Z [EVENT world:unitAdded] #3 (anon_3) took 0.0ms
2026-10-01T18:06:22.060Z [EVENT world:unitAdded] #4 (anon_4) took 0.0ms
2026-10-01T18:06:22.060Z [EVENT world:unitAdded] #5 (anon_5) took 0.0ms
2026-10-01T18:06:22.061Z [EVENT world:unitAdded] #0 (anon_0) took 0.0ms
2026-10-01T18:06:22.061Z [EVENT world:unitAdded] #1 (clearUnitCaches) took 0.0ms
2026-10-01T18:06:22.062Z [EVENT world:unitAdded] #2 (markBedsDirty) took 0.0ms
2026-10-01T18:06:22.062Z [EVENT world:unitAdded] #3 (anon_3) took 0.0ms
2026-10-01T18:06:22.062Z [EVENT world:unitAdded] #4 (anon_4) took 0.0ms
2026-10-01T18:06:22.062Z [EVENT world:unitAdded] #5 (anon_5) took 0.0ms
2026-10-01T18:06:22.223Z [EVENT world:unitAdded] #0 (anon_0) took 0.0ms
2026-10-01T18:06:22.224Z [EVENT world:unitAdded] #1 (clearUnitCaches) took 0.0ms
2026-10-01T18:06:22.224Z [EVENT world:unitAdded] #2 (markBedsDirty) took 0.0ms
2026-10-01T18:06:22.224Z [EVENT world:unitAdded] #3 (anon_3) took 0.0ms
2026-10-01T18:06:22.224Z [EVENT world:unitAdded] #4 (anon_4) took 0.0ms
2026-10-01T18:06:22.224Z [EVENT world:unitAdded] #5 (anon_5) took 0.0ms
2026-10-01T18:06:22.383Z [EVENT world:unitAdded] #0 (anon_0) took 0.0ms
2026-10-01T18:06:22.384Z [EVENT world:unitAdded] #1 (clearUnitCaches) took 0.0ms
2026-10-01T18:06:22.384Z [EVENT world:unitAdded] #2 (markBedsDirty) took 0.0ms
2026-10-01T18:06:22.384Z [EVENT world:unitAdded] #3 (anon_3) took 0.0ms
2026-10-01T18:06:22.384Z [EVENT world:unitAdded] #4 (anon_4) took 0.0ms
2026-10-01T18:06:22.385Z [EVENT world:unitAdded] #5 (anon_5) took 0.0ms
2026-10-01T18:06:22.540Z [EVENT world:unitAdded] #0 (anon_0) took 0.0ms
2026-10-01T18:06:22.540Z [EVENT world:unitAdded] #1 (clearUnitCaches) took 0.0ms
2026-10-01T18:06:22.540Z [EVENT world:unitAdded] #2 (markBedsDirty) took 0.0ms
2026-10-01T18:06:22.541Z [EVENT world:unitAdded] #3 (anon_3) took 0.0ms
2026-10-01T18:06:22.541Z [EVENT world:unitAdded] #4 (anon_4) took 0.0ms
2026-10-01T18:06:22.541Z [EVENT world:unitAdded] #5 (anon_5) took 0.0ms
2026-10-01T18:06:22.616Z [EVENT world:unitAdded] #0 (anon_0) took 0.0ms
2026-10-01T18:06:22.617Z [EVENT world:unitAdded] #1 (clearUnitCaches) took 0.0ms
2026-10-01T18:06:22.617Z [EVENT world:unitAdded] #2 (markBedsDirty) took 0.0ms
2026-10-01T18:06:22.617Z [EVENT world:unitAdded] #3 (anon_3) took 0.0ms
2026-10-01T18:06:22.617Z [EVENT world:unitAdded] #4 (anon_4) took 0.0ms
2026-10-01T18:06:22.617Z [EVENT world:unitAdded] #5 (anon_5) took 0.0ms
2026-10-01T18:06:22.705Z [EVENT world:unitAdded] #0 (anon_0) took 0.0ms
2026-10-01T18:06:22.705Z [EVENT world:unitAdded] #1 (clearUnitCaches) took 0.0ms
2026-10-01T18:06:22.705Z [EVENT world:unitAdded] #2 (markBedsDirty) took 0.0ms
2026-10-01T18:06:22.705Z [EVENT world:unitAdded] #3 (anon_3) took 0.0ms
2026-10-01T18:06:22.706Z [EVENT world:unitAdded] #4 (anon_4) took 0.0ms
2026-10-01T18:06:22.706Z [EVENT world:unitAdded] #5 (anon_5) took 0.0ms
2026-10-01T18:06:22.773Z [EVENT world:unitAdded] #0 (anon_0) took 0.0ms
2026-10-01T18:06:22.773Z [EVENT world:unitAdded] #1 (clearUnitCaches) took 0.0ms
2026-10-01T18:06:22.773Z [EVENT world:unitAdded] #2 (markBedsDirty) took 0.0ms
2026-10-01T18:06:22.773Z [EVENT world:unitAdded] #3 (anon_3) took 0.0ms
2026-10-01T18:06:22.773Z [EVENT world:unitAdded] #4 (anon_4) took 0.0ms
2026-10-01T18:06:22.773Z [EVENT world:unitAdded] #5 (anon_5) took 0.0ms
2026-10-01T18:06:22.844Z [EVENT world:unitAdded] #0 (anon_0) took 0.0ms
2026-10-01T18:06:22.844Z [EVENT world:unitAdded] #1 (clearUnitCaches) took 0.0ms
2026-10-01T18:06:22.844Z [EVENT world:unitAdded] #2 (markBedsDirty) took 0.0ms
2026-10-01T18:06:22.845Z [EVENT world:unitAdded] #3 (anon_3) took 0.0ms
2026-10-01T18:06:22.845Z [EVENT world:unitAdded] #4 (anon_4) took 0.0ms
2026-10-01T18:06:22.845Z [EVENT world:unitAdded] #5 (anon_5) took 0.0ms
2026-10-01T18:06:22.861Z [EVENT world:unitAdded] #0 (anon_0) took 0.0ms
2026-10-01T18:06:22.861Z [EVENT world:unitAdded] #1 (clearUnitCaches) took 0.0ms
2026-10-01T18:06:22.861Z [EVENT world:unitAdded] #2 (markBedsDirty) took 0.0ms
2026-10-01T18:06:22.862Z [EVENT world:unitAdded] #3 (anon_3) took 0.0ms
2026-10-01T18:06:22.862Z [EVENT world:unitAdded] #4 (anon_4) took 0.0ms
2026-10-01T18:06:22.862Z [EVENT world:unitAdded] #5 (anon_5) took 0.0ms
2026-10-01T18:06:22.878Z [EVENT world:unitAdded] #0 (anon_0) took 0.0ms
2026-10-01T18:06:22.878Z [EVENT world:unitAdded] #1 (clearUnitCaches) took 0.0ms
2026-10-01T18:06:22.879Z [EVENT world:unitAdded] #2 (markBedsDirty) took 0.0ms
2026-10-01T18:06:22.879Z [EVENT world:unitAdded] #3 (anon_3) took 0.0ms
2026-10-01T18:06:22.879Z [EVENT world:unitAdded] #4 (anon_4) took 0.0ms
2026-10-01T18:06:22.879Z [EVENT world:unitAdded] #5 (anon_5) took 0.0ms
2026-10-01T18:06:22.891Z [EVENT world:unitAdded] #0 (anon_0) took 0.0ms
2026-10-01T18:06:22.892Z [EVENT world:unitAdded] #1 (clearUnitCaches) took 0.0ms
2026-10-01T18:06:22.892Z [EVENT world:unitAdded] #2 (markBedsDirty) took 0.0ms
2026-10-01T18:06:22.892Z [EVENT world:unitAdded] #3 (anon_3) took 0.0ms
2026-10-01T18:06:22.892Z [EVENT world:unitAdded] #4 (anon_4) took 0.0ms
2026-10-01T18:06:22.892Z [EVENT world:unitAdded] #5 (anon_5) took 0.0ms
2026-10-01T18:06:22.912Z [EVENT world:unitAdded] #0 (anon_0) took 0.0ms
2026-10-01T18:06:22.913Z [EVENT world:unitAdded] #1 (clearUnitCaches) took 0.0ms
2026-10-01T18:06:22.913Z [EVENT world:unitAdded] #2 (markBedsDirty) took 0.0ms
2026-10-01T18:06:22.913Z [EVENT world:unitAdded] #3 (anon_3) took 0.0ms
2026-10-01T18:06:22.913Z [EVENT world:unitAdded] #4 (anon_4) took 0.0ms
2026-10-01T18:06:22.913Z [EVENT world:unitAdded] #5 (anon_5) took 0.0ms
2026-10-01T18:06:22.938Z [EVENT world:unitAdded] #0 (anon_0) took 0.0ms
2026-10-01T18:06:22.938Z [EVENT world:unitAdded] #1 (clearUnitCaches) took 0.0ms
2026-10-01T18:06:22.938Z [EVENT world:unitAdded] #2 (markBedsDirty) took 0.0ms
2026-10-01T18:06:22.938Z [EVENT world:unitAdded] #3 (anon_3) took 0.0ms
2026-10-01T18:06:22.938Z [EVENT world:unitAdded] #4 (anon_4) took 0.0ms
2026-10-01T18:06:22.939Z [EVENT world:unitAdded] #5 (anon_5) took 0.0ms
2026-10-01T18:06:22.958Z [EVENT world:unitAdded] #0 (anon_0) took 0.0ms
2026-10-01T18:06:22.958Z [EVENT world:unitAdded] #1 (clearUnitCaches) took 0.0ms
2026-10-01T18:06:22.958Z [EVENT world:unitAdded] #2 (markBedsDirty) took 0.0ms
2026-10-01T18:06:22.958Z [EVENT world:unitAdded] #3 (anon_3) took 0.0ms
2026-10-01T18:06:22.959Z [EVENT world:unitAdded] #4 (anon_4) took 0.0ms
2026-10-01T18:06:22.959Z [EVENT world:unitAdded] #5 (anon_5) took 0.0ms
2026-10-01T18:06:22.976Z [EVENT world:unitAdded] #0 (anon_0) took 0.0ms
2026-10-01T18:06:22.976Z [EVENT world:unitAdded] #1 (clearUnitCaches) took 0.0ms
2026-10-01T18:06:22.977Z [EVENT world:unitAdded] #2 (markBedsDirty) took 0.0ms
2026-10-01T18:06:22.977Z [EVENT world:unitAdded] #3 (anon_3) took 0.0ms
2026-10-01T18:06:22.977Z [EVENT world:unitAdded] #4 (anon_4) took 0.0ms
2026-10-01T18:06:22.977Z [EVENT world:unitAdded] #5 (anon_5) took 0.0ms
2026-10-01T18:06:22.994Z [EVENT world:unitAdded] #0 (anon_0) took 0.0ms
2026-10-01T18:06:22.994Z [EVENT world:unitAdded] #1 (clearUnitCaches) took 0.0ms
2026-10-01T18:06:22.994Z [EVENT world:unitAdded] #2 (markBedsDirty) took 0.0ms
2026-10-01T18:06:22.994Z [EVENT world:unitAdded] #3 (anon_3) took 0.0ms
2026-10-01T18:06:22.995Z [EVENT world:unitAdded] #4 (anon_4) took 0.0ms
2026-10-01T18:06:22.995Z [EVENT world:unitAdded] #5 (anon_5) took 0.0ms
2026-10-01T18:06:23.019Z [EVENT world:unitAdded] #0 (anon_0) took 0.0ms
2026-10-01T18:06:23.020Z [EVENT world:unitAdded] #1 (clearUnitCaches) took 0.0ms
2026-10-01T18:06:23.020Z [EVENT world:unitAdded] #2 (markBedsDirty) took 0.0ms
2026-10-01T18:06:23.020Z [EVENT world:unitAdded] #3 (anon_3) took 0.0ms
2026-10-01T18:06:23.020Z [EVENT world:unitAdded] #4 (anon_4) took 0.0ms
2026-10-01T18:06:23.020Z [EVENT world:unitAdded] #5 (anon_5) took 0.0ms
2026-10-01T18:06:23.043Z [EVENT world:unitAdded] #0 (anon_0) took 0.0ms
2026-10-01T18:06:23.044Z [EVENT world:unitAdded] #1 (clearUnitCaches) took 0.0ms
2026-10-01T18:06:23.044Z [EVENT world:unitAdded] #2 (markBedsDirty) took 0.0ms
2026-10-01T18:06:23.044Z [EVENT world:unitAdded] #3 (anon_3) took 0.0ms
2026-10-01T18:06:23.044Z [EVENT world:unitAdded] #4 (anon_4) took 0.0ms
2026-10-01T18:06:23.045Z [EVENT world:unitAdded] #5 (anon_5) took 0.0ms
2026-10-01T18:06:23.079Z [EVENT world:unitAdded] #0 (anon_0) took 0.0ms
2026-10-01T18:06:23.079Z [EVENT world:unitAdded] #1 (clearUnitCaches) took 0.0ms
2026-10-01T18:06:23.079Z [EVENT world:unitAdded] #2 (markBedsDirty) took 0.0ms
2026-10-01T18:06:23.080Z [EVENT world:unitAdded] #3 (anon_3) took 0.0ms
2026-10-01T18:06:23.080Z [EVENT world:unitAdded] #4 (anon_4) took 0.0ms
2026-10-01T18:06:23.080Z [EVENT world:unitAdded] #5 (anon_5) took 0.0ms
2026-10-01T18:06:23.119Z [EVENT world:unitAdded] #0 (anon_0) took 0.0ms
2026-10-01T18:06:23.119Z [EVENT world:unitAdded] #1 (clearUnitCaches) took 0.0ms
2026-10-01T18:06:23.120Z [EVENT world:unitAdded] #2 (markBedsDirty) took 0.0ms
2026-10-01T18:06:23.120Z [EVENT world:unitAdded] #3 (anon_3) took 0.0ms
2026-10-01T18:06:23.120Z [EVENT world:unitAdded] #4 (anon_4) took 0.0ms
2026-10-01T18:06:23.121Z [EVENT world:unitAdded] #5 (anon_5) took 0.0ms
2026-10-01T18:06:23.156Z [EVENT world:unitAdded] #0 (anon_0) took 0.0ms
2026-10-01T18:06:23.157Z [EVENT world:unitAdded] #1 (clearUnitCaches) took 0.0ms
2026-10-01T18:06:23.157Z [EVENT world:unitAdded] #2 (markBedsDirty) took 0.0ms
2026-10-01T18:06:23.157Z [EVENT world:unitAdded] #3 (anon_3) took 0.0ms
2026-10-01T18:06:23.157Z [EVENT world:unitAdded] #4 (anon_4) took 0.0ms
2026-10-01T18:06:23.157Z [EVENT world:unitAdded] #5 (anon_5) took 0.0ms
2026-10-01T18:06:23.202Z [EVENT world:unitAdded] #0 (anon_0) took 0.0ms
2026-10-01T18:06:23.203Z [EVENT world:unitAdded] #1 (clearUnitCaches) took 0.0ms
2026-10-01T18:06:23.203Z [EVENT world:unitAdded] #2 (markBedsDirty) took 0.0ms
2026-10-01T18:06:23.203Z [EVENT world:unitAdded] #3 (anon_3) took 0.0ms
2026-10-01T18:06:23.203Z [EVENT world:unitAdded] #4 (anon_4) took 0.0ms
2026-10-01T18:06:23.203Z [EVENT world:unitAdded] #5 (anon_5) took 0.0ms
2026-10-01T18:06:23.243Z [EVENT world:unitAdded] #0 (anon_0) took 0.0ms
2026-10-01T18:06:23.244Z [EVENT world:unitAdded] #1 (clearUnitCaches) took 0.0ms
2026-10-01T18:06:23.244Z [EVENT world:unitAdded] #2 (markBedsDirty) took 0.0ms
2026-10-01T18:06:23.244Z [EVENT world:unitAdded] #3 (anon_3) took 0.0ms
2026-10-01T18:06:23.244Z [EVENT world:unitAdded] #4 (anon_4) took 0.0ms
2026-10-01T18:06:23.244Z [EVENT world:unitAdded] #5 (anon_5) took 0.0ms
2026-10-01T18:06:23.288Z [EVENT world:unitAdded] #0 (anon_0) took 0.0ms
2026-10-01T18:06:23.288Z [EVENT world:unitAdded] #1 (clearUnitCaches) took 0.0ms
2026-10-01T18:06:23.288Z [EVENT world:unitAdded] #2 (markBedsDirty) took 0.0ms
2026-10-01T18:06:23.288Z [EVENT world:unitAdded] #3 (anon_3) took 0.0ms
2026-10-01T18:06:23.289Z [EVENT world:unitAdded] #4 (anon_4) took 0.0ms
2026-10-01T18:06:23.289Z [EVENT world:unitAdded] #5 (anon_5) took 0.0ms
2026-10-01T18:06:23.330Z [EVENT world:unitAdded] #0 (anon_0) took 0.0ms
2026-10-01T18:06:23.330Z [EVENT world:unitAdded] #1 (clearUnitCaches) took 0.0ms
2026-10-01T18:06:23.330Z [EVENT world:unitAdded] #2 (markBedsDirty) took 0.0ms
2026-10-01T18:06:23.331Z [EVENT world:unitAdded] #3 (anon_3) took 0.0ms
2026-10-01T18:06:23.331Z [EVENT world:unitAdded] #4 (anon_4) took 0.0ms
2026-10-01T18:06:23.331Z [EVENT world:unitAdded] #5 (anon_5) took 0.0ms
2026-10-01T18:06:23.377Z [EVENT world:unitAdded] #0 (anon_0) took 0.0ms
2026-10-01T18:06:23.377Z [EVENT world:unitAdded] #1 (clearUnitCaches) took 0.0ms
2026-10-01T18:06:23.377Z [EVENT world:unitAdded] #2 (markBedsDirty) took 0.0ms
2026-10-01T18:06:23.377Z [EVENT world:unitAdded] #3 (anon_3) took 0.0ms
2026-10-01T18:06:23.377Z [EVENT world:unitAdded] #4 (anon_4) took 0.0ms
2026-10-01T18:06:23.377Z [EVENT world:unitAdded] #5 (anon_5) took 0.0ms
2026-10-01T18:06:23.419Z [EVENT world:unitAdded] #0 (anon_0) took 0.0ms
2026-10-01T18:06:23.420Z [EVENT world:unitAdded] #1 (clearUnitCaches) took 0.0ms
2026-10-01T18:06:23.420Z [EVENT world:unitAdded] #2 (markBedsDirty) took 0.0ms
2026-10-01T18:06:23.420Z [EVENT world:unitAdded] #3 (anon_3) took 0.0ms
2026-10-01T18:06:23.420Z [EVENT world:unitAdded] #4 (anon_4) took 0.0ms
2026-10-01T18:06:23.420Z [EVENT world:unitAdded] #5 (anon_5) took 0.0ms
2026-10-01T18:06:23.445Z [EVENT world:unitAdded] #0 (anon_0) took 0.0ms
2026-10-01T18:06:23.446Z [EVENT world:unitAdded] #1 (clearUnitCaches) took 0.0ms
2026-10-01T18:06:23.446Z [EVENT world:unitAdded] #2 (markBedsDirty) took 0.0ms
2026-10-01T18:06:23.446Z [EVENT world:unitAdded] #3 (anon_3) took 0.0ms
2026-10-01T18:06:23.446Z [EVENT world:unitAdded] #4 (anon_4) took 0.0ms
2026-10-01T18:06:23.446Z [EVENT world:unitAdded] #5 (anon_5) took 0.0ms
2026-10-01T18:06:23.477Z [EVENT world:unitAdded] #0 (anon_0) took 0.0ms
2026-10-01T18:06:23.478Z [EVENT world:unitAdded] #1 (clearUnitCaches) took 0.0ms
2026-10-01T18:06:23.478Z [EVENT world:unitAdded] #2 (markBedsDirty) took 0.0ms
2026-10-01T18:06:23.478Z [EVENT world:unitAdded] #3 (anon_3) took 0.0ms
2026-10-01T18:06:23.478Z [EVENT world:unitAdded] #4 (anon_4) took 0.0ms
2026-10-01T18:06:23.479Z [EVENT world:unitAdded] #5 (anon_5) took 0.0ms
2026-10-01T18:06:23.502Z [EVENT world:unitAdded] #0 (anon_0) took 0.0ms
2026-10-01T18:06:23.503Z [EVENT world:unitAdded] #1 (clearUnitCaches) took 0.0ms
2026-10-01T18:06:23.503Z [EVENT world:unitAdded] #2 (markBedsDirty) took 0.0ms
2026-10-01T18:06:23.503Z [EVENT world:unitAdded] #3 (anon_3) took 0.0ms
2026-10-01T18:06:23.503Z [EVENT world:unitAdded] #4 (anon_4) took 0.0ms
2026-10-01T18:06:23.503Z [EVENT world:unitAdded] #5 (anon_5) took 0.0ms
2026-10-01T18:06:23.524Z [EVENT world:unitAdded] #0 (anon_0) took 0.0ms
2026-10-01T18:06:23.524Z [EVENT world:unitAdded] #1 (clearUnitCaches) took 0.0ms
2026-10-01T18:06:23.524Z [EVENT world:unitAdded] #2 (markBedsDirty) took 0.0ms
2026-10-01T18:06:23.525Z [EVENT world:unitAdded] #3 (anon_3) took 0.0ms
2026-10-01T18:06:23.525Z [EVENT world:unitAdded] #4 (anon_4) took 0.0ms
2026-10-01T18:06:23.525Z [EVENT world:unitAdded] #5 (anon_5) took 0.0ms
2026-10-01T18:06:23.544Z [EVENT world:unitAdded] #0 (anon_0) took 0.0ms
2026-10-01T18:06:23.544Z [EVENT world:unitAdded] #1 (clearUnitCaches) took 0.0ms
2026-10-01T18:06:23.545Z [EVENT world:unitAdded] #2 (markBedsDirty) took 0.0ms
2026-10-01T18:06:23.545Z [EVENT world:unitAdded] #3 (anon_3) took 0.0ms
2026-10-01T18:06:23.545Z [EVENT world:unitAdded] #4 (anon_4) took 0.0ms
2026-10-01T18:06:23.545Z [EVENT world:unitAdded] #5 (anon_5) took 0.0ms
2026-10-01T18:06:23.598Z [EVENT world:unitAdded] #0 (anon_0) took 0.0ms
2026-10-01T18:06:23.598Z [EVENT world:unitAdded] #1 (clearUnitCaches) took 0.0ms
2026-10-01T18:06:23.598Z [EVENT world:unitAdded] #2 (markBedsDirty) took 0.0ms
2026-10-01T18:06:23.598Z [EVENT world:unitAdded] #3 (anon_3) took 0.0ms
2026-10-01T18:06:23.599Z [EVENT world:unitAdded] #4 (anon_4) took 0.0ms
2026-10-01T18:06:23.599Z [EVENT world:unitAdded] #5 (anon_5) took 0.0ms
2026-10-01T18:06:23.662Z [EVENT world:unitAdded] #0 (anon_0) took 0.0ms
2026-10-01T18:06:23.662Z [EVENT world:unitAdded] #1 (clearUnitCaches) took 0.0ms
2026-10-01T18:06:23.662Z [EVENT world:unitAdded] #2 (markBedsDirty) took 0.0ms
2026-10-01T18:06:23.662Z [EVENT world:unitAdded] #3 (anon_3) took 0.0ms
2026-10-01T18:06:23.662Z [EVENT world:unitAdded] #4 (anon_4) took 0.0ms
2026-10-01T18:06:23.663Z [EVENT world:unitAdded] #5 (anon_5) took 0.0ms
2026-10-01T18:06:23.705Z [EVENT world:unitAdded] #0 (anon_0) took 0.0ms
2026-10-01T18:06:23.705Z [EVENT world:unitAdded] #1 (clearUnitCaches) took 0.0ms
2026-10-01T18:06:23.706Z [EVENT world:unitAdded] #2 (markBedsDirty) took 0.0ms
2026-10-01T18:06:23.706Z [EVENT world:unitAdded] #3 (anon_3) took 0.0ms
2026-10-01T18:06:23.706Z [EVENT world:unitAdded] #4 (anon_4) took 0.0ms
2026-10-01T18:06:23.706Z [EVENT world:unitAdded] #5 (anon_5) took 0.0ms
2026-10-01T18:06:23.754Z [EVENT world:unitAdded] #0 (anon_0) took 0.0ms
2026-10-01T18:06:23.754Z [EVENT world:unitAdded] #1 (clearUnitCaches) took 0.0ms
2026-10-01T18:06:23.754Z [EVENT world:unitAdded] #2 (markBedsDirty) took 0.0ms
2026-10-01T18:06:23.754Z [EVENT world:unitAdded] #3 (anon_3) took 0.0ms
2026-10-01T18:06:23.754Z [EVENT world:unitAdded] #4 (anon_4) took 0.0ms
2026-10-01T18:06:23.755Z [EVENT world:unitAdded] #5 (anon_5) took 0.0ms
2026-10-01T18:06:23.771Z [EVENT world:unitAdded] #0 (anon_0) took 0.0ms
2026-10-01T18:06:23.771Z [EVENT world:unitAdded] #1 (clearUnitCaches) took 0.0ms
2026-10-01T18:06:23.771Z [EVENT world:unitAdded] #2 (markBedsDirty) took 0.0ms
2026-10-01T18:06:23.772Z [EVENT world:unitAdded] #3 (anon_3) took 0.0ms
2026-10-01T18:06:23.772Z [EVENT world:unitAdded] #4 (anon_4) took 0.0ms
2026-10-01T18:06:23.772Z [EVENT world:unitAdded] #5 (anon_5) took 0.0ms
2026-10-01T18:06:23.789Z [EVENT world:unitAdded] #0 (anon_0) took 0.0ms
2026-10-01T18:06:23.789Z [EVENT world:unitAdded] #1 (clearUnitCaches) took 0.0ms
2026-10-01T18:06:23.789Z [EVENT world:unitAdded] #2 (markBedsDirty) took 0.0ms
2026-10-01T18:06:23.790Z [EVENT world:unitAdded] #3 (anon_3) took 0.0ms
2026-10-01T18:06:23.790Z [EVENT world:unitAdded] #4 (anon_4) took 0.0ms
2026-10-01T18:06:23.790Z [EVENT world:unitAdded] #5 (anon_5) took 0.0ms
2026-10-01T18:06:23.806Z [EVENT world:unitAdded] #0 (anon_0) took 0.0ms
2026-10-01T18:06:23.806Z [EVENT world:unitAdded] #1 (clearUnitCaches) took 0.0ms
2026-10-01T18:06:23.806Z [EVENT world:unitAdded] #2 (markBedsDirty) took 0.0ms
2026-10-01T18:06:23.806Z [EVENT world:unitAdded] #3 (anon_3) took 0.0ms
2026-10-01T18:06:23.807Z [EVENT world:unitAdded] #4 (anon_4) took 0.0ms
2026-10-01T18:06:23.807Z [EVENT world:unitAdded] #5 (anon_5) took 0.0ms
2026-10-01T18:06:23.828Z [EVENT world:unitAdded] #0 (anon_0) took 0.0ms
2026-10-01T18:06:23.828Z [EVENT world:unitAdded] #1 (clearUnitCaches) took 0.0ms
2026-10-01T18:06:23.828Z [EVENT world:unitAdded] #2 (markBedsDirty) took 0.0ms
2026-10-01T18:06:23.828Z [EVENT world:unitAdded] #3 (anon_3) took 0.0ms
2026-10-01T18:06:23.829Z [EVENT world:unitAdded] #4 (anon_4) took 0.0ms
2026-10-01T18:06:23.829Z [EVENT world:unitAdded] #5 (anon_5) took 0.0ms
2026-10-01T18:06:23.845Z [EVENT world:unitAdded] #0 (anon_0) took 0.0ms
2026-10-01T18:06:23.846Z [EVENT world:unitAdded] #1 (clearUnitCaches) took 0.0ms
2026-10-01T18:06:23.846Z [EVENT world:unitAdded] #2 (markBedsDirty) took 0.0ms
2026-10-01T18:06:23.846Z [EVENT world:unitAdded] #3 (anon_3) took 0.0ms
2026-10-01T18:06:23.846Z [EVENT world:unitAdded] #4 (anon_4) took 0.0ms
2026-10-01T18:06:23.846Z [EVENT world:unitAdded] #5 (anon_5) took 0.0ms
2026-10-01T18:06:23.865Z [EVENT world:unitAdded] #0 (anon_0) took 0.0ms
2026-10-01T18:06:23.866Z [EVENT world:unitAdded] #1 (clearUnitCaches) took 0.0ms
2026-10-01T18:06:23.866Z [EVENT world:unitAdded] #2 (markBedsDirty) took 0.0ms
2026-10-01T18:06:23.866Z [EVENT world:unitAdded] #3 (anon_3) took 0.0ms
2026-10-01T18:06:23.866Z [EVENT world:unitAdded] #4 (anon_4) took 0.0ms
2026-10-01T18:06:23.866Z [EVENT world:unitAdded] #5 (anon_5) took 0.0ms
2026-10-01T18:06:23.888Z [EVENT world:unitAdded] #0 (anon_0) took 0.0ms
2026-10-01T18:06:23.888Z [EVENT world:unitAdded] #1 (clearUnitCaches) took 0.0ms
2026-10-01T18:06:23.889Z [EVENT world:unitAdded] #2 (markBedsDirty) took 0.0ms
2026-10-01T18:06:23.889Z [EVENT world:unitAdded] #3 (anon_3) took 0.0ms
2026-10-01T18:06:23.889Z [EVENT world:unitAdded] #4 (anon_4) took 0.0ms
2026-10-01T18:06:23.889Z [EVENT world:unitAdded] #5 (anon_5) took 0.0ms
2026-10-01T18:06:23.910Z [EVENT world:unitAdded] #0 (anon_0) took 0.0ms
2026-10-01T18:06:23.911Z [EVENT world:unitAdded] #1 (clearUnitCaches) took 0.0ms
2026-10-01T18:06:23.911Z [EVENT world:unitAdded] #2 (markBedsDirty) took 0.0ms
2026-10-01T18:06:23.911Z [EVENT world:unitAdded] #3 (anon_3) took 0.0ms
2026-10-01T18:06:23.911Z [EVENT world:unitAdded] #4 (anon_4) took 0.0ms
2026-10-01T18:06:23.911Z [EVENT world:unitAdded] #5 (anon_5) took 0.0ms
2026-10-01T18:06:23.935Z [EVENT world:unitAdded] #0 (anon_0) took 0.0ms
2026-10-01T18:06:23.936Z [EVENT world:unitAdded] #1 (clearUnitCaches) took 0.0ms
2026-10-01T18:06:23.936Z [EVENT world:unitAdded] #2 (markBedsDirty) took 0.0ms
2026-10-01T18:06:23.936Z [EVENT world:unitAdded] #3 (anon_3) took 0.0ms
2026-10-01T18:06:23.936Z [EVENT world:unitAdded] #4 (anon_4) took 0.0ms
2026-10-01T18:06:23.936Z [EVENT world:unitAdded] #5 (anon_5) took 0.0ms
2026-10-01T18:06:23.963Z [EVENT world:unitAdded] #0 (anon_0) took 0.0ms
2026-10-01T18:06:23.963Z [EVENT world:unitAdded] #1 (clearUnitCaches) took 0.0ms
2026-10-01T18:06:23.963Z [EVENT world:unitAdded] #2 (markBedsDirty) took 0.0ms
2026-10-01T18:06:23.964Z [EVENT world:unitAdded] #3 (anon_3) took 0.0ms
2026-10-01T18:06:23.964Z [EVENT world:unitAdded] #4 (anon_4) took 0.0ms
2026-10-01T18:06:23.964Z [EVENT world:unitAdded] #5 (anon_5) took 0.0ms
2026-10-01T18:06:24.013Z [EVENT world:unitAdded] #0 (anon_0) took 0.0ms
2026-10-01T18:06:24.013Z [EVENT world:unitAdded] #1 (clearUnitCaches) took 0.0ms
2026-10-01T18:06:24.013Z [EVENT world:unitAdded] #2 (markBedsDirty) took 0.0ms
2026-10-01T18:06:24.014Z [EVENT world:unitAdded] #3 (anon_3) took 0.0ms
2026-10-01T18:06:24.014Z [EVENT world:unitAdded] #4 (anon_4) took 0.0ms
2026-10-01T18:06:24.014Z [EVENT world:unitAdded] #5 (anon_5) took 0.0ms
2026-10-01T18:06:24.068Z [EVENT world:unitAdded] #0 (anon_0) took 0.0ms
2026-10-01T18:06:24.068Z [EVENT world:unitAdded] #1 (clearUnitCaches) took 0.0ms
2026-10-01T18:06:24.068Z [EVENT world:unitAdded] #2 (markBedsDirty) took 0.0ms
2026-10-01T18:06:24.068Z [EVENT world:unitAdded] #3 (anon_3) took 0.0ms
2026-10-01T18:06:24.069Z [EVENT world:unitAdded] #4 (anon_4) took 0.0ms
2026-10-01T18:06:24.069Z [EVENT world:unitAdded] #5 (anon_5) took 0.0ms
2026-10-01T18:06:24.115Z [EVENT world:unitAdded] #0 (anon_0) took 0.0ms
2026-10-01T18:06:24.115Z [EVENT world:unitAdded] #1 (clearUnitCaches) took 0.0ms
2026-10-01T18:06:24.115Z [EVENT world:unitAdded] #2 (markBedsDirty) took 0.0ms
2026-10-01T18:06:24.115Z [EVENT world:unitAdded] #3 (anon_3) took 0.0ms
2026-10-01T18:06:24.116Z [EVENT world:unitAdded] #4 (anon_4) took 0.0ms
2026-10-01T18:06:24.116Z [EVENT world:unitAdded] #5 (anon_5) took 0.0ms
2026-10-01T18:06:24.163Z [EVENT world:unitAdded] #0 (anon_0) took 0.0ms
2026-10-01T18:06:24.163Z [EVENT world:unitAdded] #1 (clearUnitCaches) took 0.0ms
2026-10-01T18:06:24.163Z [EVENT world:unitAdded] #2 (markBedsDirty) took 0.0ms
2026-10-01T18:06:24.163Z [EVENT world:unitAdded] #3 (anon_3) took 0.0ms
2026-10-01T18:06:24.163Z [EVENT world:unitAdded] #4 (anon_4) took 0.0ms
2026-10-01T18:06:24.164Z [EVENT world:unitAdded] #5 (anon_5) took 0.0ms
2026-10-01T18:06:24.512Z [EVENT world:unitAdded] #0 (anon_0) took 0.0ms
2026-10-01T18:06:24.513Z [EVENT world:unitAdded] #1 (clearUnitCaches) took 0.0ms
2026-10-01T18:06:24.513Z [EVENT world:unitAdded] #2 (markBedsDirty) took 0.0ms
2026-10-01T18:06:24.513Z [EVENT world:unitAdded] #3 (anon_3) took 0.0ms
2026-10-01T18:06:24.514Z [EVENT world:unitAdded] #4 (anon_4) took 0.0ms
2026-10-01T18:06:24.514Z [EVENT world:unitAdded] #5 (anon_5) took 0.0ms
2026-10-01T18:06:24.819Z [EVENT world:unitAdded] #0 (anon_0) took 0.0ms
2026-10-01T18:06:24.819Z [EVENT world:unitAdded] #1 (clearUnitCaches) took 0.0ms
2026-10-01T18:06:24.819Z [EVENT world:unitAdded] #2 (markBedsDirty) took 0.0ms
2026-10-01T18:06:24.819Z [EVENT world:unitAdded] #3 (anon_3) took 0.0ms
2026-10-01T18:06:24.820Z [EVENT world:unitAdded] #4 (anon_4) took 0.0ms
2026-10-01T18:06:24.820Z [EVENT world:unitAdded] #5 (anon_5) took 0.0ms
2026-10-01T18:06:25.109Z [EVENT world:unitAdded] #0 (anon_0) took 0.0ms
2026-10-01T18:06:25.110Z [EVENT world:unitAdded] #1 (clearUnitCaches) took 0.0ms
2026-10-01T18:06:25.110Z [EVENT world:unitAdded] #2 (markBedsDirty) took 0.0ms
2026-10-01T18:06:25.110Z [EVENT world:unitAdded] #3 (anon_3) took 0.0ms
2026-10-01T18:06:25.110Z [EVENT world:unitAdded] #4 (anon_4) took 0.0ms
2026-10-01T18:06:25.110Z [EVENT world:unitAdded] #5 (anon_5) took 0.0ms
2026-10-01T18:06:25.394Z [EVENT world:unitAdded] #0 (anon_0) took 0.0ms
2026-10-01T18:06:25.395Z [EVENT world:unitAdded] #1 (clearUnitCaches) took 0.0ms
2026-10-01T18:06:25.395Z [EVENT world:unitAdded] #2 (markBedsDirty) took 0.0ms
2026-10-01T18:06:25.395Z [EVENT world:unitAdded] #3 (anon_3) took 0.0ms
2026-10-01T18:06:25.395Z [EVENT world:unitAdded] #4 (anon_4) took 0.0ms
2026-10-01T18:06:25.395Z [EVENT world:unitAdded] #5 (anon_5) took 0.0ms
2026-10-01T18:06:25.662Z [EVENT world:unitAdded] #0 (anon_0) took 0.0ms
2026-10-01T18:06:25.662Z [EVENT world:unitAdded] #1 (clearUnitCaches) took 0.0ms
2026-10-01T18:06:25.662Z [EVENT world:unitAdded] #2 (markBedsDirty) took 0.0ms
2026-10-01T18:06:25.663Z [EVENT world:unitAdded] #3 (anon_3) took 0.0ms
2026-10-01T18:06:25.663Z [EVENT world:unitAdded] #4 (anon_4) took 0.0ms
2026-10-01T18:06:25.663Z [EVENT world:unitAdded] #5 (anon_5) took 0.0ms
2026-10-01T18:06:25.663Z [EVENT world:unitAdded] #0 (anon_0) took 0.0ms
2026-10-01T18:06:25.664Z [EVENT world:unitAdded] #1 (clearUnitCaches) took 0.0ms
2026-10-01T18:06:25.664Z [EVENT world:unitAdded] #2 (markBedsDirty) took 0.0ms
2026-10-01T18:06:25.664Z [EVENT world:unitAdded] #3 (anon_3) took 0.0ms
2026-10-01T18:06:25.664Z [EVENT world:unitAdded] #4 (anon_4) took 0.0ms
2026-10-01T18:06:25.664Z [EVENT world:unitAdded] #5 (anon_5) took 0.0ms
2026-10-01T18:06:25.664Z [EVENT world:unitAdded] #0 (anon_0) took 0.0ms
2026-10-01T18:06:25.665Z [EVENT world:unitAdded] #1 (clearUnitCaches) took 0.0ms
2026-10-01T18:06:25.665Z [EVENT world:unitAdded] #2 (markBedsDirty) took 0.0ms
2026-10-01T18:06:25.665Z [EVENT world:unitAdded] #3 (anon_3) took 0.0ms
2026-10-01T18:06:25.665Z [EVENT world:unitAdded] #4 (anon_4) took 0.0ms
2026-10-01T18:06:25.665Z [EVENT world:unitAdded] #5 (anon_5) took 0.0ms
2026-10-01T18:06:25.666Z [EVENT world:unitAdded] #0 (anon_0) took 0.0ms
2026-10-01T18:06:25.666Z [EVENT world:unitAdded] #1 (clearUnitCaches) took 0.0ms
2026-10-01T18:06:25.666Z [EVENT world:unitAdded] #2 (markBedsDirty) took 0.0ms
2026-10-01T18:06:25.667Z [EVENT world:unitAdded] #3 (anon_3) took 0.0ms
2026-10-01T18:06:25.667Z [EVENT world:unitAdded] #4 (anon_4) took 0.0ms
2026-10-01T18:06:25.667Z [EVENT world:unitAdded] #5 (anon_5) took 0.0ms
2026-10-01T18:06:25.667Z [EVENT world:unitAdded] #0 (anon_0) took 0.0ms
2026-10-01T18:06:25.668Z [EVENT world:unitAdded] #1 (clearUnitCaches) took 0.0ms
2026-10-01T18:06:25.668Z [EVENT world:unitAdded] #2 (markBedsDirty) took 0.0ms
2026-10-01T18:06:25.668Z [EVENT world:unitAdded] #3 (anon_3) took 0.0ms
2026-10-01T18:06:25.668Z [EVENT world:unitAdded] #4 (anon_4) took 0.0ms
2026-10-01T18:06:25.668Z [EVENT world:unitAdded] #5 (anon_5) took 0.0ms
2026-10-01T18:06:25.669Z [EVENT world:unitAdded] #0 (anon_0) took 0.0ms
2026-10-01T18:06:25.669Z [EVENT world:unitAdded] #1 (clearUnitCaches) took 0.0ms
2026-10-01T18:06:25.669Z [EVENT world:unitAdded] #2 (markBedsDirty) took 0.0ms
2026-10-01T18:06:25.669Z [EVENT world:unitAdded] #3 (anon_3) took 0.0ms
2026-10-01T18:06:25.669Z [EVENT world:unitAdded] #4 (anon_4) took 0.0ms
2026-10-01T18:06:25.670Z [EVENT world:unitAdded] #5 (anon_5) took 0.0ms
2026-10-01T18:06:25.672Z [EVENT world:unitAdded] #0 (anon_0) took 0.0ms
2026-10-01T18:06:25.672Z [EVENT world:unitAdded] #1 (clearUnitCaches) took 0.0ms
2026-10-01T18:06:25.672Z [EVENT world:unitAdded] #2 (markBedsDirty) took 0.0ms
2026-10-01T18:06:25.672Z [EVENT world:unitAdded] #3 (anon_3) took 0.0ms
2026-10-01T18:06:25.672Z [EVENT world:unitAdded] #4 (anon_4) took 0.0ms
2026-10-01T18:06:25.673Z [EVENT world:unitAdded] #5 (anon_5) took 0.0ms
2026-10-01T18:06:25.673Z [EVENT world:unitAdded] #0 (anon_0) took 0.0ms
2026-10-01T18:06:25.673Z [EVENT world:unitAdded] #1 (clearUnitCaches) took 0.0ms
2026-10-01T18:06:25.673Z [EVENT world:unitAdded] #2 (markBedsDirty) took 0.0ms
2026-10-01T18:06:25.673Z [EVENT world:unitAdded] #3 (anon_3) took 0.0ms
2026-10-01T18:06:25.674Z [EVENT world:unitAdded] #4 (anon_4) took 0.0ms
2026-10-01T18:06:25.674Z [EVENT world:unitAdded] #5 (anon_5) took 0.0ms
2026-10-01T18:06:25.674Z [EVENT world:unitAdded] #0 (anon_0) took 0.0ms
2026-10-01T18:06:25.674Z [EVENT world:unitAdded] #1 (clearUnitCaches) took 0.0ms
2026-10-01T18:06:25.674Z [EVENT world:unitAdded] #2 (markBedsDirty) took 0.0ms
2026-10-01T18:06:25.675Z [EVENT world:unitAdded] #3 (anon_3) took 0.0ms
2026-10-01T18:06:25.675Z [EVENT world:unitAdded] #4 (anon_4) took 0.0ms
2026-10-01T18:06:25.675Z [EVENT world:unitAdded] #5 (anon_5) took 0.0ms
2026-10-01T18:06:25.675Z [EVENT world:unitAdded] #0 (anon_0) took 0.0ms
2026-10-01T18:06:25.676Z [EVENT world:unitAdded] #1 (clearUnitCaches) took 0.0ms
2026-10-01T18:06:25.676Z [EVENT world:unitAdded] #2 (markBedsDirty) took 0.0ms
2026-10-01T18:06:25.676Z [EVENT world:unitAdded] #3 (anon_3) took 0.0ms
2026-10-01T18:06:25.676Z [EVENT world:unitAdded] #4 (anon_4) took 0.0ms
2026-10-01T18:06:25.676Z [EVENT world:unitAdded] #5 (anon_5) took 0.0ms
2026-10-01T18:06:26.126Z [EVENT world:unitAdded] #0 (anon_0) took 0.0ms
2026-10-01T18:06:26.126Z [EVENT world:unitAdded] #1 (clearUnitCaches) took 0.0ms
2026-10-01T18:06:26.126Z [EVENT world:unitAdded] #2 (markBedsDirty) took 0.0ms
2026-10-01T18:06:26.127Z [EVENT world:unitAdded] #3 (anon_3) took 0.0ms
2026-10-01T18:06:26.127Z [EVENT world:unitAdded] #4 (anon_4) took 0.0ms
2026-10-01T18:06:26.127Z [EVENT world:unitAdded] #5 (anon_5) took 0.0ms
2026-10-01T18:06:26.574Z [EVENT world:unitAdded] #0 (anon_0) took 0.0ms
2026-10-01T18:06:26.575Z [EVENT world:unitAdded] #1 (clearUnitCaches) took 0.0ms
2026-10-01T18:06:26.575Z [EVENT world:unitAdded] #2 (markBedsDirty) took 0.0ms
2026-10-01T18:06:26.575Z [EVENT world:unitAdded] #3 (anon_3) took 0.0ms
2026-10-01T18:06:26.575Z [EVENT world:unitAdded] #4 (anon_4) took 0.0ms
2026-10-01T18:06:26.575Z [EVENT world:unitAdded] #5 (anon_5) took 0.0ms
2026-10-01T18:06:27.025Z [EVENT world:unitAdded] #0 (anon_0) took 0.0ms
2026-10-01T18:06:27.025Z [EVENT world:unitAdded] #1 (clearUnitCaches) took 0.0ms
2026-10-01T18:06:27.025Z [EVENT world:unitAdded] #2 (markBedsDirty) took 0.0ms
2026-10-01T18:06:27.025Z [EVENT world:unitAdded] #3 (anon_3) took 0.0ms
2026-10-01T18:06:27.025Z [EVENT world:unitAdded] #4 (anon_4) took 0.0ms
2026-10-01T18:06:27.026Z [EVENT world:unitAdded] #5 (anon_5) took 0.0ms
2026-10-01T18:06:27.472Z [EVENT world:unitAdded] #0 (anon_0) took 0.0ms
2026-10-01T18:06:27.472Z [EVENT world:unitAdded] #1 (clearUnitCaches) took 0.0ms
2026-10-01T18:06:27.473Z [EVENT world:unitAdded] #2 (markBedsDirty) took 0.0ms
2026-10-01T18:06:27.473Z [EVENT world:unitAdded] #3 (anon_3) took 0.0ms
2026-10-01T18:06:27.473Z [EVENT world:unitAdded] #4 (anon_4) took 0.0ms
2026-10-01T18:06:27.473Z [EVENT world:unitAdded] #5 (anon_5) took 0.0ms
2026-10-01T18:06:27.499Z [EVENT world:unitAdded] #0 (anon_0) took 0.0ms
2026-10-01T18:06:27.499Z [EVENT world:unitAdded] #1 (clearUnitCaches) took 0.0ms
2026-10-01T18:06:27.500Z [EVENT world:unitAdded] #2 (markBedsDirty) took 0.0ms
2026-10-01T18:06:27.500Z [EVENT world:unitAdded] #3 (anon_3) took 0.0ms
2026-10-01T18:06:27.500Z [EVENT world:unitAdded] #4 (anon_4) took 0.0ms
2026-10-01T18:06:27.500Z [EVENT world:unitAdded] #5 (anon_5) took 0.0ms
2026-10-01T18:06:27.518Z [EVENT world:unitAdded] #0 (anon_0) took 0.0ms
2026-10-01T18:06:27.519Z [EVENT world:unitAdded] #1 (clearUnitCaches) took 0.0ms
2026-10-01T18:06:27.519Z [EVENT world:unitAdded] #2 (markBedsDirty) took 0.0ms
2026-10-01T18:06:27.519Z [EVENT world:unitAdded] #3 (anon_3) took 0.0ms
2026-10-01T18:06:27.519Z [EVENT world:unitAdded] #4 (anon_4) took 0.0ms
2026-10-01T18:06:27.519Z [EVENT world:unitAdded] #5 (anon_5) took 0.0ms
2026-10-01T18:06:27.543Z [EVENT world:unitAdded] #0 (anon_0) took 0.0ms
2026-10-01T18:06:27.544Z [EVENT world:unitAdded] #1 (clearUnitCaches) took 0.0ms
2026-10-01T18:06:27.544Z [EVENT world:unitAdded] #2 (markBedsDirty) took 0.0ms
2026-10-01T18:06:27.544Z [EVENT world:unitAdded] #3 (anon_3) took 0.0ms
2026-10-01T18:06:27.544Z [EVENT world:unitAdded] #4 (anon_4) took 0.0ms
2026-10-01T18:06:27.544Z [EVENT world:unitAdded] #5 (anon_5) took 0.0ms
2026-10-01T18:06:27.566Z [EVENT world:unitAdded] #0 (anon_0) took 0.0ms
2026-10-01T18:06:27.567Z [EVENT world:unitAdded] #1 (clearUnitCaches) took 0.0ms
2026-10-01T18:06:27.567Z [EVENT world:unitAdded] #2 (markBedsDirty) took 0.0ms
2026-10-01T18:06:27.567Z [EVENT world:unitAdded] #3 (anon_3) took 0.0ms
2026-10-01T18:06:27.567Z [EVENT world:unitAdded] #4 (anon_4) took 0.0ms
2026-10-01T18:06:27.567Z [EVENT world:unitAdded] #5 (anon_5) took 0.0ms
2026-10-01T18:06:27.568Z [EVENT world:unitAdded] #0 (anon_0) took 0.0ms
2026-10-01T18:06:27.568Z [EVENT world:unitAdded] #1 (clearUnitCaches) took 0.0ms
2026-10-01T18:06:27.568Z [EVENT world:unitAdded] #2 (markBedsDirty) took 0.0ms
2026-10-01T18:06:27.569Z [EVENT world:unitAdded] #3 (anon_3) took 0.0ms
2026-10-01T18:06:27.569Z [EVENT world:unitAdded] #4 (anon_4) took 0.0ms
2026-10-01T18:06:27.569Z [EVENT world:unitAdded] #5 (anon_5) took 0.0ms
2026-10-01T18:06:27.570Z [EVENT world:unitAdded] #0 (anon_0) took 0.0ms
2026-10-01T18:06:27.570Z [EVENT world:unitAdded] #1 (clearUnitCaches) took 0.0ms
2026-10-01T18:06:27.570Z [EVENT world:unitAdded] #2 (markBedsDirty) took 0.0ms
2026-10-01T18:06:27.570Z [EVENT world:unitAdded] #3 (anon_3) took 0.0ms
2026-10-01T18:06:27.570Z [EVENT world:unitAdded] #4 (anon_4) took 0.0ms
2026-10-01T18:06:27.571Z [EVENT world:unitAdded] #5 (anon_5) took 0.0ms
2026-10-01T18:06:27.574Z [EVENT world:unitAdded] #0 (anon_0) took 0.0ms
2026-10-01T18:06:27.574Z [EVENT world:unitAdded] #1 (clearUnitCaches) took 0.0ms
2026-10-01T18:06:27.574Z [EVENT world:unitAdded] #2 (markBedsDirty) took 0.0ms
2026-10-01T18:06:27.575Z [EVENT world:unitAdded] #3 (anon_3) took 0.0ms
2026-10-01T18:06:27.575Z [EVENT world:unitAdded] #4 (anon_4) took 0.0ms
2026-10-01T18:06:27.575Z [EVENT world:unitAdded] #5 (anon_5) took 0.0ms
2026-10-01T18:06:27.847Z [EVENT world:unitAdded] #0 (anon_0) took 0.0ms
2026-10-01T18:06:27.848Z [EVENT world:unitAdded] #1 (clearUnitCaches) took 0.0ms
2026-10-01T18:06:27.848Z [EVENT world:unitAdded] #2 (markBedsDirty) took 0.0ms
2026-10-01T18:06:27.848Z [EVENT world:unitAdded] #3 (anon_3) took 0.0ms
2026-10-01T18:06:27.848Z [EVENT world:unitAdded] #4 (anon_4) took 0.0ms
2026-10-01T18:06:27.849Z [EVENT world:unitAdded] #5 (anon_5) took 0.0ms
2026-10-01T18:06:28.124Z [EVENT world:unitAdded] #0 (anon_0) took 0.0ms
2026-10-01T18:06:28.124Z [EVENT world:unitAdded] #1 (clearUnitCaches) took 0.0ms
2026-10-01T18:06:28.124Z [EVENT world:unitAdded] #2 (markBedsDirty) took 0.0ms
2026-10-01T18:06:28.124Z [EVENT world:unitAdded] #3 (anon_3) took 0.0ms
2026-10-01T18:06:28.125Z [EVENT world:unitAdded] #4 (anon_4) took 0.0ms
2026-10-01T18:06:28.125Z [EVENT world:unitAdded] #5 (anon_5) took 0.0ms
2026-10-01T18:06:28.390Z [EVENT world:unitAdded] #0 (anon_0) took 0.0ms
2026-10-01T18:06:28.390Z [EVENT world:unitAdded] #1 (clearUnitCaches) took 0.0ms
2026-10-01T18:06:28.391Z [EVENT world:unitAdded] #2 (markBedsDirty) took 0.0ms
2026-10-01T18:06:28.391Z [EVENT world:unitAdded] #3 (anon_3) took 0.0ms
2026-10-01T18:06:28.391Z [EVENT world:unitAdded] #4 (anon_4) took 0.0ms
2026-10-01T18:06:28.391Z [EVENT world:unitAdded] #5 (anon_5) took 0.0ms
2026-10-01T18:06:28.414Z [EVENT world:unitAdded] #0 (anon_0) took 0.0ms
2026-10-01T18:06:28.414Z [EVENT world:unitAdded] #1 (clearUnitCaches) took 0.0ms
2026-10-01T18:06:28.414Z [EVENT world:unitAdded] #2 (markBedsDirty) took 0.0ms
2026-10-01T18:06:28.414Z [EVENT world:unitAdded] #3 (anon_3) took 0.0ms
2026-10-01T18:06:28.414Z [EVENT world:unitAdded] #4 (anon_4) took 0.0ms
2026-10-01T18:06:28.415Z [EVENT world:unitAdded] #5 (anon_5) took 0.0ms
2026-10-01T18:06:28.435Z [EVENT world:unitAdded] #0 (anon_0) took 0.0ms
2026-10-01T18:06:28.435Z [EVENT world:unitAdded] #1 (clearUnitCaches) took 0.0ms
2026-10-01T18:06:28.436Z [EVENT world:unitAdded] #2 (markBedsDirty) took 0.0ms
2026-10-01T18:06:28.436Z [EVENT world:unitAdded] #3 (anon_3) took 0.0ms
2026-10-01T18:06:28.436Z [EVENT world:unitAdded] #4 (anon_4) took 0.0ms
2026-10-01T18:06:28.436Z [EVENT world:unitAdded] #5 (anon_5) took 0.0ms
2026-10-01T18:06:28.454Z [EVENT world:unitAdded] #0 (anon_0) took 0.0ms
2026-10-01T18:06:28.455Z [EVENT world:unitAdded] #1 (clearUnitCaches) took 0.0ms
2026-10-01T18:06:28.455Z [EVENT world:unitAdded] #2 (markBedsDirty) took 0.0ms
2026-10-01T18:06:28.455Z [EVENT world:unitAdded] #3 (anon_3) took 0.0ms
2026-10-01T18:06:28.455Z [EVENT world:unitAdded] #4 (anon_4) took 0.0ms
2026-10-01T18:06:28.455Z [EVENT world:unitAdded] #5 (anon_5) took 0.0ms
2026-10-01T18:06:28.483Z [EVENT world:unitAdded] #0 (anon_0) took 0.0ms
2026-10-01T18:06:28.484Z [EVENT world:unitAdded] #1 (clearUnitCaches) took 0.0ms
2026-10-01T18:06:28.484Z [EVENT world:unitAdded] #2 (markBedsDirty) took 0.0ms
2026-10-01T18:06:28.484Z [EVENT world:unitAdded] #3 (anon_3) took 0.0ms
2026-10-01T18:06:28.484Z [EVENT world:unitAdded] #4 (anon_4) took 0.0ms
2026-10-01T18:06:28.484Z [EVENT world:unitAdded] #5 (anon_5) took 0.0ms
2026-10-01T18:06:28.485Z [EVENT world:unitAdded] #0 (anon_0) took 0.0ms
2026-10-01T18:06:28.485Z [EVENT world:unitAdded] #1 (clearUnitCaches) took 0.0ms
2026-10-01T18:06:28.485Z [EVENT world:unitAdded] #2 (markBedsDirty) took 0.0ms
2026-10-01T18:06:28.485Z [EVENT world:unitAdded] #3 (anon_3) took 0.0ms
2026-10-01T18:06:28.485Z [EVENT world:unitAdded] #4 (anon_4) took 0.0ms
2026-10-01T18:06:28.485Z [EVENT world:unitAdded] #5 (anon_5) took 0.0ms
2026-10-01T18:06:28.486Z [EVENT world:unitAdded] #0 (anon_0) took 0.0ms
2026-10-01T18:06:28.486Z [EVENT world:unitAdded] #1 (clearUnitCaches) took 0.0ms
2026-10-01T18:06:28.486Z [EVENT world:unitAdded] #2 (markBedsDirty) took 0.0ms
2026-10-01T18:06:28.486Z [EVENT world:unitAdded] #3 (anon_3) took 0.0ms
2026-10-01T18:06:28.486Z [EVENT world:unitAdded] #4 (anon_4) took 0.0ms
2026-10-01T18:06:28.486Z [EVENT world:unitAdded] #5 (anon_5) took 0.0ms
2026-10-01T18:06:28.487Z [EVENT world:unitAdded] #0 (anon_0) took 0.0ms
2026-10-01T18:06:28.487Z [EVENT world:unitAdded] #1 (clearUnitCaches) took 0.0ms
2026-10-01T18:06:28.487Z [EVENT world:unitAdded] #2 (markBedsDirty) took 0.0ms
2026-10-01T18:06:28.487Z [EVENT world:unitAdded] #3 (anon_3) took 0.0ms
2026-10-01T18:06:28.487Z [EVENT world:unitAdded] #4 (anon_4) took 0.0ms
2026-10-01T18:06:28.487Z [EVENT world:unitAdded] #5 (anon_5) took 0.0ms
2026-10-01T18:06:28.488Z [EVENT world:unitAdded] #0 (anon_0) took 0.0ms
2026-10-01T18:06:28.488Z [EVENT world:unitAdded] #1 (clearUnitCaches) took 0.0ms
2026-10-01T18:06:28.488Z [EVENT world:unitAdded] #2 (markBedsDirty) took 0.0ms
2026-10-01T18:06:28.488Z [EVENT world:unitAdded] #3 (anon_3) took 0.0ms
2026-10-01T18:06:28.489Z [EVENT world:unitAdded] #4 (anon_4) took 0.0ms
2026-10-01T18:06:28.489Z [EVENT world:unitAdded] #5 (anon_5) took 0.0ms
2026-10-01T18:06:28.489Z [EVENT world:unitAdded] #0 (anon_0) took 0.0ms
2026-10-01T18:06:28.489Z [EVENT world:unitAdded] #1 (clearUnitCaches) took 0.0ms
2026-10-01T18:06:28.489Z [EVENT world:unitAdded] #2 (markBedsDirty) took 0.0ms
2026-10-01T18:06:28.489Z [EVENT world:unitAdded] #3 (anon_3) took 0.0ms
2026-10-01T18:06:28.490Z [EVENT world:unitAdded] #4 (anon_4) took 0.0ms
2026-10-01T18:06:28.490Z [EVENT world:unitAdded] #5 (anon_5) took 0.0ms
2026-10-01T18:06:28.490Z [EVENT world:unitAdded] #0 (anon_0) took 0.0ms
2026-10-01T18:06:28.490Z [EVENT world:unitAdded] #1 (clearUnitCaches) took 0.0ms
2026-10-01T18:06:28.490Z [EVENT world:unitAdded] #2 (markBedsDirty) took 0.0ms
2026-10-01T18:06:28.491Z [EVENT world:unitAdded] #3 (anon_3) took 0.0ms
2026-10-01T18:06:28.491Z [EVENT world:unitAdded] #4 (anon_4) took 0.0ms
2026-10-01T18:06:28.491Z [EVENT world:unitAdded] #5 (anon_5) took 0.0ms
2026-10-01T18:06:28.492Z [EVENT world:unitAdded] #0 (anon_0) took 0.0ms
2026-10-01T18:06:28.492Z [EVENT world:unitAdded] #1 (clearUnitCaches) took 0.0ms
2026-10-01T18:06:28.493Z [EVENT world:unitAdded] #2 (markBedsDirty) took 0.0ms
2026-10-01T18:06:28.493Z [EVENT world:unitAdded] #3 (anon_3) took 0.0ms
2026-10-01T18:06:28.493Z [EVENT world:unitAdded] #4 (anon_4) took 0.0ms
2026-10-01T18:06:28.493Z [EVENT world:unitAdded] #5 (anon_5) took 0.0ms
2026-10-01T18:06:28.495Z [EVENT world:unitAdded] #0 (anon_0) took 0.0ms
2026-10-01T18:06:28.495Z [EVENT world:unitAdded] #1 (clearUnitCaches) took 0.0ms
2026-10-01T18:06:28.496Z [EVENT world:unitAdded] #2 (markBedsDirty) took 0.0ms
2026-10-01T18:06:28.496Z [EVENT world:unitAdded] #3 (anon_3) took 0.0ms
2026-10-01T18:06:28.496Z [EVENT world:unitAdded] #4 (anon_4) took 0.0ms
2026-10-01T18:06:28.496Z [EVENT world:unitAdded] #5 (anon_5) took 0.0ms
2026-10-01T18:06:28.497Z [EVENT world:unitAdded] #0 (anon_0) took 0.0ms
2026-10-01T18:06:28.497Z [EVENT world:unitAdded] #1 (clearUnitCaches) took 0.0ms
2026-10-01T18:06:28.497Z [EVENT world:unitAdded] #2 (markBedsDirty) took 0.0ms
2026-10-01T18:06:28.497Z [EVENT world:unitAdded] #3 (anon_3) took 0.0ms
2026-10-01T18:06:28.497Z [EVENT world:unitAdded] #4 (anon_4) took 0.0ms
2026-10-01T18:06:28.497Z [EVENT world:unitAdded] #5 (anon_5) took 0.0ms
2026-10-01T18:06:28.498Z [EVENT world:unitAdded] #0 (anon_0) took 0.0ms
2026-10-01T18:06:28.498Z [EVENT world:unitAdded] #1 (clearUnitCaches) took 0.0ms
2026-10-01T18:06:28.498Z [EVENT world:unitAdded] #2 (markBedsDirty) took 0.0ms
2026-10-01T18:06:28.498Z [EVENT world:unitAdded] #3 (anon_3) took 0.0ms
2026-10-01T18:06:28.499Z [EVENT world:unitAdded] #4 (anon_4) took 0.0ms
2026-10-01T18:06:28.499Z [EVENT world:unitAdded] #5 (anon_5) took 0.0ms
2026-10-01T18:06:28.513Z [EVENT world:unitAdded] #0 (anon_0) took 0.0ms
2026-10-01T18:06:28.513Z [EVENT world:unitAdded] #1 (clearUnitCaches) took 0.0ms
2026-10-01T18:06:28.513Z [EVENT world:unitAdded] #2 (markBedsDirty) took 0.0ms
2026-10-01T18:06:28.513Z [EVENT world:unitAdded] #3 (anon_3) took 0.0ms
2026-10-01T18:06:28.513Z [EVENT world:unitAdded] #4 (anon_4) took 0.0ms
2026-10-01T18:06:28.513Z [EVENT world:unitAdded] #5 (anon_5) took 0.0ms
2026-10-01T18:06:28.520Z [EVENT world:unitAdded] #0 (anon_0) took 0.0ms
2026-10-01T18:06:28.521Z [EVENT world:unitAdded] #1 (clearUnitCaches) took 0.0ms
2026-10-01T18:06:28.521Z [EVENT world:unitAdded] #2 (markBedsDirty) took 0.0ms
2026-10-01T18:06:28.521Z [EVENT world:unitAdded] #3 (anon_3) took 0.0ms
2026-10-01T18:06:28.521Z [EVENT world:unitAdded] #4 (anon_4) took 0.0ms
2026-10-01T18:06:28.521Z [EVENT world:unitAdded] #5 (anon_5) took 0.0ms
2026-10-01T18:06:28.526Z [EVENT world:unitAdded] #0 (anon_0) took 0.0ms
2026-10-01T18:06:28.526Z [EVENT world:unitAdded] #1 (clearUnitCaches) took 0.0ms
2026-10-01T18:06:28.526Z [EVENT world:unitAdded] #2 (markBedsDirty) took 0.0ms
2026-10-01T18:06:28.527Z [EVENT world:unitAdded] #3 (anon_3) took 0.0ms
2026-10-01T18:06:28.527Z [EVENT world:unitAdded] #4 (anon_4) took 0.0ms
2026-10-01T18:06:28.527Z [EVENT world:unitAdded] #5 (anon_5) took 0.0ms
2026-10-01T18:06:28.528Z [EVENT world:unitAdded] #0 (anon_0) took 0.0ms
2026-10-01T18:06:28.528Z [EVENT world:unitAdded] #1 (clearUnitCaches) took 0.0ms
2026-10-01T18:06:28.528Z [EVENT world:unitAdded] #2 (markBedsDirty) took 0.0ms
2026-10-01T18:06:28.528Z [EVENT world:unitAdded] #3 (anon_3) took 0.0ms
2026-10-01T18:06:28.528Z [EVENT world:unitAdded] #4 (anon_4) took 0.0ms
2026-10-01T18:06:28.528Z [EVENT world:unitAdded] #5 (anon_5) took 0.0ms
2026-10-01T18:06:28.529Z [EVENT world:unitAdded] #0 (anon_0) took 0.0ms
2026-10-01T18:06:28.529Z [EVENT world:unitAdded] #1 (clearUnitCaches) took 0.0ms
2026-10-01T18:06:28.529Z [EVENT world:unitAdded] #2 (markBedsDirty) took 0.0ms
2026-10-01T18:06:28.529Z [EVENT world:unitAdded] #3 (anon_3) took 0.0ms
2026-10-01T18:06:28.529Z [EVENT world:unitAdded] #4 (anon_4) took 0.0ms
2026-10-01T18:06:28.530Z [EVENT world:unitAdded] #5 (anon_5) took 0.0ms
2026-10-01T18:06:28.530Z [EVENT world:unitAdded] #0 (anon_0) took 0.0ms
2026-10-01T18:06:28.530Z [EVENT world:unitAdded] #1 (clearUnitCaches) took 0.0ms
2026-10-01T18:06:28.530Z [EVENT world:unitAdded] #2 (markBedsDirty) took 0.0ms
2026-10-01T18:06:28.531Z [EVENT world:unitAdded] #3 (anon_3) took 0.0ms
2026-10-01T18:06:28.531Z [EVENT world:unitAdded] #4 (anon_4) took 0.0ms
2026-10-01T18:06:28.531Z [EVENT world:unitAdded] #5 (anon_5) took 0.0ms
2026-10-01T18:06:28.531Z [EVENT world:unitAdded] #0 (anon_0) took 0.0ms
2026-10-01T18:06:28.532Z [EVENT world:unitAdded] #1 (clearUnitCaches) took 0.0ms
2026-10-01T18:06:28.532Z [EVENT world:unitAdded] #2 (markBedsDirty) took 0.0ms
2026-10-01T18:06:28.532Z [EVENT world:unitAdded] #3 (anon_3) took 0.0ms
2026-10-01T18:06:28.532Z [EVENT world:unitAdded] #4 (anon_4) took 0.0ms
2026-10-01T18:06:28.532Z [EVENT world:unitAdded] #5 (anon_5) took 0.0ms
2026-10-01T18:06:28.533Z [EVENT world:unitAdded] #0 (anon_0) took 0.0ms
2026-10-01T18:06:28.533Z [EVENT world:unitAdded] #1 (clearUnitCaches) took 0.0ms
2026-10-01T18:06:28.533Z [EVENT world:unitAdded] #2 (markBedsDirty) took 0.0ms
2026-10-01T18:06:28.533Z [EVENT world:unitAdded] #3 (anon_3) took 0.0ms
2026-10-01T18:06:28.533Z [EVENT world:unitAdded] #4 (anon_4) took 0.0ms
2026-10-01T18:06:28.534Z [EVENT world:unitAdded] #5 (anon_5) took 0.0ms
2026-10-01T18:06:28.534Z [EVENT world:unitAdded] #0 (anon_0) took 0.0ms
2026-10-01T18:06:28.534Z [EVENT world:unitAdded] #1 (clearUnitCaches) took 0.0ms
2026-10-01T18:06:28.534Z [EVENT world:unitAdded] #2 (markBedsDirty) took 0.0ms
2026-10-01T18:06:28.534Z [EVENT world:unitAdded] #3 (anon_3) took 0.0ms
2026-10-01T18:06:28.534Z [EVENT world:unitAdded] #4 (anon_4) took 0.0ms
2026-10-01T18:06:28.535Z [EVENT world:unitAdded] #5 (anon_5) took 0.0ms
2026-10-01T18:06:28.535Z [EVENT world:unitAdded] #0 (anon_0) took 0.0ms
2026-10-01T18:06:28.535Z [EVENT world:unitAdded] #1 (clearUnitCaches) took 0.0ms
2026-10-01T18:06:28.536Z [EVENT world:unitAdded] #2 (markBedsDirty) took 0.0ms
2026-10-01T18:06:28.536Z [EVENT world:unitAdded] #3 (anon_3) took 0.0ms
2026-10-01T18:06:28.536Z [EVENT world:unitAdded] #4 (anon_4) took 0.0ms
2026-10-01T18:06:28.536Z [EVENT world:unitAdded] #5 (anon_5) took 0.0ms
2026-10-01T18:06:28.537Z [EVENT world:unitAdded] #0 (anon_0) took 0.0ms
2026-10-01T18:06:28.537Z [EVENT world:unitAdded] #1 (clearUnitCaches) took 0.0ms
2026-10-01T18:06:28.537Z [EVENT world:unitAdded] #2 (markBedsDirty) took 0.0ms
2026-10-01T18:06:28.537Z [EVENT world:unitAdded] #3 (anon_3) took 0.0ms
2026-10-01T18:06:28.537Z [EVENT world:unitAdded] #4 (anon_4) took 0.0ms
2026-10-01T18:06:28.537Z [EVENT world:unitAdded] #5 (anon_5) took 0.0ms
2026-10-01T18:06:28.538Z [EVENT world:unitAdded] #0 (anon_0) took 0.0ms
2026-10-01T18:06:28.538Z [EVENT world:unitAdded] #1 (clearUnitCaches) took 0.0ms
2026-10-01T18:06:28.539Z [EVENT world:unitAdded] #2 (markBedsDirty) took 0.0ms
2026-10-01T18:06:28.539Z [EVENT world:unitAdded] #3 (anon_3) took 0.0ms
2026-10-01T18:06:28.539Z [EVENT world:unitAdded] #4 (anon_4) took 0.0ms
2026-10-01T18:06:28.539Z [EVENT world:unitAdded] #5 (anon_5) took 0.0ms
2026-10-01T18:06:28.540Z [EVENT world:unitAdded] #0 (anon_0) took 0.0ms
2026-10-01T18:06:28.541Z [EVENT world:unitAdded] #1 (clearUnitCaches) took 0.0ms
2026-10-01T18:06:28.541Z [EVENT world:unitAdded] #2 (markBedsDirty) took 0.0ms
2026-10-01T18:06:28.541Z [EVENT world:unitAdded] #3 (anon_3) took 0.0ms
2026-10-01T18:06:28.541Z [EVENT world:unitAdded] #4 (anon_4) took 0.0ms
2026-10-01T18:06:28.541Z [EVENT world:unitAdded] #5 (anon_5) took 0.0ms
2026-10-01T18:06:28.543Z [EVENT world:unitAdded] #0 (anon_0) took 0.0ms
2026-10-01T18:06:28.543Z [EVENT world:unitAdded] #1 (clearUnitCaches) took 0.0ms
2026-10-01T18:06:28.543Z [EVENT world:unitAdded] #2 (markBedsDirty) took 0.0ms
2026-10-01T18:06:28.544Z [EVENT world:unitAdded] #3 (anon_3) took 0.0ms
2026-10-01T18:06:28.544Z [EVENT world:unitAdded] #4 (anon_4) took 0.0ms
2026-10-01T18:06:28.544Z [EVENT world:unitAdded] #5 (anon_5) took 0.0ms
2026-10-01T18:06:28.546Z [EVENT world:unitAdded] #0 (anon_0) took 0.0ms
2026-10-01T18:06:28.546Z [EVENT world:unitAdded] #1 (clearUnitCaches) took 0.0ms
2026-10-01T18:06:28.547Z [EVENT world:unitAdded] #2 (markBedsDirty) took 0.0ms
2026-10-01T18:06:28.547Z [EVENT world:unitAdded] #3 (anon_3) took 0.0ms
2026-10-01T18:06:28.547Z [EVENT world:unitAdded] #4 (anon_4) took 0.0ms
2026-10-01T18:06:28.547Z [EVENT world:unitAdded] #5 (anon_5) took 0.0ms
2026-10-01T18:06:28.550Z [EVENT world:unitAdded] #0 (anon_0) took 0.0ms
2026-10-01T18:06:28.550Z [EVENT world:unitAdded] #1 (clearUnitCaches) took 0.0ms
2026-10-01T18:06:28.550Z [EVENT world:unitAdded] #2 (markBedsDirty) took 0.0ms
2026-10-01T18:06:28.550Z [EVENT world:unitAdded] #3 (anon_3) took 0.0ms
2026-10-01T18:06:28.551Z [EVENT world:unitAdded] #4 (anon_4) took 0.0ms
2026-10-01T18:06:28.551Z [EVENT world:unitAdded] #5 (anon_5) took 0.0ms
2026-10-01T18:06:28.551Z [EVENT world:unitAdded] #0 (anon_0) took 0.0ms
2026-10-01T18:06:28.551Z [EVENT world:unitAdded] #1 (clearUnitCaches) took 0.0ms
2026-10-01T18:06:28.552Z [EVENT world:unitAdded] #2 (markBedsDirty) took 0.0ms
2026-10-01T18:06:28.552Z [EVENT world:unitAdded] #3 (anon_3) took 0.0ms
2026-10-01T18:06:28.552Z [EVENT world:unitAdded] #4 (anon_4) took 0.0ms
2026-10-01T18:06:28.552Z [EVENT world:unitAdded] #5 (anon_5) took 0.0ms
2026-10-01T18:06:28.552Z [EVENT world:unitAdded] #0 (anon_0) took 0.0ms
2026-10-01T18:06:28.553Z [EVENT world:unitAdded] #1 (clearUnitCaches) took 0.0ms
2026-10-01T18:06:28.553Z [EVENT world:unitAdded] #2 (markBedsDirty) took 0.0ms
2026-10-01T18:06:28.553Z [EVENT world:unitAdded] #3 (anon_3) took 0.0ms
2026-10-01T18:06:28.553Z [EVENT world:unitAdded] #4 (anon_4) took 0.0ms
2026-10-01T18:06:28.553Z [EVENT world:unitAdded] #5 (anon_5) took 0.0ms
2026-10-01T18:06:28.554Z [EVENT world:unitAdded] #0 (anon_0) took 0.0ms
2026-10-01T18:06:28.554Z [EVENT world:unitAdded] #1 (clearUnitCaches) took 0.0ms
2026-10-01T18:06:28.554Z [EVENT world:unitAdded] #2 (markBedsDirty) took 0.0ms
2026-10-01T18:06:28.554Z [EVENT world:unitAdded] #3 (anon_3) took 0.0ms
2026-10-01T18:06:28.554Z [EVENT world:unitAdded] #4 (anon_4) took 0.0ms
2026-10-01T18:06:28.554Z [EVENT world:unitAdded] #5 (anon_5) took 0.0ms
2026-10-01T18:06:28.555Z [EVENT world:unitAdded] #0 (anon_0) took 0.0ms
2026-10-01T18:06:28.555Z [EVENT world:unitAdded] #1 (clearUnitCaches) took 0.0ms
2026-10-01T18:06:28.556Z [EVENT world:unitAdded] #2 (markBedsDirty) took 0.0ms
2026-10-01T18:06:28.556Z [EVENT world:unitAdded] #3 (anon_3) took 0.0ms
2026-10-01T18:06:28.556Z [EVENT world:unitAdded] #4 (anon_4) took 0.0ms
2026-10-01T18:06:28.556Z [EVENT world:unitAdded] #5 (anon_5) took 0.0ms
2026-10-01T18:06:28.557Z [EVENT world:unitAdded] #0 (anon_0) took 0.0ms
2026-10-01T18:06:28.557Z [EVENT world:unitAdded] #1 (clearUnitCaches) took 0.0ms
2026-10-01T18:06:28.557Z [EVENT world:unitAdded] #2 (markBedsDirty) took 0.0ms
2026-10-01T18:06:28.557Z [EVENT world:unitAdded] #3 (anon_3) took 0.0ms
2026-10-01T18:06:28.557Z [EVENT world:unitAdded] #4 (anon_4) took 0.0ms
2026-10-01T18:06:28.557Z [EVENT world:unitAdded] #5 (anon_5) took 0.0ms
2026-10-01T18:06:28.558Z [EVENT world:unitAdded] #0 (anon_0) took 0.0ms
2026-10-01T18:06:28.558Z [EVENT world:unitAdded] #1 (clearUnitCaches) took 0.0ms
2026-10-01T18:06:28.558Z [EVENT world:unitAdded] #2 (markBedsDirty) took 0.0ms
2026-10-01T18:06:28.559Z [EVENT world:unitAdded] #3 (anon_3) took 0.0ms
2026-10-01T18:06:28.559Z [EVENT world:unitAdded] #4 (anon_4) took 0.0ms
2026-10-01T18:06:28.559Z [EVENT world:unitAdded] #5 (anon_5) took 0.0ms
2026-10-01T18:06:28.878Z [EVENT world:unitAdded] #0 (anon_0) took 0.0ms
2026-10-01T18:06:28.879Z [EVENT world:unitAdded] #1 (clearUnitCaches) took 0.0ms
2026-10-01T18:06:28.879Z [EVENT world:unitAdded] #2 (markBedsDirty) took 0.0ms
2026-10-01T18:06:28.879Z [EVENT world:unitAdded] #3 (anon_3) took 0.0ms
2026-10-01T18:06:28.879Z [EVENT world:unitAdded] #4 (anon_4) took 0.0ms
2026-10-01T18:06:28.879Z [EVENT world:unitAdded] #5 (anon_5) took 0.0ms
2026-10-01T18:06:29.230Z [EVENT world:unitAdded] #0 (anon_0) took 0.0ms
2026-10-01T18:06:29.231Z [EVENT world:unitAdded] #1 (clearUnitCaches) took 0.0ms
2026-10-01T18:06:29.231Z [EVENT world:unitAdded] #2 (markBedsDirty) took 0.0ms
2026-10-01T18:06:29.231Z [EVENT world:unitAdded] #3 (anon_3) took 0.0ms
2026-10-01T18:06:29.231Z [EVENT world:unitAdded] #4 (anon_4) took 0.0ms
2026-10-01T18:06:29.232Z [EVENT world:unitAdded] #5 (anon_5) took 0.0ms
2026-10-01T18:06:29.563Z [EVENT world:unitAdded] #0 (anon_0) took 0.0ms
2026-10-01T18:06:29.563Z [EVENT world:unitAdded] #1 (clearUnitCaches) took 0.0ms
2026-10-01T18:06:29.563Z [EVENT world:unitAdded] #2 (markBedsDirty) took 0.0ms
2026-10-01T18:06:29.563Z [EVENT world:unitAdded] #3 (anon_3) took 0.0ms
2026-10-01T18:06:29.563Z [EVENT world:unitAdded] #4 (anon_4) took 0.0ms
2026-10-01T18:06:29.564Z [EVENT world:unitAdded] #5 (anon_5) took 0.0ms
2026-10-01T18:06:29.885Z [EVENT world:unitAdded] #0 (anon_0) took 0.0ms
2026-10-01T18:06:29.885Z [EVENT world:unitAdded] #1 (clearUnitCaches) took 0.0ms
2026-10-01T18:06:29.885Z [EVENT world:unitAdded] #2 (markBedsDirty) took 0.0ms
2026-10-01T18:06:29.886Z [EVENT world:unitAdded] #3 (anon_3) took 0.0ms
2026-10-01T18:06:29.886Z [EVENT world:unitAdded] #4 (anon_4) took 0.0ms
2026-10-01T18:06:29.886Z [EVENT world:unitAdded] #5 (anon_5) took 0.0ms
2026-10-01T18:06:29.909Z [EVENT world:unitAdded] #0 (anon_0) took 0.0ms
2026-10-01T18:06:29.910Z [EVENT world:unitAdded] #1 (clearUnitCaches) took 0.0ms
2026-10-01T18:06:29.910Z [EVENT world:unitAdded] #2 (markBedsDirty) took 0.0ms
2026-10-01T18:06:29.910Z [EVENT world:unitAdded] #3 (anon_3) took 0.0ms
2026-10-01T18:06:29.910Z [EVENT world:unitAdded] #4 (anon_4) took 0.0ms
2026-10-01T18:06:29.910Z [EVENT world:unitAdded] #5 (anon_5) took 0.0ms
2026-10-01T18:06:30.258Z [EVENT world:unitAdded] #0 (anon_0) took 0.0ms
2026-10-01T18:06:30.258Z [EVENT world:unitAdded] #1 (clearUnitCaches) took 0.0ms
2026-10-01T18:06:30.259Z [EVENT world:unitAdded] #2 (markBedsDirty) took 0.0ms
2026-10-01T18:06:30.259Z [EVENT world:unitAdded] #3 (anon_3) took 0.0ms
2026-10-01T18:06:30.259Z [EVENT world:unitAdded] #4 (anon_4) took 0.0ms
2026-10-01T18:06:30.259Z [EVENT world:unitAdded] #5 (anon_5) took 0.0ms
2026-10-01T18:06:30.333Z [EVENT world:unitAdded] #0 (anon_0) took 0.0ms
2026-10-01T18:06:30.333Z [EVENT world:unitAdded] #1 (clearUnitCaches) took 0.0ms
2026-10-01T18:06:30.334Z [EVENT world:unitAdded] #2 (markBedsDirty) took 0.0ms
2026-10-01T18:06:30.334Z [EVENT world:unitAdded] #3 (anon_3) took 0.0ms
2026-10-01T18:06:30.334Z [EVENT world:unitAdded] #4 (anon_4) took 0.0ms
2026-10-01T18:06:30.334Z [EVENT world:unitAdded] #5 (anon_5) took 0.0ms
2026-10-01T18:06:30.397Z [EVENT world:unitAdded] #0 (anon_0) took 0.0ms
2026-10-01T18:06:30.397Z [EVENT world:unitAdded] #1 (clearUnitCaches) took 0.0ms
2026-10-01T18:06:30.398Z [EVENT world:unitAdded] #2 (markBedsDirty) took 0.0ms
2026-10-01T18:06:30.398Z [EVENT world:unitAdded] #3 (anon_3) took 0.0ms
2026-10-01T18:06:30.398Z [EVENT world:unitAdded] #4 (anon_4) took 0.0ms
2026-10-01T18:06:30.398Z [EVENT world:unitAdded] #5 (anon_5) took 0.0ms
2026-10-01T18:06:30.647Z [EVENT world:unitAdded] #0 (anon_0) took 0.0ms
2026-10-01T18:06:30.648Z [EVENT world:unitAdded] #1 (clearUnitCaches) took 0.0ms
2026-10-01T18:06:30.648Z [EVENT world:unitAdded] #2 (markBedsDirty) took 0.0ms
2026-10-01T18:06:30.648Z [EVENT world:unitAdded] #3 (anon_3) took 0.0ms
2026-10-01T18:06:30.649Z [EVENT world:unitAdded] #4 (anon_4) took 0.0ms
2026-10-01T18:06:30.649Z [EVENT world:unitAdded] #5 (anon_5) took 0.0ms
2026-10-01T18:06:30.729Z [EVENT world:unitAdded] #0 (anon_0) took 0.0ms
2026-10-01T18:06:30.729Z [EVENT world:unitAdded] #1 (clearUnitCaches) took 0.0ms
2026-10-01T18:06:30.729Z [EVENT world:unitAdded] #2 (markBedsDirty) took 0.0ms
2026-10-01T18:06:30.729Z [EVENT world:unitAdded] #3 (anon_3) took 0.0ms
2026-10-01T18:06:30.730Z [EVENT world:unitAdded] #4 (anon_4) took 0.0ms
2026-10-01T18:06:30.730Z [EVENT world:unitAdded] #5 (anon_5) took 0.0ms
2026-10-01T18:06:30.737Z [EVENT world:unitAdded] #0 (anon_0) took 0.0ms
2026-10-01T18:06:30.737Z [EVENT world:unitAdded] #1 (clearUnitCaches) took 0.0ms
2026-10-01T18:06:30.738Z [EVENT world:unitAdded] #2 (markBedsDirty) took 0.0ms
2026-10-01T18:06:30.738Z [EVENT world:unitAdded] #3 (anon_3) took 0.0ms
2026-10-01T18:06:30.738Z [EVENT world:unitAdded] #4 (anon_4) took 0.0ms
2026-10-01T18:06:30.738Z [EVENT world:unitAdded] #5 (anon_5) took 0.0ms
2026-10-01T18:06:30.745Z [EVENT world:unitAdded] #0 (anon_0) took 0.0ms
2026-10-01T18:06:30.745Z [EVENT world:unitAdded] #1 (clearUnitCaches) took 0.0ms
2026-10-01T18:06:30.746Z [EVENT world:unitAdded] #2 (markBedsDirty) took 0.0ms
2026-10-01T18:06:30.746Z [EVENT world:unitAdded] #3 (anon_3) took 0.0ms
2026-10-01T18:06:30.746Z [EVENT world:unitAdded] #4 (anon_4) took 0.0ms
2026-10-01T18:06:30.746Z [EVENT world:unitAdded] #5 (anon_5) took 0.0ms
2026-10-01T18:06:30.747Z [EVENT world:unitAdded] #0 (anon_0) took 0.0ms
2026-10-01T18:06:30.747Z [EVENT world:unitAdded] #1 (clearUnitCaches) took 0.0ms
2026-10-01T18:06:30.748Z [EVENT world:unitAdded] #2 (markBedsDirty) took 0.0ms
2026-10-01T18:06:30.748Z [EVENT world:unitAdded] #3 (anon_3) took 0.0ms
2026-10-01T18:06:30.748Z [EVENT world:unitAdded] #4 (anon_4) took 0.0ms
2026-10-01T18:06:30.748Z [EVENT world:unitAdded] #5 (anon_5) took 0.0ms
2026-10-01T18:06:30.749Z [EVENT world:unitAdded] #0 (anon_0) took 0.0ms
2026-10-01T18:06:30.749Z [EVENT world:unitAdded] #1 (clearUnitCaches) took 0.0ms
2026-10-01T18:06:30.749Z [EVENT world:unitAdded] #2 (markBedsDirty) took 0.0ms
2026-10-01T18:06:30.750Z [EVENT world:unitAdded] #3 (anon_3) took 0.0ms
2026-10-01T18:06:30.750Z [EVENT world:unitAdded] #4 (anon_4) took 0.0ms
2026-10-01T18:06:30.750Z [EVENT world:unitAdded] #5 (anon_5) took 0.0ms
2026-10-01T18:06:30.757Z [EVENT world:unitAdded] #0 (anon_0) took 0.0ms
2026-10-01T18:06:30.757Z [EVENT world:unitAdded] #1 (clearUnitCaches) took 0.0ms
2026-10-01T18:06:30.758Z [EVENT world:unitAdded] #2 (markBedsDirty) took 0.0ms
2026-10-01T18:06:30.758Z [EVENT world:unitAdded] #3 (anon_3) took 0.0ms
2026-10-01T18:06:30.758Z [EVENT world:unitAdded] #4 (anon_4) took 0.0ms
2026-10-01T18:06:30.758Z [EVENT world:unitAdded] #5 (anon_5) took 0.0ms
2026-10-01T18:06:30.766Z [EVENT world:unitAdded] #0 (anon_0) took 0.0ms
2026-10-01T18:06:30.767Z [EVENT world:unitAdded] #1 (clearUnitCaches) took 0.0ms
2026-10-01T18:06:30.767Z [EVENT world:unitAdded] #2 (markBedsDirty) took 0.0ms
2026-10-01T18:06:30.767Z [EVENT world:unitAdded] #3 (anon_3) took 0.0ms
2026-10-01T18:06:30.767Z [EVENT world:unitAdded] #4 (anon_4) took 0.0ms
2026-10-01T18:06:30.768Z [EVENT world:unitAdded] #5 (anon_5) took 0.0ms
2026-10-01T18:06:30.769Z [EVENT world:unitAdded] #0 (anon_0) took 0.0ms
2026-10-01T18:06:30.770Z [EVENT world:unitAdded] #1 (clearUnitCaches) took 0.0ms
2026-10-01T18:06:30.770Z [EVENT world:unitAdded] #2 (markBedsDirty) took 0.0ms
2026-10-01T18:06:30.770Z [EVENT world:unitAdded] #3 (anon_3) took 0.0ms
2026-10-01T18:06:30.770Z [EVENT world:unitAdded] #4 (anon_4) took 0.0ms
2026-10-01T18:06:30.770Z [EVENT world:unitAdded] #5 (anon_5) took 0.0ms
2026-10-01T18:06:30.771Z [EVENT world:unitAdded] #0 (anon_0) took 0.0ms
2026-10-01T18:06:30.771Z [EVENT world:unitAdded] #1 (clearUnitCaches) took 0.0ms
2026-10-01T18:06:30.771Z [EVENT world:unitAdded] #2 (markBedsDirty) took 0.0ms
2026-10-01T18:06:30.771Z [EVENT world:unitAdded] #3 (anon_3) took 0.0ms
2026-10-01T18:06:30.771Z [EVENT world:unitAdded] #4 (anon_4) took 0.0ms
2026-10-01T18:06:30.771Z [EVENT world:unitAdded] #5 (anon_5) took 0.0ms
2026-10-01T18:06:30.774Z [EVENT world:unitAdded] #0 (anon_0) took 0.0ms
2026-10-01T18:06:30.774Z [EVENT world:unitAdded] #1 (clearUnitCaches) took 0.0ms
2026-10-01T18:06:30.774Z [EVENT world:unitAdded] #2 (markBedsDirty) took 0.0ms
2026-10-01T18:06:30.775Z [EVENT world:unitAdded] #3 (anon_3) took 0.0ms
2026-10-01T18:06:30.775Z [EVENT world:unitAdded] #4 (anon_4) took 0.0ms
2026-10-01T18:06:30.775Z [EVENT world:unitAdded] #5 (anon_5) took 0.0ms
2026-10-01T18:06:30.776Z [EVENT world:unitAdded] #0 (anon_0) took 0.0ms
2026-10-01T18:06:30.776Z [EVENT world:unitAdded] #1 (clearUnitCaches) took 0.0ms
2026-10-01T18:06:30.776Z [EVENT world:unitAdded] #2 (markBedsDirty) took 0.0ms
2026-10-01T18:06:30.777Z [EVENT world:unitAdded] #3 (anon_3) took 0.0ms
2026-10-01T18:06:30.777Z [EVENT world:unitAdded] #4 (anon_4) took 0.0ms
2026-10-01T18:06:30.777Z [EVENT world:unitAdded] #5 (anon_5) took 0.0ms
2026-10-01T18:06:30.781Z [EVENT world:unitAdded] #0 (anon_0) took 0.0ms
2026-10-01T18:06:30.782Z [EVENT world:unitAdded] #1 (clearUnitCaches) took 0.0ms
2026-10-01T18:06:30.782Z [EVENT world:unitAdded] #2 (markBedsDirty) took 0.0ms
2026-10-01T18:06:30.782Z [EVENT world:unitAdded] #3 (anon_3) took 0.0ms
2026-10-01T18:06:30.782Z [EVENT world:unitAdded] #4 (anon_4) took 0.0ms
2026-10-01T18:06:30.782Z [EVENT world:unitAdded] #5 (anon_5) took 0.0ms
2026-10-01T18:06:30.787Z [EVENT world:unitAdded] #0 (anon_0) took 0.0ms
2026-10-01T18:06:30.787Z [EVENT world:unitAdded] #1 (clearUnitCaches) took 0.0ms
2026-10-01T18:06:30.787Z [EVENT world:unitAdded] #2 (markBedsDirty) took 0.0ms
2026-10-01T18:06:30.787Z [EVENT world:unitAdded] #3 (anon_3) took 0.0ms
2026-10-01T18:06:30.787Z [EVENT world:unitAdded] #4 (anon_4) took 0.0ms
2026-10-01T18:06:30.788Z [EVENT world:unitAdded] #5 (anon_5) took 0.0ms
2026-10-01T18:06:30.794Z [EVENT world:unitAdded] #0 (anon_0) took 0.0ms
2026-10-01T18:06:30.795Z [EVENT world:unitAdded] #1 (clearUnitCaches) took 0.0ms
2026-10-01T18:06:30.795Z [EVENT world:unitAdded] #2 (markBedsDirty) took 0.0ms
2026-10-01T18:06:30.795Z [EVENT world:unitAdded] #3 (anon_3) took 0.0ms
2026-10-01T18:06:30.795Z [EVENT world:unitAdded] #4 (anon_4) took 0.0ms
2026-10-01T18:06:30.795Z [EVENT world:unitAdded] #5 (anon_5) took 0.0ms
2026-10-01T18:06:30.806Z [EVENT world:unitAdded] #0 (anon_0) took 0.0ms
2026-10-01T18:06:30.807Z [EVENT world:unitAdded] #1 (clearUnitCaches) took 0.0ms
2026-10-01T18:06:30.807Z [EVENT world:unitAdded] #2 (markBedsDirty) took 0.0ms
2026-10-01T18:06:30.807Z [EVENT world:unitAdded] #3 (anon_3) took 0.0ms
2026-10-01T18:06:30.807Z [EVENT world:unitAdded] #4 (anon_4) took 0.0ms
2026-10-01T18:06:30.807Z [EVENT world:unitAdded] #5 (anon_5) took 0.0ms
2026-10-01T18:06:30.810Z [EVENT world:unitAdded] #0 (anon_0) took 0.0ms
2026-10-01T18:06:30.810Z [EVENT world:unitAdded] #1 (clearUnitCaches) took 0.0ms
2026-10-01T18:06:30.810Z [EVENT world:unitAdded] #2 (markBedsDirty) took 0.0ms
2026-10-01T18:06:30.810Z [EVENT world:unitAdded] #3 (anon_3) took 0.0ms
2026-10-01T18:06:30.811Z [EVENT world:unitAdded] #4 (anon_4) took 0.0ms
2026-10-01T18:06:30.811Z [EVENT world:unitAdded] #5 (anon_5) took 0.0ms
2026-10-01T18:06:30.812Z [EVENT world:unitAdded] #0 (anon_0) took 0.0ms
2026-10-01T18:06:30.812Z [EVENT world:unitAdded] #1 (clearUnitCaches) took 0.0ms
2026-10-01T18:06:30.812Z [EVENT world:unitAdded] #2 (markBedsDirty) took 0.0ms
2026-10-01T18:06:30.812Z [EVENT world:unitAdded] #3 (anon_3) took 0.0ms
2026-10-01T18:06:30.812Z [EVENT world:unitAdded] #4 (anon_4) took 0.0ms
2026-10-01T18:06:30.813Z [EVENT world:unitAdded] #5 (anon_5) took 0.0ms
2026-10-01T18:06:30.814Z [EVENT world:unitAdded] #0 (anon_0) took 0.0ms
2026-10-01T18:06:30.814Z [EVENT world:unitAdded] #1 (clearUnitCaches) took 0.0ms
2026-10-01T18:06:30.814Z [EVENT world:unitAdded] #2 (markBedsDirty) took 0.0ms
2026-10-01T18:06:30.815Z [EVENT world:unitAdded] #3 (anon_3) took 0.0ms
2026-10-01T18:06:30.815Z [EVENT world:unitAdded] #4 (anon_4) took 0.0ms
2026-10-01T18:06:30.815Z [EVENT world:unitAdded] #5 (anon_5) took 0.0ms
2026-10-01T18:06:30.816Z [EVENT world:unitAdded] #0 (anon_0) took 0.0ms
2026-10-01T18:06:30.816Z [EVENT world:unitAdded] #1 (clearUnitCaches) took 0.0ms
2026-10-01T18:06:30.817Z [EVENT world:unitAdded] #2 (markBedsDirty) took 0.0ms
2026-10-01T18:06:30.817Z [EVENT world:unitAdded] #3 (anon_3) took 0.0ms
2026-10-01T18:06:30.817Z [EVENT world:unitAdded] #4 (anon_4) took 0.0ms
2026-10-01T18:06:30.817Z [EVENT world:unitAdded] #5 (anon_5) took 0.0ms
2026-10-01T18:06:30.819Z [EVENT world:unitAdded] #0 (anon_0) took 0.0ms
2026-10-01T18:06:30.819Z [EVENT world:unitAdded] #1 (clearUnitCaches) took 0.0ms
2026-10-01T18:06:30.819Z [EVENT world:unitAdded] #2 (markBedsDirty) took 0.0ms
2026-10-01T18:06:30.820Z [EVENT world:unitAdded] #3 (anon_3) took 0.0ms
2026-10-01T18:06:30.820Z [EVENT world:unitAdded] #4 (anon_4) took 0.0ms
2026-10-01T18:06:30.820Z [EVENT world:unitAdded] #5 (anon_5) took 0.0ms
2026-10-01T18:06:30.821Z [EVENT world:unitAdded] #0 (anon_0) took 0.0ms
2026-10-01T18:06:30.822Z [EVENT world:unitAdded] #1 (clearUnitCaches) took 0.0ms
2026-10-01T18:06:30.822Z [EVENT world:unitAdded] #2 (markBedsDirty) took 0.0ms
2026-10-01T18:06:30.822Z [EVENT world:unitAdded] #3 (anon_3) took 0.0ms
2026-10-01T18:06:30.822Z [EVENT world:unitAdded] #4 (anon_4) took 0.0ms
2026-10-01T18:06:30.822Z [EVENT world:unitAdded] #5 (anon_5) took 0.0ms
2026-10-01T18:06:30.824Z [EVENT world:unitAdded] #0 (anon_0) took 0.0ms
2026-10-01T18:06:30.824Z [EVENT world:unitAdded] #1 (clearUnitCaches) took 0.0ms
2026-10-01T18:06:30.824Z [EVENT world:unitAdded] #2 (markBedsDirty) took 0.0ms
2026-10-01T18:06:30.824Z [EVENT world:unitAdded] #3 (anon_3) took 0.0ms
2026-10-01T18:06:30.824Z [EVENT world:unitAdded] #4 (anon_4) took 0.0ms
2026-10-01T18:06:30.824Z [EVENT world:unitAdded] #5 (anon_5) took 0.0ms
2026-10-01T18:06:30.825Z [EVENT world:unitAdded] #0 (anon_0) took 0.0ms
2026-10-01T18:06:30.825Z [EVENT world:unitAdded] #1 (clearUnitCaches) took 0.0ms
2026-10-01T18:06:30.825Z [EVENT world:unitAdded] #2 (markBedsDirty) took 0.0ms
2026-10-01T18:06:30.826Z [EVENT world:unitAdded] #3 (anon_3) took 0.0ms
2026-10-01T18:06:30.826Z [EVENT world:unitAdded] #4 (anon_4) took 0.0ms
2026-10-01T18:06:30.826Z [EVENT world:unitAdded] #5 (anon_5) took 0.0ms
2026-10-01T18:06:30.826Z [EVENT world:unitAdded] #0 (anon_0) took 0.0ms
2026-10-01T18:06:30.827Z [EVENT world:unitAdded] #1 (clearUnitCaches) took 0.0ms
2026-10-01T18:06:30.827Z [EVENT world:unitAdded] #2 (markBedsDirty) took 0.0ms
2026-10-01T18:06:30.827Z [EVENT world:unitAdded] #3 (anon_3) took 0.0ms
2026-10-01T18:06:30.827Z [EVENT world:unitAdded] #4 (anon_4) took 0.0ms
2026-10-01T18:06:30.827Z [EVENT world:unitAdded] #5 (anon_5) took 0.0ms
2026-10-01T18:06:30.828Z [EVENT world:unitAdded] #0 (anon_0) took 0.0ms
2026-10-01T18:06:30.828Z [EVENT world:unitAdded] #1 (clearUnitCaches) took 0.0ms
2026-10-01T18:06:30.828Z [EVENT world:unitAdded] #2 (markBedsDirty) took 0.0ms
2026-10-01T18:06:30.828Z [EVENT world:unitAdded] #3 (anon_3) took 0.0ms
2026-10-01T18:06:30.829Z [EVENT world:unitAdded] #4 (anon_4) took 0.0ms
2026-10-01T18:06:30.829Z [EVENT world:unitAdded] #5 (anon_5) took 0.0ms
2026-10-01T18:06:30.830Z [EVENT world:unitAdded] #0 (anon_0) took 0.0ms
2026-10-01T18:06:30.830Z [EVENT world:unitAdded] #1 (clearUnitCaches) took 0.0ms
2026-10-01T18:06:30.830Z [EVENT world:unitAdded] #2 (markBedsDirty) took 0.0ms
2026-10-01T18:06:30.830Z [EVENT world:unitAdded] #3 (anon_3) took 0.0ms
2026-10-01T18:06:30.830Z [EVENT world:unitAdded] #4 (anon_4) took 0.0ms
2026-10-01T18:06:30.830Z [EVENT world:unitAdded] #5 (anon_5) took 0.0ms
2026-10-01T18:06:30.831Z [EVENT world:unitAdded] #0 (anon_0) took 0.0ms
2026-10-01T18:06:30.831Z [EVENT world:unitAdded] #1 (clearUnitCaches) took 0.0ms
2026-10-01T18:06:30.832Z [EVENT world:unitAdded] #2 (markBedsDirty) took 0.0ms
2026-10-01T18:06:30.832Z [EVENT world:unitAdded] #3 (anon_3) took 0.0ms
2026-10-01T18:06:30.832Z [EVENT world:unitAdded] #4 (anon_4) took 0.0ms
2026-10-01T18:06:30.832Z [EVENT world:unitAdded] #5 (anon_5) took 0.0ms
2026-10-01T18:06:30.833Z [EVENT world:unitAdded] #0 (anon_0) took 0.0ms
2026-10-01T18:06:30.833Z [EVENT world:unitAdded] #1 (clearUnitCaches) took 0.0ms
2026-10-01T18:06:30.834Z [EVENT world:unitAdded] #2 (markBedsDirty) took 0.0ms
2026-10-01T18:06:30.834Z [EVENT world:unitAdded] #3 (anon_3) took 0.0ms
2026-10-01T18:06:30.834Z [EVENT world:unitAdded] #4 (anon_4) took 0.0ms
2026-10-01T18:06:30.834Z [EVENT world:unitAdded] #5 (anon_5) took 0.0ms
2026-10-01T18:06:30.835Z [EVENT world:unitAdded] #0 (anon_0) took 0.0ms
2026-10-01T18:06:30.835Z [EVENT world:unitAdded] #1 (clearUnitCaches) took 0.0ms
2026-10-01T18:06:30.835Z [EVENT world:unitAdded] #2 (markBedsDirty) took 0.0ms
2026-10-01T18:06:30.836Z [EVENT world:unitAdded] #3 (anon_3) took 0.0ms
2026-10-01T18:06:30.836Z [EVENT world:unitAdded] #4 (anon_4) took 0.0ms
2026-10-01T18:06:30.836Z [EVENT world:unitAdded] #5 (anon_5) took 0.0ms
2026-10-01T18:06:30.839Z [EVENT world:unitAdded] #0 (anon_0) took 0.0ms
2026-10-01T18:06:30.840Z [EVENT world:unitAdded] #1 (clearUnitCaches) took 0.0ms
2026-10-01T18:06:30.840Z [EVENT world:unitAdded] #2 (markBedsDirty) took 0.0ms
2026-10-01T18:06:30.840Z [EVENT world:unitAdded] #3 (anon_3) took 0.0ms
2026-10-01T18:06:30.840Z [EVENT world:unitAdded] #4 (anon_4) took 0.0ms
2026-10-01T18:06:30.840Z [EVENT world:unitAdded] #5 (anon_5) took 0.0ms
2026-10-01T18:06:30.842Z [EVENT world:unitAdded] #0 (anon_0) took 0.0ms
2026-10-01T18:06:30.843Z [EVENT world:unitAdded] #1 (clearUnitCaches) took 0.0ms
2026-10-01T18:06:30.843Z [EVENT world:unitAdded] #2 (markBedsDirty) took 0.0ms
2026-10-01T18:06:30.843Z [EVENT world:unitAdded] #3 (anon_3) took 0.0ms
2026-10-01T18:06:30.843Z [EVENT world:unitAdded] #4 (anon_4) took 0.0ms
2026-10-01T18:06:30.843Z [EVENT world:unitAdded] #5 (anon_5) took 0.0ms
2026-10-01T18:06:30.847Z [EVENT world:unitAdded] #0 (anon_0) took 0.0ms
2026-10-01T18:06:30.847Z [EVENT world:unitAdded] #1 (clearUnitCaches) took 0.0ms
2026-10-01T18:06:30.848Z [EVENT world:unitAdded] #2 (markBedsDirty) took 0.0ms
2026-10-01T18:06:30.848Z [EVENT world:unitAdded] #3 (anon_3) took 0.0ms
2026-10-01T18:06:30.848Z [EVENT world:unitAdded] #4 (anon_4) took 0.0ms
2026-10-01T18:06:30.848Z [EVENT world:unitAdded] #5 (anon_5) took 0.0ms
2026-10-01T18:06:30.849Z [EVENT world:unitAdded] #0 (anon_0) took 0.0ms
2026-10-01T18:06:30.849Z [EVENT world:unitAdded] #1 (clearUnitCaches) took 0.0ms
2026-10-01T18:06:30.849Z [EVENT world:unitAdded] #2 (markBedsDirty) took 0.0ms
2026-10-01T18:06:30.850Z [EVENT world:unitAdded] #3 (anon_3) took 0.0ms
2026-10-01T18:06:30.850Z [EVENT world:unitAdded] #4 (anon_4) took 0.0ms
2026-10-01T18:06:30.850Z [EVENT world:unitAdded] #5 (anon_5) took 0.0ms
2026-10-01T18:06:30.851Z [EVENT world:unitAdded] #0 (anon_0) took 0.0ms
2026-10-01T18:06:30.851Z [EVENT world:unitAdded] #1 (clearUnitCaches) took 0.0ms
2026-10-01T18:06:30.851Z [EVENT world:unitAdded] #2 (markBedsDirty) took 0.0ms
2026-10-01T18:06:30.851Z [EVENT world:unitAdded] #3 (anon_3) took 0.0ms
2026-10-01T18:06:30.851Z [EVENT world:unitAdded] #4 (anon_4) took 0.0ms
2026-10-01T18:06:30.852Z [EVENT world:unitAdded] #5 (anon_5) took 0.0ms
2026-10-01T18:06:30.853Z [EVENT world:unitAdded] #0 (anon_0) took 0.0ms
2026-10-01T18:06:30.853Z [EVENT world:unitAdded] #1 (clearUnitCaches) took 0.0ms
2026-10-01T18:06:30.854Z [EVENT world:unitAdded] #2 (markBedsDirty) took 0.0ms
2026-10-01T18:06:30.854Z [EVENT world:unitAdded] #3 (anon_3) took 0.0ms
2026-10-01T18:06:30.854Z [EVENT world:unitAdded] #4 (anon_4) took 0.0ms
2026-10-01T18:06:30.854Z [EVENT world:unitAdded] #5 (anon_5) took 0.0ms
2026-10-01T18:06:30.856Z [EVENT world:unitAdded] #0 (anon_0) took 0.0ms
2026-10-01T18:06:30.856Z [EVENT world:unitAdded] #1 (clearUnitCaches) took 0.0ms
2026-10-01T18:06:30.856Z [EVENT world:unitAdded] #2 (markBedsDirty) took 0.0ms
2026-10-01T18:06:30.856Z [EVENT world:unitAdded] #3 (anon_3) took 0.0ms
2026-10-01T18:06:30.856Z [EVENT world:unitAdded] #4 (anon_4) took 0.0ms
2026-10-01T18:06:30.857Z [EVENT world:unitAdded] #5 (anon_5) took 0.0ms
2026-10-01T18:06:30.858Z [EVENT world:unitAdded] #0 (anon_0) took 0.0ms
2026-10-01T18:06:30.858Z [EVENT world:unitAdded] #1 (clearUnitCaches) took 0.0ms
2026-10-01T18:06:30.858Z [EVENT world:unitAdded] #2 (markBedsDirty) took 0.0ms
2026-10-01T18:06:30.858Z [EVENT world:unitAdded] #3 (anon_3) took 0.0ms
2026-10-01T18:06:30.858Z [EVENT world:unitAdded] #4 (anon_4) took 0.0ms
2026-10-01T18:06:30.858Z [EVENT world:unitAdded] #5 (anon_5) took 0.0ms
2026-10-01T18:06:30.859Z [EVENT world:unitAdded] #0 (anon_0) took 0.0ms
2026-10-01T18:06:30.859Z [EVENT world:unitAdded] #1 (clearUnitCaches) took 0.0ms
2026-10-01T18:06:30.859Z [EVENT world:unitAdded] #2 (markBedsDirty) took 0.0ms
2026-10-01T18:06:30.859Z [EVENT world:unitAdded] #3 (anon_3) took 0.0ms
2026-10-01T18:06:30.860Z [EVENT world:unitAdded] #4 (anon_4) took 0.0ms
2026-10-01T18:06:30.860Z [EVENT world:unitAdded] #5 (anon_5) took 0.0ms
2026-10-01T18:06:30.860Z [EVENT world:unitAdded] #0 (anon_0) took 0.0ms
2026-10-01T18:06:30.860Z [EVENT world:unitAdded] #1 (clearUnitCaches) took 0.0ms
2026-10-01T18:06:30.860Z [EVENT world:unitAdded] #2 (markBedsDirty) took 0.0ms
2026-10-01T18:06:30.861Z [EVENT world:unitAdded] #3 (anon_3) took 0.0ms
2026-10-01T18:06:30.861Z [EVENT world:unitAdded] #4 (anon_4) took 0.0ms
2026-10-01T18:06:30.861Z [EVENT world:unitAdded] #5 (anon_5) took 0.0ms
2026-10-01T18:06:30.861Z [EVENT world:unitAdded] #0 (anon_0) took 0.0ms
2026-10-01T18:06:30.862Z [EVENT world:unitAdded] #1 (clearUnitCaches) took 0.0ms
2026-10-01T18:06:30.862Z [EVENT world:unitAdded] #2 (markBedsDirty) took 0.0ms
2026-10-01T18:06:30.862Z [EVENT world:unitAdded] #3 (anon_3) took 0.0ms
2026-10-01T18:06:30.862Z [EVENT world:unitAdded] #4 (anon_4) took 0.0ms
2026-10-01T18:06:30.862Z [EVENT world:unitAdded] #5 (anon_5) took 0.0ms
2026-10-01T18:06:30.863Z [EVENT world:unitAdded] #0 (anon_0) took 0.0ms
2026-10-01T18:06:30.863Z [EVENT world:unitAdded] #1 (clearUnitCaches) took 0.0ms
2026-10-01T18:06:30.863Z [EVENT world:unitAdded] #2 (markBedsDirty) took 0.0ms
2026-10-01T18:06:30.863Z [EVENT world:unitAdded] #3 (anon_3) took 0.0ms
2026-10-01T18:06:30.863Z [EVENT world:unitAdded] #4 (anon_4) took 0.0ms
2026-10-01T18:06:30.863Z [EVENT world:unitAdded] #5 (anon_5) took 0.0ms
2026-10-01T18:06:30.921Z [EVENT world:unitAdded] #0 (anon_0) took 0.0ms
2026-10-01T18:06:30.921Z [EVENT world:unitAdded] #1 (clearUnitCaches) took 0.0ms
2026-10-01T18:06:30.921Z [EVENT world:unitAdded] #2 (markBedsDirty) took 0.0ms
2026-10-01T18:06:30.922Z [EVENT world:unitAdded] #3 (anon_3) took 0.0ms
2026-10-01T18:06:30.922Z [EVENT world:unitAdded] #4 (anon_4) took 0.0ms
2026-10-01T18:06:30.922Z [EVENT world:unitAdded] #5 (anon_5) took 0.0ms
2026-10-01T18:06:30.968Z [EVENT world:unitAdded] #0 (anon_0) took 0.0ms
2026-10-01T18:06:30.968Z [EVENT world:unitAdded] #1 (clearUnitCaches) took 0.0ms
2026-10-01T18:06:30.968Z [EVENT world:unitAdded] #2 (markBedsDirty) took 0.0ms
2026-10-01T18:06:30.969Z [EVENT world:unitAdded] #3 (anon_3) took 0.0ms
2026-10-01T18:06:30.969Z [EVENT world:unitAdded] #4 (anon_4) took 0.0ms
2026-10-01T18:06:30.969Z [EVENT world:unitAdded] #5 (anon_5) took 0.0ms
2026-10-01T18:06:31.028Z [EVENT world:unitAdded] #0 (anon_0) took 0.0ms
2026-10-01T18:06:31.029Z [EVENT world:unitAdded] #1 (clearUnitCaches) took 0.0ms
2026-10-01T18:06:31.029Z [EVENT world:unitAdded] #2 (markBedsDirty) took 0.0ms
2026-10-01T18:06:31.029Z [EVENT world:unitAdded] #3 (anon_3) took 0.0ms
2026-10-01T18:06:31.029Z [EVENT world:unitAdded] #4 (anon_4) took 0.0ms
2026-10-01T18:06:31.029Z [EVENT world:unitAdded] #5 (anon_5) took 0.0ms
2026-10-01T18:06:31.095Z [EVENT world:unitAdded] #0 (anon_0) took 0.0ms
2026-10-01T18:06:31.096Z [EVENT world:unitAdded] #1 (clearUnitCaches) took 0.0ms
2026-10-01T18:06:31.096Z [EVENT world:unitAdded] #2 (markBedsDirty) took 0.0ms
2026-10-01T18:06:31.096Z [EVENT world:unitAdded] #3 (anon_3) took 0.0ms
2026-10-01T18:06:31.096Z [EVENT world:unitAdded] #4 (anon_4) took 0.0ms
2026-10-01T18:06:31.096Z [EVENT world:unitAdded] #5 (anon_5) took 0.0ms
2026-10-01T18:06:31.142Z [EVENT world:unitAdded] #0 (anon_0) took 0.0ms
2026-10-01T18:06:31.143Z [EVENT world:unitAdded] #1 (clearUnitCaches) took 0.0ms
2026-10-01T18:06:31.143Z [EVENT world:unitAdded] #2 (markBedsDirty) took 0.0ms
2026-10-01T18:06:31.143Z [EVENT world:unitAdded] #3 (anon_3) took 0.0ms
2026-10-01T18:06:31.143Z [EVENT world:unitAdded] #4 (anon_4) took 0.0ms
2026-10-01T18:06:31.143Z [EVENT world:unitAdded] #5 (anon_5) took 0.0ms
2026-10-01T18:06:31.184Z [EVENT world:unitAdded] #0 (anon_0) took 0.0ms
2026-10-01T18:06:31.185Z [EVENT world:unitAdded] #1 (clearUnitCaches) took 0.0ms
2026-10-01T18:06:31.185Z [EVENT world:unitAdded] #2 (markBedsDirty) took 0.0ms
2026-10-01T18:06:31.185Z [EVENT world:unitAdded] #3 (anon_3) took 0.0ms
2026-10-01T18:06:31.185Z [EVENT world:unitAdded] #4 (anon_4) took 0.0ms
2026-10-01T18:06:31.185Z [EVENT world:unitAdded] #5 (anon_5) took 0.0ms
2026-10-01T18:06:31.234Z [EVENT world:unitAdded] #0 (anon_0) took 0.0ms
2026-10-01T18:06:31.234Z [EVENT world:unitAdded] #1 (clearUnitCaches) took 0.0ms
2026-10-01T18:06:31.235Z [EVENT world:unitAdded] #2 (markBedsDirty) took 0.0ms
2026-10-01T18:06:31.235Z [EVENT world:unitAdded] #3 (anon_3) took 0.0ms
2026-10-01T18:06:31.235Z [EVENT world:unitAdded] #4 (anon_4) took 0.0ms
2026-10-01T18:06:31.235Z [EVENT world:unitAdded] #5 (anon_5) took 0.0ms
2026-10-01T18:06:31.277Z [EVENT world:unitAdded] #0 (anon_0) took 0.0ms
2026-10-01T18:06:31.278Z [EVENT world:unitAdded] #1 (clearUnitCaches) took 0.0ms
2026-10-01T18:06:31.278Z [EVENT world:unitAdded] #2 (markBedsDirty) took 0.0ms
2026-10-01T18:06:31.278Z [EVENT world:unitAdded] #3 (anon_3) took 0.0ms
2026-10-01T18:06:31.278Z [EVENT world:unitAdded] #4 (anon_4) took 0.0ms
2026-10-01T18:06:31.278Z [EVENT world:unitAdded] #5 (anon_5) took 0.0ms
2026-10-01T18:06:31.279Z [EVENT world:unitAdded] #0 (anon_0) took 0.0ms
2026-10-01T18:06:31.279Z [EVENT world:unitAdded] #1 (clearUnitCaches) took 0.0ms
2026-10-01T18:06:31.279Z [EVENT world:unitAdded] #2 (markBedsDirty) took 0.0ms
2026-10-01T18:06:31.279Z [EVENT world:unitAdded] #3 (anon_3) took 0.0ms
2026-10-01T18:06:31.279Z [EVENT world:unitAdded] #4 (anon_4) took 0.0ms
2026-10-01T18:06:31.279Z [EVENT world:unitAdded] #5 (anon_5) took 0.0ms
2026-10-01T18:06:31.280Z [EVENT world:unitAdded] #0 (anon_0) took 0.0ms
2026-10-01T18:06:31.280Z [EVENT world:unitAdded] #1 (clearUnitCaches) took 0.0ms
2026-10-01T18:06:31.280Z [EVENT world:unitAdded] #2 (markBedsDirty) took 0.0ms
2026-10-01T18:06:31.280Z [EVENT world:unitAdded] #3 (anon_3) took 0.0ms
2026-10-01T18:06:31.280Z [EVENT world:unitAdded] #4 (anon_4) took 0.0ms
2026-10-01T18:06:31.281Z [EVENT world:unitAdded] #5 (anon_5) took 0.0ms
2026-10-01T18:06:31.328Z [EVENT world:unitAdded] #0 (anon_0) took 0.0ms
2026-10-01T18:06:31.328Z [EVENT world:unitAdded] #1 (clearUnitCaches) took 0.0ms
2026-10-01T18:06:31.328Z [EVENT world:unitAdded] #2 (markBedsDirty) took 0.0ms
2026-10-01T18:06:31.328Z [EVENT world:unitAdded] #3 (anon_3) took 0.0ms
2026-10-01T18:06:31.329Z [EVENT world:unitAdded] #4 (anon_4) took 0.0ms
2026-10-01T18:06:31.329Z [EVENT world:unitAdded] #5 (anon_5) took 0.0ms
2026-10-01T18:06:31.371Z [EVENT world:unitAdded] #0 (anon_0) took 0.0ms
2026-10-01T18:06:31.371Z [EVENT world:unitAdded] #1 (clearUnitCaches) took 0.0ms
2026-10-01T18:06:31.371Z [EVENT world:unitAdded] #2 (markBedsDirty) took 0.0ms
2026-10-01T18:06:31.372Z [EVENT world:unitAdded] #3 (anon_3) took 0.0ms
2026-10-01T18:06:31.372Z [EVENT world:unitAdded] #4 (anon_4) took 0.0ms
2026-10-01T18:06:31.372Z [EVENT world:unitAdded] #5 (anon_5) took 0.0ms
2026-10-01T18:06:31.374Z [EVENT world:unitAdded] #0 (anon_0) took 0.0ms
2026-10-01T18:06:31.374Z [EVENT world:unitAdded] #1 (clearUnitCaches) took 0.0ms
2026-10-01T18:06:31.374Z [EVENT world:unitAdded] #2 (markBedsDirty) took 0.0ms
2026-10-01T18:06:31.375Z [EVENT world:unitAdded] #3 (anon_3) took 0.0ms
2026-10-01T18:06:31.375Z [EVENT world:unitAdded] #4 (anon_4) took 0.1ms
2026-10-01T18:06:31.375Z [EVENT world:unitAdded] #5 (anon_5) took 0.0ms
2026-10-01T18:06:31.376Z [EVENT world:unitAdded] #0 (anon_0) took 0.0ms
2026-10-01T18:06:31.376Z [EVENT world:unitAdded] #1 (clearUnitCaches) took 0.0ms
2026-10-01T18:06:31.377Z [EVENT world:unitAdded] #2 (markBedsDirty) took 0.0ms
2026-10-01T18:06:31.377Z [EVENT world:unitAdded] #3 (anon_3) took 0.0ms
2026-10-01T18:06:31.377Z [EVENT world:unitAdded] #4 (anon_4) took 0.0ms
2026-10-01T18:06:31.377Z [EVENT world:unitAdded] #5 (anon_5) took 0.0ms
2026-10-01T18:06:31.379Z [EVENT world:unitAdded] #0 (anon_0) took 0.0ms
2026-10-01T18:06:31.379Z [EVENT world:unitAdded] #1 (clearUnitCaches) took 0.0ms
2026-10-01T18:06:31.379Z [EVENT world:unitAdded] #2 (markBedsDirty) took 0.0ms
2026-10-01T18:06:31.379Z [EVENT world:unitAdded] #3 (anon_3) took 0.0ms
2026-10-01T18:06:31.379Z [EVENT world:unitAdded] #4 (anon_4) took 0.0ms
2026-10-01T18:06:31.379Z [EVENT world:unitAdded] #5 (anon_5) took 0.0ms
2026-10-01T18:06:31.383Z [EVENT world:unitAdded] #0 (anon_0) took 0.0ms
2026-10-01T18:06:31.384Z [EVENT world:unitAdded] #1 (clearUnitCaches) took 0.0ms
2026-10-01T18:06:31.384Z [EVENT world:unitAdded] #2 (markBedsDirty) took 0.0ms
2026-10-01T18:06:31.384Z [EVENT world:unitAdded] #3 (anon_3) took 0.0ms
2026-10-01T18:06:31.384Z [EVENT world:unitAdded] #4 (anon_4) took 0.0ms
2026-10-01T18:06:31.384Z [EVENT world:unitAdded] #5 (anon_5) took 0.0ms
2026-10-01T18:06:31.396Z [EVENT world:unitAdded] #0 (anon_0) took 0.0ms
2026-10-01T18:06:31.396Z [EVENT world:unitAdded] #1 (clearUnitCaches) took 0.0ms
2026-10-01T18:06:31.396Z [EVENT world:unitAdded] #2 (markBedsDirty) took 0.0ms
2026-10-01T18:06:31.397Z [EVENT world:unitAdded] #3 (anon_3) took 0.0ms
2026-10-01T18:06:31.397Z [EVENT world:unitAdded] #4 (anon_4) took 0.0ms
2026-10-01T18:06:31.397Z [EVENT world:unitAdded] #5 (anon_5) took 0.0ms
2026-10-01T18:06:31.409Z [EVENT world:unitAdded] #0 (anon_0) took 0.0ms
2026-10-01T18:06:31.409Z [EVENT world:unitAdded] #1 (clearUnitCaches) took 0.0ms
2026-10-01T18:06:31.409Z [EVENT world:unitAdded] #2 (markBedsDirty) took 0.0ms
2026-10-01T18:06:31.409Z [EVENT world:unitAdded] #3 (anon_3) took 0.0ms
2026-10-01T18:06:31.409Z [EVENT world:unitAdded] #4 (anon_4) took 0.0ms
2026-10-01T18:06:31.409Z [EVENT world:unitAdded] #5 (anon_5) took 0.0ms
2026-10-01T18:06:31.425Z [EVENT world:unitAdded] #0 (anon_0) took 0.0ms
2026-10-01T18:06:31.426Z [EVENT world:unitAdded] #1 (clearUnitCaches) took 0.0ms
2026-10-01T18:06:31.426Z [EVENT world:unitAdded] #2 (markBedsDirty) took 0.0ms
2026-10-01T18:06:31.427Z [EVENT world:unitAdded] #3 (anon_3) took 0.0ms
2026-10-01T18:06:31.427Z [EVENT world:unitAdded] #4 (anon_4) took 0.0ms
2026-10-01T18:06:31.427Z [EVENT world:unitAdded] #5 (anon_5) took 0.0ms
2026-10-01T18:06:31.428Z [EVENT world:unitAdded] #0 (anon_0) took 0.0ms
2026-10-01T18:06:31.428Z [EVENT world:unitAdded] #1 (clearUnitCaches) took 0.0ms
2026-10-01T18:06:31.428Z [EVENT world:unitAdded] #2 (markBedsDirty) took 0.0ms
2026-10-01T18:06:31.428Z [EVENT world:unitAdded] #3 (anon_3) took 0.0ms
2026-10-01T18:06:31.428Z [EVENT world:unitAdded] #4 (anon_4) took 0.0ms
2026-10-01T18:06:31.428Z [EVENT world:unitAdded] #5 (anon_5) took 0.0ms
2026-10-01T18:06:31.430Z [EVENT world:unitAdded] #0 (anon_0) took 0.0ms
2026-10-01T18:06:31.430Z [EVENT world:unitAdded] #1 (clearUnitCaches) took 0.0ms
2026-10-01T18:06:31.430Z [EVENT world:unitAdded] #2 (markBedsDirty) took 0.0ms
2026-10-01T18:06:31.430Z [EVENT world:unitAdded] #3 (anon_3) took 0.0ms
2026-10-01T18:06:31.430Z [EVENT world:unitAdded] #4 (anon_4) took 0.0ms
2026-10-01T18:06:31.431Z [EVENT world:unitAdded] #5 (anon_5) took 0.0ms
2026-10-01T18:06:31.432Z [EVENT world:unitAdded] #0 (anon_0) took 0.0ms
2026-10-01T18:06:31.433Z [EVENT world:unitAdded] #1 (clearUnitCaches) took 0.0ms
2026-10-01T18:06:31.433Z [EVENT world:unitAdded] #2 (markBedsDirty) took 0.0ms
2026-10-01T18:06:31.433Z [EVENT world:unitAdded] #3 (anon_3) took 0.0ms
2026-10-01T18:06:31.433Z [EVENT world:unitAdded] #4 (anon_4) took 0.0ms
2026-10-01T18:06:31.433Z [EVENT world:unitAdded] #5 (anon_5) took 0.0ms
2026-10-01T18:06:31.434Z [EVENT world:created] #5 (anon_5) took 11203.9ms
2026-10-01T18:06:31.435Z [EVENT world:created] #6 (anon_6) took 1.0ms
2026-10-01T18:06:31.435Z [EVENT world:created] #7 (anon_7) took 0.0ms
2026-10-01T18:06:31.435Z [EVENT world:created] #8 (anon_8) took 0.1ms
2026-10-01T18:06:31.435Z [EVENT world:created] #9 (anon_9) took 0.0ms
2026-10-01T18:06:31.436Z [EVENT world:created] #10 (onWorldCreated) took 0.5ms
2026-10-01T18:06:31.437Z [EVENT world:created] #11 (anon_11) took 0.2ms
2026-10-01T18:06:31.437Z [TIMING] world:created fired (+27125.4ms)
2026-10-01T18:06:31.437Z [EVENT world:created] #12 (anon_12) took 0.2ms
2026-10-01T18:06:31.437Z [TIMING] emit world:created done
2026-10-01T18:06:31.437Z [TIMING] early seated done, units=0
2026-10-01T18:06:31.654Z [TIMING] setupForNewGame after World.newWorld
2026-10-01T18:06:31.654Z [TIMING] setupForNewGame exit (reserved map 1000)
2026-10-01T18:06:31.654Z [TIMING] DataManager.setupNewGame exit (+27342.9ms)
2026-10-01T18:06:31.671Z [TIMING] Scene_Boot.start exit (+27359.2ms)
2026-10-01T18:06:32.235Z [EVENT world:areaBuilt] #0 (anon_0) took 0.1ms
2026-10-01T18:06:32.236Z [EVENT world:areaBuilt] #1 (anon_1) took 0.1ms
2026-10-01T18:06:32.236Z [TIMING] world:areaBuilt (0,0) (+27924.6ms)
2026-10-01T18:06:32.236Z [EVENT world:areaBuilt] #2 (anon_2) took 0.2ms
2026-10-01T18:06:32.236Z [EVENT world:areaBuilt] #3 (anon_3) took 0.0ms
2026-10-01T18:06:32.446Z [SCENE_MAP isReady] ready=false, mapLoaded=true, tilemapReady=false, loadingCount=undefined
2026-10-01T18:06:32.500Z [SCENE_MAP isReady] ready=false, mapLoaded=true, tilemapReady=false, loadingCount=undefined
2026-10-01T18:06:32.517Z [SCENE_MAP isReady] ready=false, mapLoaded=true, tilemapReady=true, loadingCount=undefined
2026-10-01T18:06:32.524Z [SCENE_MAP isReady] ready=true, mapLoaded=true, tilemapReady=true, loadingCount=undefined
2026-10-01T18:06:32.913Z [SCENE_MAP isReady] ready=true, mapLoaded=true, tilemapReady=true, loadingCount=undefined
2026-10-01T18:06:34.276Z [SCENE] Scene_Map started! Map:  (256x256)
2026-10-01T18:06:34.276Z [AUTOTEST] Player pos: (128, 128), Party leader: Overseer
2026-10-01T18:06:34.277Z [AUTOTEST] Events on map: 809
2026-10-01T18:06:34.277Z [AUTOTEST] Clock HUD time: 08:00 - Year 501, Spring (08:00)
2026-10-01T18:06:34.916Z [SCENE_MAP UPDATE] Frame: 1, Clock: 08:00
2026-10-01T18:06:35.471Z [EVENT world:levelTileChanged] #0 (anon_0) took 0.0ms
2026-10-01T18:06:35.471Z [EVENT world:levelTileChanged] #1 (anon_1) took 0.1ms
2026-10-01T18:06:35.471Z [EVENT world:levelTileChanged] #0 (anon_0) took 0.0ms
2026-10-01T18:06:35.472Z [EVENT world:levelTileChanged] #1 (anon_1) took 0.0ms
2026-10-01T18:06:35.472Z [EVENT world:levelTileChanged] #0 (anon_0) took 0.0ms
2026-10-01T18:06:35.472Z [EVENT world:levelTileChanged] #1 (anon_1) took 0.0ms
2026-10-01T18:06:35.472Z [EVENT world:levelTileChanged] #0 (anon_0) took 0.0ms
2026-10-01T18:06:35.472Z [EVENT world:levelTileChanged] #1 (anon_1) took 0.0ms
2026-10-01T18:06:35.473Z [EVENT world:levelTileChanged] #0 (anon_0) took 0.0ms
2026-10-01T18:06:35.473Z [EVENT world:levelTileChanged] #1 (anon_1) took 0.0ms
2026-10-01T18:06:35.473Z [EVENT world:levelTileChanged] #0 (anon_0) took 0.0ms
2026-10-01T18:06:35.473Z [EVENT world:levelTileChanged] #1 (anon_1) took 0.0ms
2026-10-01T18:06:35.473Z [EVENT world:levelTileChanged] #0 (anon_0) took 0.0ms
2026-10-01T18:06:35.474Z [EVENT world:levelTileChanged] #1 (anon_1) took 0.0ms
2026-10-01T18:06:35.474Z [EVENT world:levelTileChanged] #0 (anon_0) took 0.0ms
2026-10-01T18:06:35.474Z [EVENT world:levelTileChanged] #1 (anon_1) took 0.0ms
2026-10-01T18:06:35.474Z [EVENT world:levelTileChanged] #0 (anon_0) took 0.0ms
2026-10-01T18:06:35.475Z [EVENT world:levelTileChanged] #1 (anon_1) took 0.0ms
2026-10-01T18:06:35.475Z [EVENT world:levelTileChanged] #0 (anon_0) took 0.0ms
2026-10-01T18:06:35.475Z [EVENT world:levelTileChanged] #1 (anon_1) took 0.0ms
2026-10-01T18:06:35.475Z [EVENT world:levelTileChanged] #0 (anon_0) took 0.0ms
2026-10-01T18:06:35.475Z [EVENT world:levelTileChanged] #1 (anon_1) took 0.0ms
2026-10-01T18:06:35.476Z [EVENT world:levelTileChanged] #0 (anon_0) took 0.0ms
2026-10-01T18:06:35.476Z [EVENT world:levelTileChanged] #1 (anon_1) took 0.0ms
2026-10-01T18:06:35.476Z [EVENT world:levelTileChanged] #0 (anon_0) took 0.0ms
2026-10-01T18:06:35.476Z [EVENT world:levelTileChanged] #1 (anon_1) took 0.0ms
2026-10-01T18:06:35.477Z [EVENT world:levelTileChanged] #0 (anon_0) took 0.0ms
2026-10-01T18:06:35.477Z [EVENT world:levelTileChanged] #1 (anon_1) took 0.0ms
2026-10-01T18:06:35.477Z [EVENT world:levelTileChanged] #0 (anon_0) took 0.0ms
2026-10-01T18:06:35.477Z [EVENT world:levelTileChanged] #1 (anon_1) took 0.0ms
2026-10-01T18:06:35.477Z [EVENT world:levelTileChanged] #0 (anon_0) took 0.0ms
2026-10-01T18:06:35.478Z [EVENT world:levelTileChanged] #1 (anon_1) took 0.0ms
2026-10-01T18:06:35.478Z [EVENT world:levelTileChanged] #0 (anon_0) took 0.0ms
2026-10-01T18:06:35.478Z [EVENT world:levelTileChanged] #1 (anon_1) took 0.0ms
2026-10-01T18:06:35.478Z [EVENT world:levelTileChanged] #0 (anon_0) took 0.0ms
2026-10-01T18:06:35.479Z [EVENT world:levelTileChanged] #1 (anon_1) took 0.0ms
2026-10-01T18:06:35.479Z [EVENT world:levelTileChanged] #0 (anon_0) took 0.0ms
2026-10-01T18:06:35.479Z [EVENT world:levelTileChanged] #1 (anon_1) took 0.0ms
2026-10-01T18:06:35.480Z [EVENT world:levelTileChanged] #0 (anon_0) took 0.0ms
2026-10-01T18:06:35.480Z [EVENT world:levelTileChanged] #1 (anon_1) took 0.0ms
2026-10-01T18:06:35.480Z [EVENT world:levelTileChanged] #0 (anon_0) took 0.0ms
2026-10-01T18:06:35.481Z [EVENT world:levelTileChanged] #1 (anon_1) took 0.0ms
2026-10-01T18:06:35.481Z [EVENT world:levelTileChanged] #0 (anon_0) took 0.0ms
2026-10-01T18:06:35.481Z [EVENT world:levelTileChanged] #1 (anon_1) took 0.0ms
2026-10-01T18:06:35.482Z [EVENT world:levelTileChanged] #0 (anon_0) took 0.0ms
2026-10-01T18:06:35.482Z [EVENT world:levelTileChanged] #1 (anon_1) took 0.0ms
2026-10-01T18:06:35.482Z [EVENT world:levelTileChanged] #0 (anon_0) took 0.0ms
2026-10-01T18:06:35.482Z [EVENT world:levelTileChanged] #1 (anon_1) took 0.0ms
2026-10-01T18:06:35.483Z [EVENT world:levelTileChanged] #0 (anon_0) took 0.0ms
2026-10-01T18:06:35.483Z [EVENT world:levelTileChanged] #1 (anon_1) took 0.0ms
2026-10-01T18:06:35.483Z [EVENT world:levelTileChanged] #0 (anon_0) took 0.0ms
2026-10-01T18:06:35.483Z [EVENT world:levelTileChanged] #1 (anon_1) took 0.0ms
2026-10-01T18:06:35.484Z [EVENT world:levelTileChanged] #0 (anon_0) took 0.0ms
2026-10-01T18:06:35.484Z [EVENT world:levelTileChanged] #1 (anon_1) took 0.0ms
2026-10-01T18:06:35.485Z [EVENT world:levelTileChanged] #0 (anon_0) took 0.0ms
2026-10-01T18:06:35.485Z [EVENT world:levelTileChanged] #1 (anon_1) took 0.0ms
2026-10-01T18:06:35.485Z [EVENT world:levelTileChanged] #0 (anon_0) took 0.0ms
2026-10-01T18:06:35.486Z [EVENT world:levelTileChanged] #1 (anon_1) took 0.0ms
2026-10-01T18:06:35.486Z [EVENT world:levelTileChanged] #0 (anon_0) took 0.0ms
2026-10-01T18:06:35.486Z [EVENT world:levelTileChanged] #1 (anon_1) took 0.0ms
2026-10-01T18:06:35.486Z [EVENT world:levelTileChanged] #0 (anon_0) took 0.0ms
2026-10-01T18:06:35.486Z [EVENT world:levelTileChanged] #1 (anon_1) took 0.0ms
2026-10-01T18:06:35.487Z [EVENT world:levelTileChanged] #0 (anon_0) took 0.0ms
2026-10-01T18:06:35.487Z [EVENT world:levelTileChanged] #1 (anon_1) took 0.0ms
2026-10-01T18:06:35.487Z [EVENT world:levelTileChanged] #0 (anon_0) took 0.0ms
2026-10-01T18:06:35.487Z [EVENT world:levelTileChanged] #1 (anon_1) took 0.0ms
2026-10-01T18:06:35.488Z [EVENT world:levelTileChanged] #0 (anon_0) took 0.0ms
2026-10-01T18:06:35.488Z [EVENT world:levelTileChanged] #1 (anon_1) took 0.0ms
2026-10-01T18:06:35.488Z [EVENT world:levelTileChanged] #0 (anon_0) took 0.0ms
2026-10-01T18:06:35.489Z [EVENT world:levelTileChanged] #1 (anon_1) took 0.0ms
2026-10-01T18:06:35.489Z [EVENT world:levelTileChanged] #0 (anon_0) took 0.0ms
2026-10-01T18:06:35.489Z [EVENT world:levelTileChanged] #1 (anon_1) took 0.0ms
2026-10-01T18:06:35.489Z [EVENT world:levelTileChanged] #0 (anon_0) took 0.0ms
2026-10-01T18:06:35.489Z [EVENT world:levelTileChanged] #1 (anon_1) took 0.0ms
2026-10-01T18:06:35.490Z [EVENT world:levelTileChanged] #0 (anon_0) took 0.0ms
2026-10-01T18:06:35.490Z [EVENT world:levelTileChanged] #1 (anon_1) took 0.0ms
2026-10-01T18:06:35.490Z [EVENT world:levelTileChanged] #0 (anon_0) took 0.0ms
2026-10-01T18:06:35.490Z [EVENT world:levelTileChanged] #1 (anon_1) took 0.0ms
2026-10-01T18:06:35.491Z [EVENT world:levelTileChanged] #0 (anon_0) took 0.0ms
2026-10-01T18:06:35.492Z [EVENT world:levelTileChanged] #1 (anon_1) took 0.0ms
2026-10-01T18:06:35.492Z [EVENT world:levelTileChanged] #0 (anon_0) took 0.0ms
2026-10-01T18:06:35.492Z [EVENT world:levelTileChanged] #1 (anon_1) took 0.0ms
2026-10-01T18:06:35.493Z [EVENT world:levelTileChanged] #0 (anon_0) took 0.0ms
2026-10-01T18:06:35.493Z [EVENT world:levelTileChanged] #1 (anon_1) took 0.0ms
2026-10-01T18:06:35.493Z [EVENT world:levelTileChanged] #0 (anon_0) took 0.0ms
2026-10-01T18:06:35.493Z [EVENT world:levelTileChanged] #1 (anon_1) took 0.0ms
2026-10-01T18:06:35.493Z [EVENT world:levelTileChanged] #0 (anon_0) took 0.0ms
2026-10-01T18:06:35.494Z [EVENT world:levelTileChanged] #1 (anon_1) took 0.0ms
2026-10-01T18:06:35.494Z [EVENT world:levelTileChanged] #0 (anon_0) took 0.0ms
2026-10-01T18:06:35.494Z [EVENT world:levelTileChanged] #1 (anon_1) took 0.0ms
2026-10-01T18:06:35.494Z [EVENT world:levelTileChanged] #0 (anon_0) took 0.0ms
2026-10-01T18:06:35.495Z [EVENT world:levelTileChanged] #1 (anon_1) took 0.0ms
2026-10-01T18:06:35.495Z [EVENT world:levelTileChanged] #0 (anon_0) took 0.0ms
2026-10-01T18:06:35.496Z [EVENT world:levelTileChanged] #1 (anon_1) took 0.0ms
2026-10-01T18:06:35.496Z [EVENT world:levelTileChanged] #0 (anon_0) took 0.0ms
2026-10-01T18:06:35.497Z [EVENT world:levelTileChanged] #1 (anon_1) took 0.0ms
2026-10-01T18:06:35.498Z [EVENT world:levelTileChanged] #0 (anon_0) took 0.0ms
2026-10-01T18:06:35.498Z [EVENT world:levelTileChanged] #1 (anon_1) took 0.0ms
2026-10-01T18:06:35.498Z [EVENT world:levelTileChanged] #0 (anon_0) took 0.0ms
2026-10-01T18:06:35.499Z [EVENT world:levelTileChanged] #1 (anon_1) took 0.0ms
2026-10-01T18:06:35.499Z [EVENT world:levelTileChanged] #0 (anon_0) took 0.0ms
2026-10-01T18:06:35.499Z [EVENT world:levelTileChanged] #1 (anon_1) took 0.0ms
2026-10-01T18:06:35.501Z [EVENT world:levelTileChanged] #0 (anon_0) took 0.0ms
2026-10-01T18:06:35.501Z [EVENT world:levelTileChanged] #1 (anon_1) took 0.0ms
2026-10-01T18:06:35.501Z [EVENT world:levelTileChanged] #0 (anon_0) took 0.0ms
2026-10-01T18:06:35.502Z [EVENT world:levelTileChanged] #1 (anon_1) took 0.0ms
2026-10-01T18:06:35.502Z [EVENT world:levelTileChanged] #0 (anon_0) took 0.0ms
2026-10-01T18:06:35.502Z [EVENT world:levelTileChanged] #1 (anon_1) took 0.0ms
2026-10-01T18:06:35.504Z [EVENT world:levelTileChanged] #0 (anon_0) took 0.0ms
2026-10-01T18:06:35.504Z [EVENT world:levelTileChanged] #1 (anon_1) took 0.0ms
2026-10-01T18:06:35.505Z [EVENT world:levelTileChanged] #0 (anon_0) took 0.0ms
2026-10-01T18:06:35.505Z [EVENT world:levelTileChanged] #1 (anon_1) took 0.0ms
2026-10-01T18:06:35.506Z [EVENT world:levelTileChanged] #0 (anon_0) took 0.0ms
2026-10-01T18:06:35.506Z [EVENT world:levelTileChanged] #1 (anon_1) took 0.0ms
2026-10-01T18:06:35.506Z [EVENT world:levelTileChanged] #0 (anon_0) took 0.0ms
2026-10-01T18:06:35.506Z [EVENT world:levelTileChanged] #1 (anon_1) took 0.0ms
2026-10-01T18:06:35.507Z [EVENT world:levelTileChanged] #0 (anon_0) took 0.0ms
2026-10-01T18:06:35.507Z [EVENT world:levelTileChanged] #1 (anon_1) took 0.0ms
2026-10-01T18:06:35.507Z [EVENT world:levelTileChanged] #0 (anon_0) took 0.0ms
2026-10-01T18:06:35.508Z [EVENT world:levelTileChanged] #1 (anon_1) took 0.0ms
2026-10-01T18:06:35.508Z [EVENT world:levelTileChanged] #0 (anon_0) took 0.0ms
2026-10-01T18:06:35.508Z [EVENT world:levelTileChanged] #1 (anon_1) took 0.0ms
2026-10-01T18:06:35.509Z [EVENT world:levelTileChanged] #0 (anon_0) took 0.0ms
2026-10-01T18:06:35.509Z [EVENT world:levelTileChanged] #1 (anon_1) took 0.0ms
2026-10-01T18:06:35.509Z [EVENT world:levelTileChanged] #0 (anon_0) took 0.0ms
2026-10-01T18:06:35.509Z [EVENT world:levelTileChanged] #1 (anon_1) took 0.0ms
2026-10-01T18:06:35.510Z [EVENT world:levelTileChanged] #0 (anon_0) took 0.0ms
2026-10-01T18:06:35.510Z [EVENT world:levelTileChanged] #1 (anon_1) took 0.0ms
2026-10-01T18:06:35.510Z [EVENT world:levelTileChanged] #0 (anon_0) took 0.0ms
2026-10-01T18:06:35.510Z [EVENT world:levelTileChanged] #1 (anon_1) took 0.0ms
2026-10-01T18:06:35.511Z [EVENT world:levelTileChanged] #0 (anon_0) took 0.0ms
2026-10-01T18:06:35.511Z [EVENT world:levelTileChanged] #1 (anon_1) took 0.0ms
2026-10-01T18:06:35.511Z [EVENT world:levelTileChanged] #0 (anon_0) took 0.0ms
2026-10-01T18:06:35.512Z [EVENT world:levelTileChanged] #1 (anon_1) took 0.0ms
2026-10-01T18:06:35.512Z [EVENT world:levelTileChanged] #0 (anon_0) took 0.0ms
2026-10-01T18:06:35.513Z [EVENT world:levelTileChanged] #1 (anon_1) took 0.0ms
2026-10-01T18:06:35.513Z [EVENT world:levelTileChanged] #0 (anon_0) took 0.0ms
2026-10-01T18:06:35.514Z [EVENT world:levelTileChanged] #1 (anon_1) took 0.0ms
2026-10-01T18:06:35.514Z [EVENT world:levelTileChanged] #0 (anon_0) took 0.0ms
2026-10-01T18:06:35.515Z [EVENT world:levelTileChanged] #1 (anon_1) took 0.0ms
2026-10-01T18:06:35.515Z [EVENT world:levelTileChanged] #0 (anon_0) took 0.0ms
2026-10-01T18:06:35.515Z [EVENT world:levelTileChanged] #1 (anon_1) took 0.0ms
2026-10-01T18:06:35.515Z [EVENT world:levelTileChanged] #0 (anon_0) took 0.0ms
2026-10-01T18:06:35.516Z [EVENT world:levelTileChanged] #1 (anon_1) took 0.0ms
2026-10-01T18:06:35.520Z [EVENT world:levelTileChanged] #0 (anon_0) took 0.0ms
2026-10-01T18:06:35.520Z [EVENT world:levelTileChanged] #1 (anon_1) took 0.0ms
2026-10-01T18:06:35.521Z [EVENT world:levelTileChanged] #0 (anon_0) took 0.0ms
2026-10-01T18:06:35.521Z [EVENT world:levelTileChanged] #1 (anon_1) took 0.0ms
2026-10-01T18:06:35.521Z [EVENT world:levelTileChanged] #0 (anon_0) took 0.0ms
2026-10-01T18:06:35.522Z [EVENT world:levelTileChanged] #1 (anon_1) took 0.0ms
2026-10-01T18:06:35.522Z [EVENT world:levelTileChanged] #0 (anon_0) took 0.0ms
2026-10-01T18:06:35.522Z [EVENT world:levelTileChanged] #1 (anon_1) took 0.0ms
2026-10-01T18:06:35.522Z [EVENT world:levelTileChanged] #0 (anon_0) took 0.0ms
2026-10-01T18:06:35.523Z [EVENT world:levelTileChanged] #1 (anon_1) took 0.0ms
2026-10-01T18:06:35.523Z [EVENT world:levelTileChanged] #0 (anon_0) took 0.0ms
2026-10-01T18:06:35.523Z [EVENT world:levelTileChanged] #1 (anon_1) took 0.0ms
2026-10-01T18:06:35.524Z [EVENT world:levelTileChanged] #0 (anon_0) took 0.0ms
2026-10-01T18:06:35.524Z [EVENT world:levelTileChanged] #1 (anon_1) took 0.0ms
2026-10-01T18:06:35.524Z [EVENT world:levelTileChanged] #0 (anon_0) took 0.0ms
2026-10-01T18:06:35.524Z [EVENT world:levelTileChanged] #1 (anon_1) took 0.0ms
2026-10-01T18:06:35.525Z [EVENT world:levelTileChanged] #0 (anon_0) took 0.0ms
2026-10-01T18:06:35.525Z [EVENT world:levelTileChanged] #1 (anon_1) took 0.0ms
2026-10-01T18:06:35.525Z [EVENT world:levelTileChanged] #0 (anon_0) took 0.0ms
2026-10-01T18:06:35.526Z [EVENT world:levelTileChanged] #1 (anon_1) took 0.0ms
2026-10-01T18:06:35.526Z [EVENT world:levelTileChanged] #0 (anon_0) took 0.0ms
2026-10-01T18:06:35.526Z [EVENT world:levelTileChanged] #1 (anon_1) took 0.0ms
2026-10-01T18:06:35.526Z [EVENT world:levelTileChanged] #0 (anon_0) took 0.0ms
2026-10-01T18:06:35.526Z [EVENT world:levelTileChanged] #1 (anon_1) took 0.0ms
2026-10-01T18:06:35.527Z [EVENT world:levelTileChanged] #0 (anon_0) took 0.0ms
2026-10-01T18:06:35.527Z [EVENT world:levelTileChanged] #1 (anon_1) took 0.0ms
2026-10-01T18:06:35.527Z [EVENT world:levelTileChanged] #0 (anon_0) took 0.0ms
2026-10-01T18:06:35.527Z [EVENT world:levelTileChanged] #1 (anon_1) took 0.0ms
2026-10-01T18:06:35.527Z [EVENT world:levelTileChanged] #0 (anon_0) took 0.0ms
2026-10-01T18:06:35.527Z [EVENT world:levelTileChanged] #1 (anon_1) took 0.0ms
2026-10-01T18:06:35.528Z [EVENT world:levelTileChanged] #0 (anon_0) took 0.0ms
2026-10-01T18:06:35.528Z [EVENT world:levelTileChanged] #1 (anon_1) took 0.0ms
2026-10-01T18:06:35.528Z [EVENT world:levelTileChanged] #0 (anon_0) took 0.0ms
2026-10-01T18:06:35.528Z [EVENT world:levelTileChanged] #1 (anon_1) took 0.0ms
2026-10-01T18:06:35.529Z [EVENT world:levelTileChanged] #0 (anon_0) took 0.0ms
2026-10-01T18:06:35.529Z [EVENT world:levelTileChanged] #1 (anon_1) took 0.0ms
2026-10-01T18:06:35.529Z [EVENT world:levelTileChanged] #0 (anon_0) took 0.0ms
2026-10-01T18:06:35.529Z [EVENT world:levelTileChanged] #1 (anon_1) took 0.0ms
2026-10-01T18:06:35.530Z [EVENT world:levelTileChanged] #0 (anon_0) took 0.0ms
2026-10-01T18:06:35.530Z [EVENT world:levelTileChanged] #1 (anon_1) took 0.0ms
2026-10-01T18:06:35.530Z [EVENT world:levelTileChanged] #0 (anon_0) took 0.0ms
2026-10-01T18:06:35.530Z [EVENT world:levelTileChanged] #1 (anon_1) took 0.0ms
2026-10-01T18:06:35.530Z [EVENT world:levelTileChanged] #0 (anon_0) took 0.0ms
2026-10-01T18:06:35.531Z [EVENT world:levelTileChanged] #1 (anon_1) took 0.0ms
2026-10-01T18:06:35.531Z [EVENT world:levelTileChanged] #0 (anon_0) took 0.0ms
2026-10-01T18:06:35.531Z [EVENT world:levelTileChanged] #1 (anon_1) took 0.0ms
2026-10-01T18:06:35.531Z [EVENT world:levelTileChanged] #0 (anon_0) took 0.0ms
2026-10-01T18:06:35.532Z [EVENT world:levelTileChanged] #1 (anon_1) took 0.0ms
2026-10-01T18:06:35.532Z [EVENT world:levelTileChanged] #0 (anon_0) took 0.0ms
2026-10-01T18:06:35.532Z [EVENT world:levelTileChanged] #1 (anon_1) took 0.0ms
2026-10-01T18:06:35.532Z [EVENT world:levelTileChanged] #0 (anon_0) took 0.0ms
2026-10-01T18:06:35.533Z [EVENT world:levelTileChanged] #1 (anon_1) took 0.0ms
2026-10-01T18:06:35.533Z [EVENT world:levelTileChanged] #0 (anon_0) took 0.0ms
2026-10-01T18:06:35.533Z [EVENT world:levelTileChanged] #1 (anon_1) took 0.0ms
2026-10-01T18:06:35.534Z [EVENT world:levelTileChanged] #0 (anon_0) took 0.0ms
2026-10-01T18:06:35.534Z [EVENT world:levelTileChanged] #1 (anon_1) took 0.0ms
2026-10-01T18:06:35.534Z [EVENT world:levelTileChanged] #0 (anon_0) took 0.0ms
2026-10-01T18:06:35.534Z [EVENT world:levelTileChanged] #1 (anon_1) took 0.0ms
2026-10-01T18:06:35.535Z [EVENT world:levelTileChanged] #0 (anon_0) took 0.0ms
2026-10-01T18:06:35.535Z [EVENT world:levelTileChanged] #1 (anon_1) took 0.0ms
2026-10-01T18:06:35.535Z [EVENT world:levelTileChanged] #0 (anon_0) took 0.0ms
2026-10-01T18:06:35.536Z [EVENT world:levelTileChanged] #1 (anon_1) took 0.0ms
2026-10-01T18:06:35.536Z [EVENT world:levelTileChanged] #0 (anon_0) took 0.0ms
2026-10-01T18:06:35.536Z [EVENT world:levelTileChanged] #1 (anon_1) took 0.0ms
2026-10-01T18:06:35.536Z [EVENT world:levelTileChanged] #0 (anon_0) took 0.0ms
2026-10-01T18:06:35.537Z [EVENT world:levelTileChanged] #1 (anon_1) took 0.0ms
2026-10-01T18:06:35.537Z [EVENT world:levelTileChanged] #0 (anon_0) took 0.0ms
2026-10-01T18:06:35.537Z [EVENT world:levelTileChanged] #1 (anon_1) took 0.0ms
2026-10-01T18:06:35.538Z [EVENT world:levelTileChanged] #0 (anon_0) took 0.0ms
2026-10-01T18:06:35.538Z [EVENT world:levelTileChanged] #1 (anon_1) took 0.0ms
2026-10-01T18:06:35.538Z [EVENT world:levelTileChanged] #0 (anon_0) took 0.0ms
2026-10-01T18:06:35.538Z [EVENT world:levelTileChanged] #1 (anon_1) took 0.0ms
2026-10-01T18:06:35.539Z [EVENT world:levelTileChanged] #0 (anon_0) took 0.0ms
2026-10-01T18:06:35.539Z [EVENT world:levelTileChanged] #1 (anon_1) took 0.0ms
2026-10-01T18:06:35.539Z [EVENT world:levelTileChanged] #0 (anon_0) took 0.0ms
2026-10-01T18:06:35.540Z [EVENT world:levelTileChanged] #1 (anon_1) took 0.0ms
2026-10-01T18:06:35.540Z [EVENT world:levelTileChanged] #0 (anon_0) took 0.0ms
2026-10-01T18:06:35.540Z [EVENT world:levelTileChanged] #1 (anon_1) took 0.0ms
2026-10-01T18:06:35.540Z [EVENT world:levelTileChanged] #0 (anon_0) took 0.0ms
2026-10-01T18:06:35.540Z [EVENT world:levelTileChanged] #1 (anon_1) took 0.0ms
2026-10-01T18:06:35.541Z [EVENT world:levelTileChanged] #0 (anon_0) took 0.0ms
2026-10-01T18:06:35.541Z [EVENT world:levelTileChanged] #1 (anon_1) took 0.0ms
2026-10-01T18:06:35.541Z [EVENT world:levelTileChanged] #0 (anon_0) took 0.0ms
2026-10-01T18:06:35.541Z [EVENT world:levelTileChanged] #1 (anon_1) took 0.0ms
2026-10-01T18:06:35.542Z [EVENT world:levelTileChanged] #0 (anon_0) took 0.0ms
2026-10-01T18:06:35.542Z [EVENT world:levelTileChanged] #1 (anon_1) took 0.0ms
2026-10-01T18:06:35.542Z [EVENT world:levelTileChanged] #0 (anon_0) took 0.0ms
2026-10-01T18:06:35.542Z [EVENT world:levelTileChanged] #1 (anon_1) took 0.0ms
2026-10-01T18:06:35.542Z [EVENT world:levelTileChanged] #0 (anon_0) took 0.0ms
2026-10-01T18:06:35.542Z [EVENT world:levelTileChanged] #1 (anon_1) took 0.0ms
2026-10-01T18:06:35.543Z [EVENT world:levelTileChanged] #0 (anon_0) took 0.0ms
2026-10-01T18:06:35.543Z [EVENT world:levelTileChanged] #1 (anon_1) took 0.0ms
2026-10-01T18:06:35.543Z [EVENT world:levelTileChanged] #0 (anon_0) took 0.0ms
2026-10-01T18:06:35.544Z [EVENT world:levelTileChanged] #1 (anon_1) took 0.0ms
2026-10-01T18:06:35.544Z [EVENT world:levelTileChanged] #0 (anon_0) took 0.0ms
2026-10-01T18:06:35.544Z [EVENT world:levelTileChanged] #1 (anon_1) took 0.0ms
2026-10-01T18:06:35.545Z [EVENT world:levelTileChanged] #0 (anon_0) took 0.0ms
2026-10-01T18:06:35.545Z [EVENT world:levelTileChanged] #1 (anon_1) took 0.0ms
2026-10-01T18:06:35.545Z [EVENT world:levelTileChanged] #0 (anon_0) took 0.0ms
2026-10-01T18:06:35.545Z [EVENT world:levelTileChanged] #1 (anon_1) took 0.0ms
2026-10-01T18:06:35.546Z [EVENT world:levelTileChanged] #0 (anon_0) took 0.0ms
2026-10-01T18:06:35.546Z [EVENT world:levelTileChanged] #1 (anon_1) took 0.0ms
2026-10-01T18:06:35.546Z [EVENT world:levelTileChanged] #0 (anon_0) took 0.0ms
2026-10-01T18:06:35.546Z [EVENT world:levelTileChanged] #1 (anon_1) took 0.0ms
2026-10-01T18:06:35.547Z [EVENT world:levelTileChanged] #0 (anon_0) took 0.0ms
2026-10-01T18:06:35.547Z [EVENT world:levelTileChanged] #1 (anon_1) took 0.0ms
2026-10-01T18:06:35.547Z [EVENT world:levelTileChanged] #0 (anon_0) took 0.0ms
2026-10-01T18:06:35.547Z [EVENT world:levelTileChanged] #1 (anon_1) took 0.0ms
2026-10-01T18:06:35.548Z [EVENT world:levelTileChanged] #0 (anon_0) took 0.0ms
2026-10-01T18:06:35.548Z [EVENT world:levelTileChanged] #1 (anon_1) took 0.0ms
2026-10-01T18:06:35.548Z [EVENT world:levelTileChanged] #0 (anon_0) took 0.0ms
2026-10-01T18:06:35.548Z [EVENT world:levelTileChanged] #1 (anon_1) took 0.0ms
2026-10-01T18:06:35.549Z [EVENT world:levelTileChanged] #0 (anon_0) took 0.0ms
2026-10-01T18:06:35.549Z [EVENT world:levelTileChanged] #1 (anon_1) took 0.0ms
2026-10-01T18:06:35.549Z [EVENT world:levelTileChanged] #0 (anon_0) took 0.0ms
2026-10-01T18:06:35.550Z [EVENT world:levelTileChanged] #1 (anon_1) took 0.0ms
2026-10-01T18:06:35.550Z [EVENT world:levelTileChanged] #0 (anon_0) took 0.0ms
2026-10-01T18:06:35.550Z [EVENT world:levelTileChanged] #1 (anon_1) took 0.0ms
2026-10-01T18:06:35.551Z [EVENT world:levelTileChanged] #0 (anon_0) took 0.0ms
2026-10-01T18:06:35.551Z [EVENT world:levelTileChanged] #1 (anon_1) took 0.0ms
2026-10-01T18:06:35.551Z [EVENT world:levelTileChanged] #0 (anon_0) took 0.0ms
2026-10-01T18:06:35.551Z [EVENT world:levelTileChanged] #1 (anon_1) took 0.0ms
2026-10-01T18:06:35.551Z [EVENT world:levelTileChanged] #0 (anon_0) took 0.0ms
2026-10-01T18:06:35.552Z [EVENT world:levelTileChanged] #1 (anon_1) took 0.0ms
2026-10-01T18:06:35.552Z [EVENT world:levelTileChanged] #0 (anon_0) took 0.0ms
2026-10-01T18:06:35.552Z [EVENT world:levelTileChanged] #1 (anon_1) took 0.0ms
2026-10-01T18:06:35.553Z [EVENT world:levelTileChanged] #0 (anon_0) took 0.0ms
2026-10-01T18:06:35.553Z [EVENT world:levelTileChanged] #1 (anon_1) took 0.0ms
2026-10-01T18:06:35.553Z [EVENT world:levelTileChanged] #0 (anon_0) took 0.0ms
2026-10-01T18:06:35.553Z [EVENT world:levelTileChanged] #1 (anon_1) took 0.0ms
2026-10-01T18:06:35.553Z [EVENT world:levelTileChanged] #0 (anon_0) took 0.0ms
2026-10-01T18:06:35.554Z [EVENT world:levelTileChanged] #1 (anon_1) took 0.0ms
2026-10-01T18:06:35.554Z [EVENT world:levelTileChanged] #0 (anon_0) took 0.0ms
2026-10-01T18:06:35.554Z [EVENT world:levelTileChanged] #1 (anon_1) took 0.0ms
2026-10-01T18:06:35.554Z [EVENT world:levelTileChanged] #0 (anon_0) took 0.0ms
2026-10-01T18:06:35.554Z [EVENT world:levelTileChanged] #1 (anon_1) took 0.0ms
2026-10-01T18:06:35.555Z [EVENT world:levelTileChanged] #0 (anon_0) took 0.0ms
2026-10-01T18:06:35.555Z [EVENT world:levelTileChanged] #1 (anon_1) took 0.0ms
2026-10-01T18:06:35.555Z [EVENT world:levelTileChanged] #0 (anon_0) took 0.0ms
2026-10-01T18:06:35.555Z [EVENT world:levelTileChanged] #1 (anon_1) took 0.0ms
2026-10-01T18:06:35.556Z [EVENT world:levelTileChanged] #0 (anon_0) took 0.0ms
2026-10-01T18:06:35.556Z [EVENT world:levelTileChanged] #1 (anon_1) took 0.0ms
2026-10-01T18:06:35.556Z [EVENT world:levelTileChanged] #0 (anon_0) took 0.0ms
2026-10-01T18:06:35.556Z [EVENT world:levelTileChanged] #1 (anon_1) took 0.0ms
2026-10-01T18:06:35.557Z [EVENT world:levelTileChanged] #0 (anon_0) took 0.0ms
2026-10-01T18:06:35.557Z [EVENT world:levelTileChanged] #1 (anon_1) took 0.0ms
2026-10-01T18:06:35.557Z [EVENT world:levelTileChanged] #0 (anon_0) took 0.0ms
2026-10-01T18:06:35.557Z [EVENT world:levelTileChanged] #1 (anon_1) took 0.0ms
2026-10-01T18:06:35.557Z [EVENT world:levelTileChanged] #0 (anon_0) took 0.0ms
2026-10-01T18:06:35.558Z [EVENT world:levelTileChanged] #1 (anon_1) took 0.0ms
2026-10-01T18:06:35.558Z [EVENT world:levelTileChanged] #0 (anon_0) took 0.0ms
2026-10-01T18:06:35.558Z [EVENT world:levelTileChanged] #1 (anon_1) took 0.0ms
2026-10-01T18:06:35.558Z [EVENT world:levelTileChanged] #0 (anon_0) took 0.0ms
2026-10-01T18:06:35.558Z [EVENT world:levelTileChanged] #1 (anon_1) took 0.0ms
2026-10-01T18:06:35.559Z [EVENT world:levelTileChanged] #0 (anon_0) took 0.0ms
2026-10-01T18:06:35.559Z [EVENT world:levelTileChanged] #1 (anon_1) took 0.0ms
2026-10-01T18:06:35.559Z [EVENT world:levelTileChanged] #0 (anon_0) took 0.0ms
2026-10-01T18:06:35.559Z [EVENT world:levelTileChanged] #1 (anon_1) took 0.0ms
2026-10-01T18:06:35.560Z [EVENT world:levelTileChanged] #0 (anon_0) took 0.0ms
2026-10-01T18:06:35.560Z [EVENT world:levelTileChanged] #1 (anon_1) took 0.0ms
2026-10-01T18:06:35.560Z [EVENT world:levelTileChanged] #0 (anon_0) took 0.0ms
2026-10-01T18:06:35.560Z [EVENT world:levelTileChanged] #1 (anon_1) took 0.0ms
2026-10-01T18:06:35.560Z [EVENT world:levelTileChanged] #0 (anon_0) took 0.0ms
2026-10-01T18:06:35.561Z [EVENT world:levelTileChanged] #1 (anon_1) took 0.0ms
2026-10-01T18:06:35.561Z [EVENT world:levelTileChanged] #0 (anon_0) took 0.0ms
2026-10-01T18:06:35.561Z [EVENT world:levelTileChanged] #1 (anon_1) took 0.0ms
2026-10-01T18:06:35.561Z [EVENT world:levelTileChanged] #0 (anon_0) took 0.0ms
2026-10-01T18:06:35.562Z [EVENT world:levelTileChanged] #1 (anon_1) took 0.0ms
2026-10-01T18:06:35.562Z [EVENT world:levelTileChanged] #0 (anon_0) took 0.0ms
2026-10-01T18:06:35.562Z [EVENT world:levelTileChanged] #1 (anon_1) took 0.0ms
2026-10-01T18:06:35.563Z [EVENT world:levelTileChanged] #0 (anon_0) took 0.0ms
2026-10-01T18:06:35.563Z [EVENT world:levelTileChanged] #1 (anon_1) took 0.0ms
2026-10-01T18:06:35.563Z [EVENT world:levelTileChanged] #0 (anon_0) took 0.0ms
2026-10-01T18:06:35.563Z [EVENT world:levelTileChanged] #1 (anon_1) took 0.0ms
2026-10-01T18:06:35.564Z [EVENT world:levelTileChanged] #0 (anon_0) took 0.0ms
2026-10-01T18:06:35.564Z [EVENT world:levelTileChanged] #1 (anon_1) took 0.0ms
2026-10-01T18:06:35.564Z [EVENT world:levelTileChanged] #0 (anon_0) took 0.0ms
2026-10-01T18:06:35.564Z [EVENT world:levelTileChanged] #1 (anon_1) took 0.0ms
2026-10-01T18:06:35.564Z [EVENT world:levelTileChanged] #0 (anon_0) took 0.0ms
2026-10-01T18:06:35.565Z [EVENT world:levelTileChanged] #1 (anon_1) took 0.0ms
2026-10-01T18:06:35.565Z [EVENT world:levelTileChanged] #0 (anon_0) took 0.0ms
2026-10-01T18:06:35.565Z [EVENT world:levelTileChanged] #1 (anon_1) took 0.0ms
2026-10-01T18:06:35.566Z [EVENT world:levelTileChanged] #0 (anon_0) took 0.0ms
2026-10-01T18:06:35.566Z [EVENT world:levelTileChanged] #1 (anon_1) took 0.0ms
2026-10-01T18:06:35.566Z [EVENT world:levelTileChanged] #0 (anon_0) took 0.0ms
2026-10-01T18:06:35.566Z [EVENT world:levelTileChanged] #1 (anon_1) took 0.0ms
2026-10-01T18:06:35.566Z [EVENT world:levelTileChanged] #0 (anon_0) took 0.0ms
2026-10-01T18:06:35.567Z [EVENT world:levelTileChanged] #1 (anon_1) took 0.0ms
2026-10-01T18:06:35.567Z [EVENT world:levelTileChanged] #0 (anon_0) took 0.0ms
2026-10-01T18:06:35.567Z [EVENT world:levelTileChanged] #1 (anon_1) took 0.0ms
2026-10-01T18:06:35.567Z [EVENT world:levelTileChanged] #0 (anon_0) took 0.0ms
2026-10-01T18:06:35.567Z [EVENT world:levelTileChanged] #1 (anon_1) took 0.0ms
2026-10-01T18:06:35.568Z [EVENT world:levelTileChanged] #0 (anon_0) took 0.0ms
2026-10-01T18:06:35.568Z [EVENT world:levelTileChanged] #1 (anon_1) took 0.0ms
2026-10-01T18:06:35.568Z [EVENT world:levelTileChanged] #0 (anon_0) took 0.0ms
2026-10-01T18:06:35.568Z [EVENT world:levelTileChanged] #1 (anon_1) took 0.0ms
2026-10-01T18:06:35.568Z [EVENT world:levelTileChanged] #0 (anon_0) took 0.0ms
2026-10-01T18:06:35.569Z [EVENT world:levelTileChanged] #1 (anon_1) took 0.0ms
2026-10-01T18:06:35.569Z [EVENT world:levelTileChanged] #0 (anon_0) took 0.0ms
2026-10-01T18:06:35.569Z [EVENT world:levelTileChanged] #1 (anon_1) took 0.0ms
2026-10-01T18:06:35.569Z [EVENT world:levelTileChanged] #0 (anon_0) took 0.0ms
2026-10-01T18:06:35.570Z [EVENT world:levelTileChanged] #1 (anon_1) took 0.0ms
2026-10-01T18:06:35.570Z [EVENT world:levelTileChanged] #0 (anon_0) took 0.0ms
2026-10-01T18:06:35.570Z [EVENT world:levelTileChanged] #1 (anon_1) took 0.0ms
2026-10-01T18:06:35.570Z [EVENT world:levelTileChanged] #0 (anon_0) took 0.0ms
2026-10-01T18:06:35.570Z [EVENT world:levelTileChanged] #1 (anon_1) took 0.0ms
2026-10-01T18:06:35.571Z [EVENT world:levelTileChanged] #0 (anon_0) took 0.0ms
2026-10-01T18:06:35.571Z [EVENT world:levelTileChanged] #1 (anon_1) took 0.0ms
2026-10-01T18:06:35.571Z [EVENT world:levelTileChanged] #0 (anon_0) took 0.0ms
2026-10-01T18:06:35.571Z [EVENT world:levelTileChanged] #1 (anon_1) took 0.0ms
2026-10-01T18:06:35.571Z [EVENT world:levelTileChanged] #0 (anon_0) took 0.0ms
2026-10-01T18:06:35.572Z [EVENT world:levelTileChanged] #1 (anon_1) took 0.0ms
2026-10-01T18:06:35.572Z [EVENT world:levelTileChanged] #0 (anon_0) took 0.0ms
2026-10-01T18:06:35.572Z [EVENT world:levelTileChanged] #1 (anon_1) took 0.0ms
2026-10-01T18:06:35.572Z [EVENT world:levelTileChanged] #0 (anon_0) took 0.0ms
2026-10-01T18:06:35.572Z [EVENT world:levelTileChanged] #1 (anon_1) took 0.0ms
2026-10-01T18:06:35.573Z [EVENT world:levelTileChanged] #0 (anon_0) took 0.0ms
2026-10-01T18:06:35.573Z [EVENT world:levelTileChanged] #1 (anon_1) took 0.0ms
2026-10-01T18:06:35.573Z [EVENT world:levelTileChanged] #0 (anon_0) took 0.0ms
2026-10-01T18:06:35.573Z [EVENT world:levelTileChanged] #1 (anon_1) took 0.0ms
2026-10-01T18:06:35.574Z [EVENT world:levelTileChanged] #0 (anon_0) took 0.0ms
2026-10-01T18:06:35.574Z [EVENT world:levelTileChanged] #1 (anon_1) took 0.0ms
2026-10-01T18:06:35.574Z [EVENT world:levelTileChanged] #0 (anon_0) took 0.0ms
2026-10-01T18:06:35.574Z [EVENT world:levelTileChanged] #1 (anon_1) took 0.0ms
2026-10-01T18:06:35.575Z [EVENT world:levelTileChanged] #0 (anon_0) took 0.0ms
2026-10-01T18:06:35.575Z [EVENT world:levelTileChanged] #1 (anon_1) took 0.0ms
2026-10-01T18:06:35.575Z [EVENT world:levelTileChanged] #0 (anon_0) took 0.0ms
2026-10-01T18:06:35.576Z [EVENT world:levelTileChanged] #1 (anon_1) took 0.0ms
2026-10-01T18:06:35.576Z [EVENT world:levelTileChanged] #0 (anon_0) took 0.0ms
2026-10-01T18:06:35.576Z [EVENT world:levelTileChanged] #1 (anon_1) took 0.0ms
2026-10-01T18:06:35.576Z [EVENT world:levelTileChanged] #0 (anon_0) took 0.0ms
2026-10-01T18:06:35.576Z [EVENT world:levelTileChanged] #1 (anon_1) took 0.0ms
2026-10-01T18:06:35.577Z [EVENT world:levelTileChanged] #0 (anon_0) took 0.0ms
2026-10-01T18:06:35.577Z [EVENT world:levelTileChanged] #1 (anon_1) took 0.0ms
2026-10-01T18:06:35.577Z [EVENT world:levelTileChanged] #0 (anon_0) took 0.0ms
2026-10-01T18:06:35.577Z [EVENT world:levelTileChanged] #1 (anon_1) took 0.0ms
2026-10-01T18:06:35.578Z [EVENT world:levelTileChanged] #0 (anon_0) took 0.0ms
2026-10-01T18:06:35.578Z [EVENT world:levelTileChanged] #1 (anon_1) took 0.0ms
2026-10-01T18:06:35.578Z [EVENT world:levelTileChanged] #0 (anon_0) took 0.0ms
2026-10-01T18:06:35.578Z [EVENT world:levelTileChanged] #1 (anon_1) took 0.0ms
2026-10-01T18:06:35.579Z [EVENT world:levelTileChanged] #0 (anon_0) took 0.0ms
2026-10-01T18:06:35.579Z [EVENT world:levelTileChanged] #1 (anon_1) took 0.0ms
2026-10-01T18:06:35.579Z [EVENT world:levelTileChanged] #0 (anon_0) took 0.0ms
2026-10-01T18:06:35.579Z [EVENT world:levelTileChanged] #1 (anon_1) took 0.0ms
2026-10-01T18:06:35.579Z [EVENT world:levelTileChanged] #0 (anon_0) took 0.0ms
2026-10-01T18:06:35.580Z [EVENT world:levelTileChanged] #1 (anon_1) took 0.0ms
2026-10-01T18:06:35.580Z [EVENT world:levelTileChanged] #0 (anon_0) took 0.0ms
2026-10-01T18:06:35.580Z [EVENT world:levelTileChanged] #1 (anon_1) took 0.0ms
2026-10-01T18:06:35.580Z [EVENT world:levelTileChanged] #0 (anon_0) took 0.0ms
2026-10-01T18:06:35.580Z [EVENT world:levelTileChanged] #1 (anon_1) took 0.0ms
2026-10-01T18:06:35.581Z [EVENT world:levelTileChanged] #0 (anon_0) took 0.0ms
2026-10-01T18:06:35.581Z [EVENT world:levelTileChanged] #1 (anon_1) took 0.0ms
2026-10-01T18:06:35.581Z [EVENT world:levelTileChanged] #0 (anon_0) took 0.0ms
2026-10-01T18:06:35.581Z [EVENT world:levelTileChanged] #1 (anon_1) took 0.0ms
2026-10-01T18:06:35.582Z [EVENT world:levelTileChanged] #0 (anon_0) took 0.0ms
2026-10-01T18:06:35.582Z [EVENT world:levelTileChanged] #1 (anon_1) took 0.0ms
2026-10-01T18:06:35.582Z [EVENT world:levelTileChanged] #0 (anon_0) took 0.0ms
2026-10-01T18:06:35.582Z [EVENT world:levelTileChanged] #1 (anon_1) took 0.0ms
2026-10-01T18:06:35.582Z [EVENT world:levelTileChanged] #0 (anon_0) took 0.0ms
2026-10-01T18:06:35.583Z [EVENT world:levelTileChanged] #1 (anon_1) took 0.0ms
2026-10-01T18:06:35.583Z [EVENT world:levelTileChanged] #0 (anon_0) took 0.0ms
2026-10-01T18:06:35.583Z [EVENT world:levelTileChanged] #1 (anon_1) took 0.0ms
2026-10-01T18:06:35.583Z [EVENT world:levelTileChanged] #0 (anon_0) took 0.0ms
2026-10-01T18:06:35.583Z [EVENT world:levelTileChanged] #1 (anon_1) took 0.0ms
2026-10-01T18:06:35.584Z [EVENT world:levelTileChanged] #0 (anon_0) took 0.0ms
2026-10-01T18:06:35.584Z [EVENT world:levelTileChanged] #1 (anon_1) took 0.0ms
2026-10-01T18:06:35.584Z [EVENT world:levelTileChanged] #0 (anon_0) took 0.0ms
2026-10-01T18:06:35.584Z [EVENT world:levelTileChanged] #1 (anon_1) took 0.0ms
2026-10-01T18:06:35.584Z [EVENT world:levelTileChanged] #0 (anon_0) took 0.0ms
2026-10-01T18:06:35.585Z [EVENT world:levelTileChanged] #1 (anon_1) took 0.0ms
2026-10-01T18:06:35.585Z [EVENT world:levelTileChanged] #0 (anon_0) took 0.0ms
2026-10-01T18:06:35.585Z [EVENT world:levelTileChanged] #1 (anon_1) took 0.0ms
2026-10-01T18:06:35.585Z [EVENT world:levelTileChanged] #0 (anon_0) took 0.0ms
2026-10-01T18:06:35.586Z [EVENT world:levelTileChanged] #1 (anon_1) took 0.0ms
2026-10-01T18:06:35.586Z [EVENT world:levelTileChanged] #0 (anon_0) took 0.0ms
2026-10-01T18:06:35.586Z [EVENT world:levelTileChanged] #1 (anon_1) took 0.0ms
2026-10-01T18:06:35.587Z [EVENT world:levelTileChanged] #0 (anon_0) took 0.0ms
2026-10-01T18:06:35.587Z [EVENT world:levelTileChanged] #1 (anon_1) took 0.0ms
2026-10-01T18:06:35.587Z [EVENT world:levelTileChanged] #0 (anon_0) took 0.0ms
2026-10-01T18:06:35.587Z [EVENT world:levelTileChanged] #1 (anon_1) took 0.0ms
2026-10-01T18:06:35.588Z [EVENT world:levelTileChanged] #0 (anon_0) took 0.0ms
2026-10-01T18:06:35.588Z [EVENT world:levelTileChanged] #1 (anon_1) took 0.0ms
2026-10-01T18:06:35.588Z [EVENT world:levelTileChanged] #0 (anon_0) took 0.0ms
2026-10-01T18:06:35.588Z [EVENT world:levelTileChanged] #1 (anon_1) took 0.0ms
2026-10-01T18:06:35.588Z [EVENT world:levelTileChanged] #0 (anon_0) took 0.0ms
2026-10-01T18:06:35.589Z [EVENT world:levelTileChanged] #1 (anon_1) took 0.0ms
2026-10-01T18:06:35.589Z [EVENT world:levelTileChanged] #0 (anon_0) took 0.0ms
2026-10-01T18:06:35.589Z [EVENT world:levelTileChanged] #1 (anon_1) took 0.0ms
2026-10-01T18:06:35.590Z [EVENT world:levelTileChanged] #0 (anon_0) took 0.0ms
2026-10-01T18:06:35.590Z [EVENT world:levelTileChanged] #1 (anon_1) took 0.0ms
2026-10-01T18:06:35.590Z [EVENT world:levelTileChanged] #0 (anon_0) took 0.0ms
2026-10-01T18:06:35.591Z [EVENT world:levelTileChanged] #1 (anon_1) took 0.0ms
2026-10-01T18:06:35.591Z [EVENT world:levelTileChanged] #0 (anon_0) took 0.0ms
2026-10-01T18:06:35.591Z [EVENT world:levelTileChanged] #1 (anon_1) took 0.0ms
2026-10-01T18:06:35.592Z [EVENT world:levelTileChanged] #0 (anon_0) took 0.0ms
2026-10-01T18:06:35.592Z [EVENT world:levelTileChanged] #1 (anon_1) took 0.0ms
2026-10-01T18:06:35.592Z [EVENT world:levelTileChanged] #0 (anon_0) took 0.0ms
2026-10-01T18:06:35.592Z [EVENT world:levelTileChanged] #1 (anon_1) took 0.0ms
2026-10-01T18:06:35.593Z [EVENT world:levelTileChanged] #0 (anon_0) took 0.0ms
2026-10-01T18:06:35.593Z [EVENT world:levelTileChanged] #1 (anon_1) took 0.0ms
2026-10-01T18:06:35.593Z [EVENT world:levelTileChanged] #0 (anon_0) took 0.0ms
2026-10-01T18:06:35.593Z [EVENT world:levelTileChanged] #1 (anon_1) took 0.0ms
2026-10-01T18:06:35.593Z [EVENT world:levelTileChanged] #0 (anon_0) took 0.0ms
2026-10-01T18:06:35.594Z [EVENT world:levelTileChanged] #1 (anon_1) took 0.0ms
2026-10-01T18:06:35.594Z [EVENT world:levelTileChanged] #0 (anon_0) took 0.0ms
2026-10-01T18:06:35.594Z [EVENT world:levelTileChanged] #1 (anon_1) took 0.0ms
2026-10-01T18:06:35.594Z [EVENT world:levelTileChanged] #0 (anon_0) took 0.0ms
2026-10-01T18:06:35.595Z [EVENT world:levelTileChanged] #1 (anon_1) took 0.0ms
2026-10-01T18:06:35.595Z [EVENT world:levelTileChanged] #0 (anon_0) took 0.0ms
2026-10-01T18:06:35.595Z [EVENT world:levelTileChanged] #1 (anon_1) took 0.0ms
2026-10-01T18:06:35.595Z [EVENT world:levelTileChanged] #0 (anon_0) took 0.0ms
2026-10-01T18:06:35.596Z [EVENT world:levelTileChanged] #1 (anon_1) took 0.0ms
2026-10-01T18:06:35.596Z [EVENT world:levelTileChanged] #0 (anon_0) took 0.0ms
2026-10-01T18:06:35.596Z [EVENT world:levelTileChanged] #1 (anon_1) took 0.0ms
2026-10-01T18:06:35.596Z [EVENT world:levelTileChanged] #0 (anon_0) took 0.0ms
2026-10-01T18:06:35.596Z [EVENT world:levelTileChanged] #1 (anon_1) took 0.0ms
2026-10-01T18:06:35.597Z [EVENT world:levelTileChanged] #0 (anon_0) took 0.0ms
2026-10-01T18:06:35.597Z [EVENT world:levelTileChanged] #1 (anon_1) took 0.0ms
2026-10-01T18:06:35.598Z [EVENT world:levelTileChanged] #0 (anon_0) took 0.0ms
2026-10-01T18:06:35.598Z [EVENT world:levelTileChanged] #1 (anon_1) took 0.0ms
2026-10-01T18:06:35.598Z [EVENT world:levelTileChanged] #0 (anon_0) took 0.0ms
2026-10-01T18:06:35.599Z [EVENT world:levelTileChanged] #1 (anon_1) took 0.0ms
2026-10-01T18:06:35.599Z [EVENT world:levelTileChanged] #0 (anon_0) took 0.0ms
2026-10-01T18:06:35.599Z [EVENT world:levelTileChanged] #1 (anon_1) took 0.0ms
2026-10-01T18:06:35.599Z [EVENT world:levelTileChanged] #0 (anon_0) took 0.0ms
2026-10-01T18:06:35.599Z [EVENT world:levelTileChanged] #1 (anon_1) took 0.0ms
2026-10-01T18:06:35.600Z [EVENT world:levelTileChanged] #0 (anon_0) took 0.0ms
2026-10-01T18:06:35.600Z [EVENT world:levelTileChanged] #1 (anon_1) took 0.0ms
2026-10-01T18:06:35.600Z [EVENT world:levelTileChanged] #0 (anon_0) took 0.0ms
2026-10-01T18:06:35.600Z [EVENT world:levelTileChanged] #1 (anon_1) took 0.0ms
2026-10-01T18:06:35.601Z [EVENT world:levelTileChanged] #0 (anon_0) took 0.0ms
2026-10-01T18:06:35.601Z [EVENT world:levelTileChanged] #1 (anon_1) took 0.0ms
2026-10-01T18:06:35.601Z [EVENT world:levelTileChanged] #0 (anon_0) took 0.0ms
2026-10-01T18:06:35.601Z [EVENT world:levelTileChanged] #1 (anon_1) took 0.0ms
2026-10-01T18:06:35.601Z [EVENT world:levelTileChanged] #0 (anon_0) took 0.0ms
2026-10-01T18:06:35.602Z [EVENT world:levelTileChanged] #1 (anon_1) took 0.0ms
2026-10-01T18:06:35.602Z [EVENT world:levelTileChanged] #0 (anon_0) took 0.0ms
2026-10-01T18:06:35.602Z [EVENT world:levelTileChanged] #1 (anon_1) took 0.0ms
2026-10-01T18:06:35.602Z [EVENT world:levelTileChanged] #0 (anon_0) took 0.0ms
2026-10-01T18:06:35.602Z [EVENT world:levelTileChanged] #1 (anon_1) took 0.0ms
2026-10-01T18:06:35.603Z [EVENT world:levelTileChanged] #0 (anon_0) took 0.0ms
2026-10-01T18:06:35.603Z [EVENT world:levelTileChanged] #1 (anon_1) took 0.0ms
2026-10-01T18:06:35.603Z [EVENT world:levelTileChanged] #0 (anon_0) took 0.0ms
2026-10-01T18:06:35.604Z [EVENT world:levelTileChanged] #1 (anon_1) took 0.0ms
2026-10-01T18:06:35.604Z [EVENT world:levelTileChanged] #0 (anon_0) took 0.0ms
2026-10-01T18:06:35.604Z [EVENT world:levelTileChanged] #1 (anon_1) took 0.0ms
2026-10-01T18:06:35.604Z [EVENT world:levelTileChanged] #0 (anon_0) took 0.0ms
2026-10-01T18:06:35.604Z [EVENT world:levelTileChanged] #1 (anon_1) took 0.0ms
2026-10-01T18:06:35.605Z [EVENT world:levelTileChanged] #0 (anon_0) took 0.0ms
2026-10-01T18:06:35.605Z [EVENT world:levelTileChanged] #1 (anon_1) took 0.0ms
2026-10-01T18:06:35.605Z [EVENT world:levelTileChanged] #0 (anon_0) took 0.0ms
2026-10-01T18:06:35.605Z [EVENT world:levelTileChanged] #1 (anon_1) took 0.0ms
2026-10-01T18:06:35.605Z [EVENT world:levelTileChanged] #0 (anon_0) took 0.0ms
2026-10-01T18:06:35.606Z [EVENT world:levelTileChanged] #1 (anon_1) took 0.0ms
2026-10-01T18:06:35.606Z [EVENT world:levelTileChanged] #0 (anon_0) took 0.0ms
2026-10-01T18:06:35.606Z [EVENT world:levelTileChanged] #1 (anon_1) took 0.0ms
2026-10-01T18:06:35.606Z [EVENT world:levelTileChanged] #0 (anon_0) took 0.0ms
2026-10-01T18:06:35.607Z [EVENT world:levelTileChanged] #1 (anon_1) took 0.0ms
2026-10-01T18:06:35.607Z [EVENT world:levelTileChanged] #0 (anon_0) took 0.0ms
2026-10-01T18:06:35.607Z [EVENT world:levelTileChanged] #1 (anon_1) took 0.0ms
2026-10-01T18:06:35.607Z [EVENT world:levelTileChanged] #0 (anon_0) took 0.0ms
2026-10-01T18:06:35.607Z [EVENT world:levelTileChanged] #1 (anon_1) took 0.0ms
2026-10-01T18:06:35.608Z [EVENT world:levelTileChanged] #0 (anon_0) took 0.0ms
2026-10-01T18:06:35.608Z [EVENT world:levelTileChanged] #1 (anon_1) took 0.0ms
2026-10-01T18:06:35.608Z [EVENT world:levelTileChanged] #0 (anon_0) took 0.0ms
2026-10-01T18:06:35.608Z [EVENT world:levelTileChanged] #1 (anon_1) took 0.0ms
2026-10-01T18:06:35.609Z [EVENT world:levelTileChanged] #0 (anon_0) took 0.0ms
2026-10-01T18:06:35.609Z [EVENT world:levelTileChanged] #1 (anon_1) took 0.0ms
2026-10-01T18:06:35.609Z [EVENT world:levelTileChanged] #0 (anon_0) took 0.0ms
2026-10-01T18:06:35.609Z [EVENT world:levelTileChanged] #1 (anon_1) took 0.0ms
2026-10-01T18:06:35.609Z [EVENT world:levelTileChanged] #0 (anon_0) took 0.0ms
2026-10-01T18:06:35.610Z [EVENT world:levelTileChanged] #1 (anon_1) took 0.0ms
2026-10-01T18:06:35.610Z [EVENT world:levelTileChanged] #0 (anon_0) took 0.0ms
2026-10-01T18:06:35.610Z [EVENT world:levelTileChanged] #1 (anon_1) took 0.0ms
2026-10-01T18:06:35.610Z [EVENT world:levelTileChanged] #0 (anon_0) took 0.0ms
2026-10-01T18:06:35.611Z [EVENT world:levelTileChanged] #1 (anon_1) took 0.0ms
2026-10-01T18:06:35.611Z [EVENT world:levelTileChanged] #0 (anon_0) took 0.0ms
2026-10-01T18:06:35.611Z [EVENT world:levelTileChanged] #1 (anon_1) took 0.0ms
2026-10-01T18:06:35.611Z [EVENT world:levelTileChanged] #0 (anon_0) took 0.0ms
2026-10-01T18:06:35.611Z [EVENT world:levelTileChanged] #1 (anon_1) took 0.0ms
2026-10-01T18:06:35.612Z [EVENT world:levelTileChanged] #0 (anon_0) took 0.0ms
2026-10-01T18:06:35.612Z [EVENT world:levelTileChanged] #1 (anon_1) took 0.0ms
2026-10-01T18:06:35.612Z [EVENT world:levelTileChanged] #0 (anon_0) took 0.0ms
2026-10-01T18:06:35.612Z [EVENT world:levelTileChanged] #1 (anon_1) took 0.0ms
2026-10-01T18:06:35.613Z [EVENT world:levelTileChanged] #0 (anon_0) took 0.0ms
2026-10-01T18:06:35.613Z [EVENT world:levelTileChanged] #1 (anon_1) took 0.0ms
2026-10-01T18:06:35.613Z [EVENT world:levelTileChanged] #0 (anon_0) took 0.0ms
2026-10-01T18:06:35.613Z [EVENT world:levelTileChanged] #1 (anon_1) took 0.0ms
2026-10-01T18:06:35.613Z [EVENT world:levelTileChanged] #0 (anon_0) took 0.0ms
2026-10-01T18:06:35.613Z [EVENT world:levelTileChanged] #1 (anon_1) took 0.0ms
2026-10-01T18:06:35.614Z [EVENT world:levelTileChanged] #0 (anon_0) took 0.0ms
2026-10-01T18:06:35.614Z [EVENT world:levelTileChanged] #1 (anon_1) took 0.0ms
2026-10-01T18:06:35.614Z [EVENT world:levelTileChanged] #0 (anon_0) took 0.0ms
2026-10-01T18:06:35.615Z [EVENT world:levelTileChanged] #1 (anon_1) took 0.0ms
2026-10-01T18:06:35.615Z [EVENT world:levelTileChanged] #0 (anon_0) took 0.0ms
2026-10-01T18:06:35.615Z [EVENT world:levelTileChanged] #1 (anon_1) took 0.0ms
2026-10-01T18:06:35.616Z [EVENT world:levelTileChanged] #0 (anon_0) took 0.0ms
2026-10-01T18:06:35.616Z [EVENT world:levelTileChanged] #1 (anon_1) took 0.0ms
2026-10-01T18:06:35.616Z [EVENT world:levelTileChanged] #0 (anon_0) took 0.0ms
2026-10-01T18:06:35.617Z [EVENT world:levelTileChanged] #1 (anon_1) took 0.0ms
2026-10-01T18:06:35.617Z [EVENT world:levelTileChanged] #0 (anon_0) took 0.0ms
2026-10-01T18:06:35.617Z [EVENT world:levelTileChanged] #1 (anon_1) took 0.0ms
2026-10-01T18:06:35.617Z [EVENT world:levelTileChanged] #0 (anon_0) took 0.0ms
2026-10-01T18:06:35.618Z [EVENT world:levelTileChanged] #1 (anon_1) took 0.0ms
2026-10-01T18:06:35.618Z [EVENT world:levelTileChanged] #0 (anon_0) took 0.0ms
2026-10-01T18:06:35.618Z [EVENT world:levelTileChanged] #1 (anon_1) took 0.0ms
2026-10-01T18:06:35.618Z [EVENT world:levelTileChanged] #0 (anon_0) took 0.0ms
2026-10-01T18:06:35.619Z [EVENT world:levelTileChanged] #1 (anon_1) took 0.0ms
2026-10-01T18:06:35.619Z [EVENT world:levelTileChanged] #0 (anon_0) took 0.0ms
2026-10-01T18:06:35.619Z [EVENT world:levelTileChanged] #1 (anon_1) took 0.0ms
2026-10-01T18:06:35.620Z [EVENT world:levelTileChanged] #0 (anon_0) took 0.0ms
2026-10-01T18:06:35.620Z [EVENT world:levelTileChanged] #1 (anon_1) took 0.0ms
2026-10-01T18:06:35.621Z [EVENT world:levelTileChanged] #0 (anon_0) took 0.0ms
2026-10-01T18:06:35.621Z [EVENT world:levelTileChanged] #1 (anon_1) took 0.0ms
2026-10-01T18:06:35.622Z [EVENT world:levelTileChanged] #0 (anon_0) took 0.0ms
2026-10-01T18:06:35.622Z [EVENT world:levelTileChanged] #1 (anon_1) took 0.0ms
2026-10-01T18:06:35.622Z [EVENT world:levelTileChanged] #0 (anon_0) took 0.0ms
2026-10-01T18:06:35.623Z [EVENT world:levelTileChanged] #1 (anon_1) took 0.0ms
2026-10-01T18:06:35.623Z [EVENT world:levelTileChanged] #0 (anon_0) took 0.0ms
2026-10-01T18:06:35.623Z [EVENT world:levelTileChanged] #1 (anon_1) took 0.0ms
2026-10-01T18:06:35.624Z [EVENT world:levelTileChanged] #0 (anon_0) took 0.0ms
2026-10-01T18:06:35.624Z [EVENT world:levelTileChanged] #1 (anon_1) took 0.0ms
2026-10-01T18:06:35.624Z [EVENT world:levelTileChanged] #0 (anon_0) took 0.0ms
2026-10-01T18:06:35.625Z [EVENT world:levelTileChanged] #1 (anon_1) took 0.0ms
2026-10-01T18:06:35.625Z [EVENT world:levelTileChanged] #0 (anon_0) took 0.0ms
2026-10-01T18:06:35.625Z [EVENT world:levelTileChanged] #1 (anon_1) took 0.0ms
2026-10-01T18:06:35.626Z [EVENT world:levelTileChanged] #0 (anon_0) took 0.0ms
2026-10-01T18:06:35.626Z [EVENT world:levelTileChanged] #1 (anon_1) took 0.0ms
2026-10-01T18:06:35.626Z [EVENT world:levelTileChanged] #0 (anon_0) took 0.0ms
2026-10-01T18:06:35.626Z [EVENT world:levelTileChanged] #1 (anon_1) took 0.0ms
2026-10-01T18:06:35.626Z [EVENT world:levelTileChanged] #0 (anon_0) took 0.0ms
2026-10-01T18:06:35.627Z [EVENT world:levelTileChanged] #1 (anon_1) took 0.0ms
2026-10-01T18:06:35.627Z [EVENT world:levelTileChanged] #0 (anon_0) took 0.0ms
2026-10-01T18:06:35.627Z [EVENT world:levelTileChanged] #1 (anon_1) took 0.0ms
2026-10-01T18:06:35.627Z [EVENT world:levelTileChanged] #0 (anon_0) took 0.0ms
2026-10-01T18:06:35.627Z [EVENT world:levelTileChanged] #1 (anon_1) took 0.0ms
2026-10-01T18:06:35.628Z [EVENT world:levelTileChanged] #0 (anon_0) took 0.0ms
2026-10-01T18:06:35.628Z [EVENT world:levelTileChanged] #1 (anon_1) took 0.0ms
2026-10-01T18:06:35.628Z [EVENT world:levelTileChanged] #0 (anon_0) took 0.0ms
2026-10-01T18:06:35.629Z [EVENT world:levelTileChanged] #1 (anon_1) took 0.0ms
2026-10-01T18:06:35.629Z [EVENT world:levelTileChanged] #0 (anon_0) took 0.0ms
2026-10-01T18:06:35.629Z [EVENT world:levelTileChanged] #1 (anon_1) took 0.0ms
2026-10-01T18:06:35.629Z [EVENT world:levelTileChanged] #0 (anon_0) took 0.0ms
2026-10-01T18:06:35.629Z [EVENT world:levelTileChanged] #1 (anon_1) took 0.0ms
2026-10-01T18:06:35.630Z [EVENT world:levelTileChanged] #0 (anon_0) took 0.0ms
2026-10-01T18:06:35.630Z [EVENT world:levelTileChanged] #1 (anon_1) took 0.0ms
2026-10-01T18:06:35.630Z [EVENT world:levelTileChanged] #0 (anon_0) took 0.0ms
2026-10-01T18:06:35.630Z [EVENT world:levelTileChanged] #1 (anon_1) took 0.0ms
2026-10-01T18:06:35.631Z [EVENT world:levelTileChanged] #0 (anon_0) took 0.0ms
2026-10-01T18:06:35.631Z [EVENT world:levelTileChanged] #1 (anon_1) took 0.0ms
2026-10-01T18:06:35.631Z [EVENT world:levelTileChanged] #0 (anon_0) took 0.0ms
2026-10-01T18:06:35.631Z [EVENT world:levelTileChanged] #1 (anon_1) took 0.0ms
2026-10-01T18:06:35.632Z [EVENT world:levelTileChanged] #0 (anon_0) took 0.0ms
2026-10-01T18:06:35.632Z [EVENT world:levelTileChanged] #1 (anon_1) took 0.0ms
2026-10-01T18:06:35.632Z [EVENT world:levelTileChanged] #0 (anon_0) took 0.0ms
2026-10-01T18:06:35.632Z [EVENT world:levelTileChanged] #1 (anon_1) took 0.0ms
2026-10-01T18:06:35.632Z [EVENT world:levelTileChanged] #0 (anon_0) took 0.0ms
2026-10-01T18:06:35.633Z [EVENT world:levelTileChanged] #1 (anon_1) took 0.0ms
2026-10-01T18:06:35.633Z [EVENT world:levelTileChanged] #0 (anon_0) took 0.0ms
2026-10-01T18:06:35.633Z [EVENT world:levelTileChanged] #1 (anon_1) took 0.0ms
2026-10-01T18:06:35.633Z [EVENT world:levelTileChanged] #0 (anon_0) took 0.0ms
2026-10-01T18:06:35.633Z [EVENT world:levelTileChanged] #1 (anon_1) took 0.0ms
2026-10-01T18:06:35.634Z [EVENT world:levelTileChanged] #0 (anon_0) took 0.0ms
2026-10-01T18:06:35.634Z [EVENT world:levelTileChanged] #1 (anon_1) took 0.0ms
2026-10-01T18:06:35.634Z [EVENT world:levelTileChanged] #0 (anon_0) took 0.0ms
2026-10-01T18:06:35.635Z [EVENT world:levelTileChanged] #1 (anon_1) took 0.0ms
2026-10-01T18:06:35.635Z [EVENT world:levelTileChanged] #0 (anon_0) took 0.0ms
2026-10-01T18:06:35.635Z [EVENT world:levelTileChanged] #1 (anon_1) took 0.0ms
2026-10-01T18:06:35.636Z [EVENT world:levelTileChanged] #0 (anon_0) took 0.0ms
2026-10-01T18:06:35.637Z [EVENT world:levelTileChanged] #1 (anon_1) took 0.2ms
2026-10-01T18:06:35.638Z [EVENT world:levelTileChanged] #0 (anon_0) took 0.0ms
2026-10-01T18:06:35.638Z [EVENT world:levelTileChanged] #1 (anon_1) took 0.0ms
2026-10-01T18:06:35.639Z [EVENT world:levelTileChanged] #0 (anon_0) took 0.0ms
2026-10-01T18:06:35.639Z [EVENT world:levelTileChanged] #1 (anon_1) took 0.0ms
2026-10-01T18:06:35.640Z [EVENT world:levelTileChanged] #0 (anon_0) took 0.0ms
2026-10-01T18:06:35.640Z [EVENT world:levelTileChanged] #1 (anon_1) took 0.0ms
2026-10-01T18:06:35.641Z [EVENT world:levelTileChanged] #0 (anon_0) took 0.0ms
2026-10-01T18:06:35.641Z [EVENT world:levelTileChanged] #1 (anon_1) took 0.0ms
2026-10-01T18:06:35.642Z [EVENT world:levelTileChanged] #0 (anon_0) took 0.0ms
2026-10-01T18:06:35.643Z [EVENT world:levelTileChanged] #1 (anon_1) took 0.0ms
2026-10-01T18:06:35.643Z [EVENT world:levelTileChanged] #0 (anon_0) took 0.0ms
2026-10-01T18:06:35.643Z [EVENT world:levelTileChanged] #1 (anon_1) took 0.0ms
2026-10-01T18:06:35.644Z [EVENT world:levelTileChanged] #0 (anon_0) took 0.0ms
2026-10-01T18:06:35.644Z [EVENT world:levelTileChanged] #1 (anon_1) took 0.0ms
2026-10-01T18:06:35.644Z [EVENT world:levelTileChanged] #0 (anon_0) took 0.0ms
2026-10-01T18:06:35.644Z [EVENT world:levelTileChanged] #1 (anon_1) took 0.0ms
2026-10-01T18:06:35.644Z [EVENT world:levelTileChanged] #0 (anon_0) took 0.0ms
2026-10-01T18:06:35.645Z [EVENT world:levelTileChanged] #1 (anon_1) took 0.0ms
2026-10-01T18:06:35.645Z [EVENT world:levelTileChanged] #0 (anon_0) took 0.0ms
2026-10-01T18:06:35.645Z [EVENT world:levelTileChanged] #1 (anon_1) took 0.0ms
2026-10-01T18:06:35.645Z [EVENT world:levelTileChanged] #0 (anon_0) took 0.0ms
2026-10-01T18:06:35.645Z [EVENT world:levelTileChanged] #1 (anon_1) took 0.0ms
2026-10-01T18:06:35.646Z [EVENT world:levelTileChanged] #0 (anon_0) took 0.0ms
2026-10-01T18:06:35.646Z [EVENT world:levelTileChanged] #1 (anon_1) took 0.0ms
2026-10-01T18:06:35.646Z [EVENT world:levelTileChanged] #0 (anon_0) took 0.0ms
2026-10-01T18:06:35.646Z [EVENT world:levelTileChanged] #1 (anon_1) took 0.0ms
2026-10-01T18:06:35.647Z [EVENT world:levelTileChanged] #0 (anon_0) took 0.0ms
2026-10-01T18:06:35.647Z [EVENT world:levelTileChanged] #1 (anon_1) took 0.0ms
2026-10-01T18:06:35.647Z [EVENT world:levelTileChanged] #0 (anon_0) took 0.0ms
2026-10-01T18:06:35.647Z [EVENT world:levelTileChanged] #1 (anon_1) took 0.0ms
2026-10-01T18:06:35.648Z [EVENT world:levelTileChanged] #0 (anon_0) took 0.0ms
2026-10-01T18:06:35.648Z [EVENT world:levelTileChanged] #1 (anon_1) took 0.0ms
2026-10-01T18:06:35.649Z [EVENT world:levelTileChanged] #0 (anon_0) took 0.0ms
2026-10-01T18:06:35.649Z [EVENT world:levelTileChanged] #1 (anon_1) took 0.0ms
2026-10-01T18:06:35.649Z [EVENT world:levelTileChanged] #0 (anon_0) took 0.0ms
2026-10-01T18:06:35.650Z [EVENT world:levelTileChanged] #1 (anon_1) took 0.0ms
2026-10-01T18:06:35.650Z [EVENT world:levelTileChanged] #0 (anon_0) took 0.0ms
2026-10-01T18:06:35.650Z [EVENT world:levelTileChanged] #1 (anon_1) took 0.0ms
2026-10-01T18:06:35.650Z [EVENT world:levelTileChanged] #0 (anon_0) took 0.0ms
2026-10-01T18:06:35.651Z [EVENT world:levelTileChanged] #1 (anon_1) took 0.0ms
2026-10-01T18:06:35.651Z [EVENT world:levelTileChanged] #0 (anon_0) took 0.0ms
2026-10-01T18:06:35.651Z [EVENT world:levelTileChanged] #1 (anon_1) took 0.0ms
2026-10-01T18:06:35.651Z [EVENT world:levelTileChanged] #0 (anon_0) took 0.0ms
2026-10-01T18:06:35.652Z [EVENT world:levelTileChanged] #1 (anon_1) took 0.0ms
2026-10-01T18:06:35.652Z [EVENT world:levelTileChanged] #0 (anon_0) took 0.0ms
2026-10-01T18:06:35.653Z [EVENT world:levelTileChanged] #1 (anon_1) took 0.0ms
2026-10-01T18:06:35.653Z [EVENT world:levelTileChanged] #0 (anon_0) took 0.0ms
2026-10-01T18:06:35.653Z [EVENT world:levelTileChanged] #1 (anon_1) took 0.0ms
2026-10-01T18:06:35.654Z [EVENT world:levelTileChanged] #0 (anon_0) took 0.0ms
2026-10-01T18:06:35.654Z [EVENT world:levelTileChanged] #1 (anon_1) took 0.0ms
2026-10-01T18:06:35.654Z [EVENT world:levelTileChanged] #0 (anon_0) took 0.0ms
2026-10-01T18:06:35.654Z [EVENT world:levelTileChanged] #1 (anon_1) took 0.0ms
2026-10-01T18:06:35.655Z [EVENT world:levelTileChanged] #0 (anon_0) took 0.0ms
2026-10-01T18:06:35.655Z [EVENT world:levelTileChanged] #1 (anon_1) took 0.0ms
2026-10-01T18:06:35.655Z [EVENT world:levelTileChanged] #0 (anon_0) took 0.0ms
2026-10-01T18:06:35.656Z [EVENT world:levelTileChanged] #1 (anon_1) took 0.0ms
2026-10-01T18:06:35.656Z [EVENT world:levelTileChanged] #0 (anon_0) took 0.0ms
2026-10-01T18:06:35.656Z [EVENT world:levelTileChanged] #1 (anon_1) took 0.0ms
2026-10-01T18:06:35.657Z [EVENT world:levelTileChanged] #0 (anon_0) took 0.0ms
2026-10-01T18:06:35.657Z [EVENT world:levelTileChanged] #1 (anon_1) took 0.0ms
2026-10-01T18:06:35.657Z [EVENT world:levelTileChanged] #0 (anon_0) took 0.0ms
2026-10-01T18:06:35.657Z [EVENT world:levelTileChanged] #1 (anon_1) took 0.0ms
2026-10-01T18:06:35.658Z [EVENT world:levelTileChanged] #0 (anon_0) took 0.0ms
2026-10-01T18:06:35.658Z [EVENT world:levelTileChanged] #1 (anon_1) took 0.0ms
2026-10-01T18:06:35.658Z [EVENT world:levelTileChanged] #0 (anon_0) took 0.0ms
2026-10-01T18:06:35.658Z [EVENT world:levelTileChanged] #1 (anon_1) took 0.0ms
2026-10-01T18:06:35.659Z [EVENT world:levelTileChanged] #0 (anon_0) took 0.0ms
2026-10-01T18:06:35.659Z [EVENT world:levelTileChanged] #1 (anon_1) took 0.0ms
2026-10-01T18:06:35.659Z [EVENT world:levelTileChanged] #0 (anon_0) took 0.0ms
2026-10-01T18:06:35.659Z [EVENT world:levelTileChanged] #1 (anon_1) took 0.0ms
2026-10-01T18:06:35.660Z [EVENT world:levelTileChanged] #0 (anon_0) took 0.0ms
2026-10-01T18:06:35.660Z [EVENT world:levelTileChanged] #1 (anon_1) took 0.0ms
2026-10-01T18:06:35.660Z [EVENT world:levelTileChanged] #0 (anon_0) took 0.0ms
2026-10-01T18:06:35.660Z [EVENT world:levelTileChanged] #1 (anon_1) took 0.0ms
2026-10-01T18:06:35.661Z [EVENT world:levelTileChanged] #0 (anon_0) took 0.0ms
2026-10-01T18:06:35.661Z [EVENT world:levelTileChanged] #1 (anon_1) took 0.0ms
2026-10-01T18:06:35.661Z [EVENT world:levelTileChanged] #0 (anon_0) took 0.0ms
2026-10-01T18:06:35.662Z [EVENT world:levelTileChanged] #1 (anon_1) took 0.0ms
2026-10-01T18:06:35.662Z [EVENT world:levelTileChanged] #0 (anon_0) took 0.0ms
2026-10-01T18:06:35.662Z [EVENT world:levelTileChanged] #1 (anon_1) took 0.0ms
2026-10-01T18:06:35.663Z [EVENT world:levelTileChanged] #0 (anon_0) took 0.0ms
2026-10-01T18:06:35.663Z [EVENT world:levelTileChanged] #1 (anon_1) took 0.0ms
2026-10-01T18:06:35.663Z [EVENT world:levelTileChanged] #0 (anon_0) took 0.0ms
2026-10-01T18:06:35.663Z [EVENT world:levelTileChanged] #1 (anon_1) took 0.0ms
2026-10-01T18:06:35.664Z [EVENT world:levelTileChanged] #0 (anon_0) took 0.0ms
2026-10-01T18:06:35.664Z [EVENT world:levelTileChanged] #1 (anon_1) took 0.0ms
2026-10-01T18:06:35.664Z [EVENT world:levelTileChanged] #0 (anon_0) took 0.0ms
2026-10-01T18:06:35.664Z [EVENT world:levelTileChanged] #1 (anon_1) took 0.0ms
2026-10-01T18:06:35.665Z [EVENT world:levelTileChanged] #0 (anon_0) took 0.0ms
2026-10-01T18:06:35.665Z [EVENT world:levelTileChanged] #1 (anon_1) took 0.0ms
2026-10-01T18:06:35.665Z [EVENT world:levelTileChanged] #0 (anon_0) took 0.0ms
2026-10-01T18:06:35.665Z [EVENT world:levelTileChanged] #1 (anon_1) took 0.0ms
2026-10-01T18:06:35.666Z [EVENT world:levelTileChanged] #0 (anon_0) took 0.0ms
2026-10-01T18:06:35.666Z [EVENT world:levelTileChanged] #1 (anon_1) took 0.0ms
2026-10-01T18:06:35.666Z [EVENT world:levelTileChanged] #0 (anon_0) took 0.0ms
2026-10-01T18:06:35.667Z [EVENT world:levelTileChanged] #1 (anon_1) took 0.0ms
2026-10-01T18:06:35.667Z [EVENT world:levelTileChanged] #0 (anon_0) took 0.0ms
2026-10-01T18:06:35.668Z [EVENT world:levelTileChanged] #1 (anon_1) took 0.0ms
2026-10-01T18:06:35.668Z [EVENT world:levelTileChanged] #0 (anon_0) took 0.0ms
2026-10-01T18:06:35.668Z [EVENT world:levelTileChanged] #1 (anon_1) took 0.0ms
2026-10-01T18:06:35.669Z [EVENT world:levelTileChanged] #0 (anon_0) took 0.0ms
2026-10-01T18:06:35.669Z [EVENT world:levelTileChanged] #1 (anon_1) took 0.0ms
2026-10-01T18:06:35.669Z [EVENT world:levelTileChanged] #0 (anon_0) took 0.0ms
2026-10-01T18:06:35.670Z [EVENT world:levelTileChanged] #1 (anon_1) took 0.0ms
2026-10-01T18:06:35.670Z [EVENT world:levelTileChanged] #0 (anon_0) took 0.0ms
2026-10-01T18:06:35.670Z [EVENT world:levelTileChanged] #1 (anon_1) took 0.0ms
2026-10-01T18:06:35.671Z [EVENT world:levelTileChanged] #0 (anon_0) took 0.0ms
2026-10-01T18:06:35.671Z [EVENT world:levelTileChanged] #1 (anon_1) took 0.0ms
2026-10-01T18:06:35.671Z [EVENT world:levelTileChanged] #0 (anon_0) took 0.0ms
2026-10-01T18:06:35.671Z [EVENT world:levelTileChanged] #1 (anon_1) took 0.0ms
2026-10-01T18:06:35.672Z [EVENT world:levelTileChanged] #0 (anon_0) took 0.0ms
2026-10-01T18:06:35.672Z [EVENT world:levelTileChanged] #1 (anon_1) took 0.0ms
2026-10-01T18:06:35.672Z [EVENT world:levelTileChanged] #0 (anon_0) took 0.0ms
2026-10-01T18:06:35.672Z [EVENT world:levelTileChanged] #1 (anon_1) took 0.0ms
2026-10-01T18:06:35.673Z [EVENT world:levelTileChanged] #0 (anon_0) took 0.0ms
2026-10-01T18:06:35.673Z [EVENT world:levelTileChanged] #1 (anon_1) took 0.0ms
2026-10-01T18:06:35.673Z [EVENT world:levelTileChanged] #0 (anon_0) took 0.0ms
2026-10-01T18:06:35.673Z [EVENT world:levelTileChanged] #1 (anon_1) took 0.0ms
2026-10-01T18:06:35.673Z [EVENT world:levelTileChanged] #0 (anon_0) took 0.0ms
2026-10-01T18:06:35.674Z [EVENT world:levelTileChanged] #1 (anon_1) took 0.0ms
2026-10-01T18:06:35.674Z [EVENT world:levelTileChanged] #0 (anon_0) took 0.0ms
2026-10-01T18:06:35.674Z [EVENT world:levelTileChanged] #1 (anon_1) took 0.0ms
2026-10-01T18:06:35.674Z [EVENT world:levelTileChanged] #0 (anon_0) took 0.0ms
2026-10-01T18:06:35.675Z [EVENT world:levelTileChanged] #1 (anon_1) took 0.0ms
2026-10-01T18:06:35.675Z [EVENT world:levelTileChanged] #0 (anon_0) took 0.0ms
2026-10-01T18:06:35.675Z [EVENT world:levelTileChanged] #1 (anon_1) took 0.0ms
2026-10-01T18:06:35.675Z [EVENT world:levelTileChanged] #0 (anon_0) took 0.0ms
2026-10-01T18:06:35.676Z [EVENT world:levelTileChanged] #1 (anon_1) took 0.0ms
2026-10-01T18:06:35.676Z [EVENT world:levelTileChanged] #0 (anon_0) took 0.0ms
2026-10-01T18:06:35.676Z [EVENT world:levelTileChanged] #1 (anon_1) took 0.0ms
2026-10-01T18:06:35.677Z [EVENT world:levelTileChanged] #0 (anon_0) took 0.0ms
2026-10-01T18:06:35.677Z [EVENT world:levelTileChanged] #1 (anon_1) took 0.0ms
2026-10-01T18:06:35.677Z [EVENT world:levelTileChanged] #0 (anon_0) took 0.0ms
2026-10-01T18:06:35.677Z [EVENT world:levelTileChanged] #1 (anon_1) took 0.0ms
2026-10-01T18:06:35.678Z [EVENT world:levelTileChanged] #0 (anon_0) took 0.0ms
2026-10-01T18:06:35.678Z [EVENT world:levelTileChanged] #1 (anon_1) took 0.0ms
2026-10-01T18:06:35.678Z [EVENT world:levelTileChanged] #0 (anon_0) took 0.0ms
2026-10-01T18:06:35.678Z [EVENT world:levelTileChanged] #1 (anon_1) took 0.0ms
2026-10-01T18:06:35.679Z [EVENT world:levelTileChanged] #0 (anon_0) took 0.0ms
2026-10-01T18:06:35.679Z [EVENT world:levelTileChanged] #1 (anon_1) took 0.0ms
2026-10-01T18:06:35.679Z [EVENT world:levelTileChanged] #0 (anon_0) took 0.0ms
2026-10-01T18:06:35.679Z [EVENT world:levelTileChanged] #1 (anon_1) took 0.0ms
2026-10-01T18:06:35.680Z [EVENT world:levelTileChanged] #0 (anon_0) took 0.0ms
2026-10-01T18:06:35.680Z [EVENT world:levelTileChanged] #1 (anon_1) took 0.0ms
2026-10-01T18:06:35.680Z [EVENT world:levelTileChanged] #0 (anon_0) took 0.0ms
2026-10-01T18:06:35.681Z [EVENT world:levelTileChanged] #1 (anon_1) took 0.0ms
2026-10-01T18:06:35.681Z [EVENT world:levelTileChanged] #0 (anon_0) took 0.0ms
2026-10-01T18:06:35.681Z [EVENT world:levelTileChanged] #1 (anon_1) took 0.0ms
2026-10-01T18:06:35.681Z [EVENT world:levelTileChanged] #0 (anon_0) took 0.0ms
2026-10-01T18:06:35.682Z [EVENT world:levelTileChanged] #1 (anon_1) took 0.0ms
2026-10-01T18:06:35.682Z [EVENT world:levelTileChanged] #0 (anon_0) took 0.0ms
2026-10-01T18:06:35.682Z [EVENT world:levelTileChanged] #1 (anon_1) took 0.0ms
2026-10-01T18:06:35.684Z [EVENT world:levelTileChanged] #0 (anon_0) took 0.0ms
2026-10-01T18:06:35.684Z [EVENT world:levelTileChanged] #1 (anon_1) took 0.0ms
2026-10-01T18:06:35.685Z [EVENT world:levelTileChanged] #0 (anon_0) took 0.0ms
2026-10-01T18:06:35.685Z [EVENT world:levelTileChanged] #1 (anon_1) took 0.0ms
2026-10-01T18:06:35.685Z [EVENT world:levelTileChanged] #0 (anon_0) took 0.0ms
2026-10-01T18:06:35.686Z [EVENT world:levelTileChanged] #1 (anon_1) took 0.0ms
2026-10-01T18:06:35.686Z [EVENT world:levelTileChanged] #0 (anon_0) took 0.0ms
2026-10-01T18:06:35.686Z [EVENT world:levelTileChanged] #1 (anon_1) took 0.0ms
2026-10-01T18:06:35.687Z [EVENT world:levelTileChanged] #0 (anon_0) took 0.0ms
2026-10-01T18:06:35.687Z [EVENT world:levelTileChanged] #1 (anon_1) took 0.0ms
2026-10-01T18:06:35.687Z [EVENT world:levelTileChanged] #0 (anon_0) took 0.0ms
2026-10-01T18:06:35.687Z [EVENT world:levelTileChanged] #1 (anon_1) took 0.0ms
2026-10-01T18:06:35.688Z [EVENT world:levelTileChanged] #0 (anon_0) took 0.0ms
2026-10-01T18:06:35.688Z [EVENT world:levelTileChanged] #1 (anon_1) took 0.0ms
2026-10-01T18:06:35.688Z [EVENT world:levelTileChanged] #0 (anon_0) took 0.0ms
2026-10-01T18:06:35.688Z [EVENT world:levelTileChanged] #1 (anon_1) took 0.0ms
2026-10-01T18:06:35.688Z [EVENT world:levelTileChanged] #0 (anon_0) took 0.0ms
2026-10-01T18:06:35.689Z [EVENT world:levelTileChanged] #1 (anon_1) took 0.0ms
2026-10-01T18:06:35.689Z [EVENT world:levelTileChanged] #0 (anon_0) took 0.0ms
2026-10-01T18:06:35.689Z [EVENT world:levelTileChanged] #1 (anon_1) took 0.0ms
2026-10-01T18:06:35.690Z [EVENT world:levelTileChanged] #0 (anon_0) took 0.0ms
2026-10-01T18:06:35.691Z [EVENT world:levelTileChanged] #1 (anon_1) took 0.0ms
2026-10-01T18:06:35.691Z [EVENT world:levelTileChanged] #0 (anon_0) took 0.0ms
2026-10-01T18:06:35.691Z [EVENT world:levelTileChanged] #1 (anon_1) took 0.0ms
2026-10-01T18:06:35.691Z [EVENT world:levelTileChanged] #0 (anon_0) took 0.0ms
2026-10-01T18:06:35.692Z [EVENT world:levelTileChanged] #1 (anon_1) took 0.0ms
2026-10-01T18:06:35.692Z [EVENT world:levelTileChanged] #0 (anon_0) took 0.0ms
2026-10-01T18:06:35.692Z [EVENT world:levelTileChanged] #1 (anon_1) took 0.0ms
2026-10-01T18:06:35.692Z [EVENT world:levelTileChanged] #0 (anon_0) took 0.0ms
2026-10-01T18:06:35.693Z [EVENT world:levelTileChanged] #1 (anon_1) took 0.0ms
2026-10-01T18:06:35.693Z [EVENT world:levelTileChanged] #0 (anon_0) took 0.0ms
2026-10-01T18:06:35.693Z [EVENT world:levelTileChanged] #1 (anon_1) took 0.0ms
2026-10-01T18:06:35.693Z [EVENT world:levelTileChanged] #0 (anon_0) took 0.0ms
2026-10-01T18:06:35.694Z [EVENT world:levelTileChanged] #1 (anon_1) took 0.0ms
2026-10-01T18:06:35.694Z [EVENT world:levelTileChanged] #0 (anon_0) took 0.0ms
2026-10-01T18:06:35.695Z [EVENT world:levelTileChanged] #1 (anon_1) took 0.0ms
2026-10-01T18:06:35.695Z [EVENT world:levelTileChanged] #0 (anon_0) took 0.0ms
2026-10-01T18:06:35.695Z [EVENT world:levelTileChanged] #1 (anon_1) took 0.0ms
2026-10-01T18:06:35.696Z [EVENT world:levelTileChanged] #0 (anon_0) took 0.0ms
2026-10-01T18:06:35.696Z [EVENT world:levelTileChanged] #1 (anon_1) took 0.0ms
2026-10-01T18:06:35.697Z [EVENT world:levelTileChanged] #0 (anon_0) took 0.0ms
2026-10-01T18:06:35.697Z [EVENT world:levelTileChanged] #1 (anon_1) took 0.0ms
2026-10-01T18:06:35.697Z [EVENT world:levelTileChanged] #0 (anon_0) took 0.0ms
2026-10-01T18:06:35.698Z [EVENT world:levelTileChanged] #1 (anon_1) took 0.0ms
2026-10-01T18:06:35.699Z [EVENT world:levelTileChanged] #0 (anon_0) took 0.0ms
2026-10-01T18:06:35.699Z [EVENT world:levelTileChanged] #1 (anon_1) took 0.0ms
2026-10-01T18:06:35.700Z [EVENT world:levelTileChanged] #0 (anon_0) took 0.0ms
2026-10-01T18:06:35.700Z [EVENT world:levelTileChanged] #1 (anon_1) took 0.0ms
2026-10-01T18:06:35.701Z [EVENT world:levelTileChanged] #0 (anon_0) took 0.0ms
2026-10-01T18:06:35.701Z [EVENT world:levelTileChanged] #1 (anon_1) took 0.0ms
2026-10-01T18:06:35.701Z [EVENT world:levelTileChanged] #0 (anon_0) took 0.0ms
2026-10-01T18:06:35.701Z [EVENT world:levelTileChanged] #1 (anon_1) took 0.0ms
2026-10-01T18:06:35.702Z [EVENT world:levelTileChanged] #0 (anon_0) took 0.0ms
2026-10-01T18:06:35.702Z [EVENT world:levelTileChanged] #1 (anon_1) took 0.0ms
2026-10-01T18:06:35.702Z [EVENT world:levelTileChanged] #0 (anon_0) took 0.0ms
2026-10-01T18:06:35.702Z [EVENT world:levelTileChanged] #1 (anon_1) took 0.0ms
2026-10-01T18:06:35.703Z [EVENT world:levelTileChanged] #0 (anon_0) took 0.0ms
2026-10-01T18:06:35.703Z [EVENT world:levelTileChanged] #1 (anon_1) took 0.0ms
2026-10-01T18:06:35.704Z [EVENT world:levelTileChanged] #0 (anon_0) took 0.0ms
2026-10-01T18:06:35.704Z [EVENT world:levelTileChanged] #1 (anon_1) took 0.0ms
2026-10-01T18:06:35.705Z [EVENT world:levelTileChanged] #0 (anon_0) took 0.0ms
2026-10-01T18:06:35.705Z [EVENT world:levelTileChanged] #1 (anon_1) took 0.0ms
2026-10-01T18:06:35.705Z [EVENT world:levelTileChanged] #0 (anon_0) took 0.0ms
2026-10-01T18:06:35.705Z [EVENT world:levelTileChanged] #1 (anon_1) took 0.0ms
2026-10-01T18:06:35.706Z [EVENT world:levelTileChanged] #0 (anon_0) took 0.0ms
2026-10-01T18:06:35.706Z [EVENT world:levelTileChanged] #1 (anon_1) took 0.0ms
2026-10-01T18:06:35.706Z [EVENT world:levelTileChanged] #0 (anon_0) took 0.0ms
2026-10-01T18:06:35.706Z [EVENT world:levelTileChanged] #1 (anon_1) took 0.0ms
2026-10-01T18:06:35.707Z [EVENT world:levelTileChanged] #0 (anon_0) took 0.0ms
2026-10-01T18:06:35.707Z [EVENT world:levelTileChanged] #1 (anon_1) took 0.0ms
2026-10-01T18:06:35.707Z [EVENT world:levelTileChanged] #0 (anon_0) took 0.0ms
2026-10-01T18:06:35.707Z [EVENT world:levelTileChanged] #1 (anon_1) took 0.0ms
2026-10-01T18:06:35.707Z [EVENT world:levelTileChanged] #0 (anon_0) took 0.0ms
2026-10-01T18:06:35.708Z [EVENT world:levelTileChanged] #1 (anon_1) took 0.0ms
2026-10-01T18:06:35.708Z [EVENT world:levelTileChanged] #0 (anon_0) took 0.0ms
2026-10-01T18:06:35.708Z [EVENT world:levelTileChanged] #1 (anon_1) took 0.0ms
2026-10-01T18:06:35.708Z [EVENT world:levelTileChanged] #0 (anon_0) took 0.0ms
2026-10-01T18:06:35.709Z [EVENT world:levelTileChanged] #1 (anon_1) took 0.0ms
2026-10-01T18:06:35.709Z [EVENT world:levelTileChanged] #0 (anon_0) took 0.0ms
2026-10-01T18:06:35.709Z [EVENT world:levelTileChanged] #1 (anon_1) took 0.0ms
2026-10-01T18:06:35.709Z [EVENT world:levelTileChanged] #0 (anon_0) took 0.0ms
2026-10-01T18:06:35.710Z [EVENT world:levelTileChanged] #1 (anon_1) took 0.0ms
2026-10-01T18:06:35.710Z [EVENT world:levelTileChanged] #0 (anon_0) took 0.0ms
2026-10-01T18:06:35.710Z [EVENT world:levelTileChanged] #1 (anon_1) took 0.0ms
2026-10-01T18:06:35.711Z [EVENT world:levelTileChanged] #0 (anon_0) took 0.0ms
2026-10-01T18:06:35.711Z [EVENT world:levelTileChanged] #1 (anon_1) took 0.0ms
2026-10-01T18:06:35.711Z [EVENT world:levelTileChanged] #0 (anon_0) took 0.0ms
2026-10-01T18:06:35.711Z [EVENT world:levelTileChanged] #1 (anon_1) took 0.0ms
2026-10-01T18:06:35.712Z [EVENT world:levelTileChanged] #0 (anon_0) took 0.0ms
2026-10-01T18:06:35.712Z [EVENT world:levelTileChanged] #1 (anon_1) took 0.0ms
2026-10-01T18:06:35.712Z [EVENT world:levelTileChanged] #0 (anon_0) took 0.0ms
2026-10-01T18:06:35.712Z [EVENT world:levelTileChanged] #1 (anon_1) took 0.0ms
2026-10-01T18:06:35.713Z [EVENT world:levelTileChanged] #0 (anon_0) took 0.0ms
2026-10-01T18:06:35.713Z [EVENT world:levelTileChanged] #1 (anon_1) took 0.0ms
2026-10-01T18:06:35.713Z [EVENT world:levelTileChanged] #0 (anon_0) took 0.0ms
2026-10-01T18:06:35.713Z [EVENT world:levelTileChanged] #1 (anon_1) took 0.0ms
2026-10-01T18:06:35.713Z [EVENT world:levelTileChanged] #0 (anon_0) took 0.0ms
2026-10-01T18:06:35.714Z [EVENT world:levelTileChanged] #1 (anon_1) took 0.0ms
2026-10-01T18:06:35.714Z [EVENT world:levelTileChanged] #0 (anon_0) took 0.0ms
2026-10-01T18:06:35.714Z [EVENT world:levelTileChanged] #1 (anon_1) took 0.0ms
2026-10-01T18:06:35.715Z [EVENT world:levelTileChanged] #0 (anon_0) took 0.0ms
2026-10-01T18:06:35.715Z [EVENT world:levelTileChanged] #1 (anon_1) took 0.0ms
2026-10-01T18:06:35.715Z [EVENT world:levelTileChanged] #0 (anon_0) took 0.0ms
2026-10-01T18:06:35.715Z [EVENT world:levelTileChanged] #1 (anon_1) took 0.0ms
2026-10-01T18:06:35.715Z [EVENT world:levelTileChanged] #0 (anon_0) took 0.0ms
2026-10-01T18:06:35.715Z [EVENT world:levelTileChanged] #1 (anon_1) took 0.0ms
2026-10-01T18:06:35.716Z [EVENT world:levelTileChanged] #0 (anon_0) took 0.0ms
2026-10-01T18:06:35.716Z [EVENT world:levelTileChanged] #1 (anon_1) took 0.0ms
2026-10-01T18:06:35.716Z [EVENT world:levelTileChanged] #0 (anon_0) took 0.0ms
2026-10-01T18:06:35.716Z [EVENT world:levelTileChanged] #1 (anon_1) took 0.0ms
2026-10-01T18:06:35.717Z [EVENT world:levelTileChanged] #0 (anon_0) took 0.0ms
2026-10-01T18:06:35.717Z [EVENT world:levelTileChanged] #1 (anon_1) took 0.0ms
2026-10-01T18:06:35.717Z [EVENT world:levelTileChanged] #0 (anon_0) took 0.0ms
2026-10-01T18:06:35.717Z [EVENT world:levelTileChanged] #1 (anon_1) took 0.0ms
2026-10-01T18:06:35.717Z [EVENT world:levelTileChanged] #0 (anon_0) took 0.0ms
2026-10-01T18:06:35.717Z [EVENT world:levelTileChanged] #1 (anon_1) took 0.0ms
2026-10-01T18:06:35.718Z [EVENT world:levelTileChanged] #0 (anon_0) took 0.0ms
2026-10-01T18:06:35.718Z [EVENT world:levelTileChanged] #1 (anon_1) took 0.0ms
2026-10-01T18:06:35.718Z [EVENT world:levelTileChanged] #0 (anon_0) took 0.0ms
2026-10-01T18:06:35.718Z [EVENT world:levelTileChanged] #1 (anon_1) took 0.0ms
2026-10-01T18:06:35.718Z [EVENT world:levelTileChanged] #0 (anon_0) took 0.0ms
2026-10-01T18:06:35.719Z [EVENT world:levelTileChanged] #1 (anon_1) took 0.0ms
2026-10-01T18:06:35.719Z [EVENT world:levelTileChanged] #0 (anon_0) took 0.0ms
2026-10-01T18:06:35.719Z [EVENT world:levelTileChanged] #1 (anon_1) took 0.0ms
2026-10-01T18:06:35.719Z [EVENT world:levelTileChanged] #0 (anon_0) took 0.0ms
2026-10-01T18:06:35.719Z [EVENT world:levelTileChanged] #1 (anon_1) took 0.0ms
2026-10-01T18:06:35.719Z [EVENT world:levelTileChanged] #0 (anon_0) took 0.0ms
2026-10-01T18:06:35.720Z [EVENT world:levelTileChanged] #1 (anon_1) took 0.0ms
2026-10-01T18:06:35.720Z [EVENT world:levelTileChanged] #0 (anon_0) took 0.0ms
2026-10-01T18:06:35.720Z [EVENT world:levelTileChanged] #1 (anon_1) took 0.0ms
2026-10-01T18:06:35.720Z [EVENT world:levelTileChanged] #0 (anon_0) took 0.0ms
2026-10-01T18:06:35.720Z [EVENT world:levelTileChanged] #1 (anon_1) took 0.0ms
2026-10-01T18:06:35.721Z [EVENT world:levelTileChanged] #0 (anon_0) took 0.0ms
2026-10-01T18:06:35.721Z [EVENT world:levelTileChanged] #1 (anon_1) took 0.0ms
2026-10-01T18:06:35.721Z [EVENT world:levelTileChanged] #0 (anon_0) took 0.0ms
2026-10-01T18:06:35.721Z [EVENT world:levelTileChanged] #1 (anon_1) took 0.0ms
2026-10-01T18:06:35.721Z [EVENT world:levelTileChanged] #0 (anon_0) took 0.0ms
2026-10-01T18:06:35.722Z [EVENT world:levelTileChanged] #1 (anon_1) took 0.0ms
2026-10-01T18:06:35.722Z [EVENT world:levelTileChanged] #0 (anon_0) took 0.0ms
2026-10-01T18:06:35.722Z [EVENT world:levelTileChanged] #1 (anon_1) took 0.0ms
2026-10-01T18:06:35.722Z [EVENT world:levelTileChanged] #0 (anon_0) took 0.0ms
2026-10-01T18:06:35.722Z [EVENT world:levelTileChanged] #1 (anon_1) took 0.0ms
2026-10-01T18:06:35.723Z [EVENT world:levelTileChanged] #0 (anon_0) took 0.0ms
2026-10-01T18:06:35.723Z [EVENT world:levelTileChanged] #1 (anon_1) took 0.0ms
2026-10-01T18:06:35.723Z [EVENT world:levelTileChanged] #0 (anon_0) took 0.0ms
2026-10-01T18:06:35.724Z [EVENT world:levelTileChanged] #1 (anon_1) took 0.0ms
2026-10-01T18:06:35.724Z [EVENT world:levelTileChanged] #0 (anon_0) took 0.0ms
2026-10-01T18:06:35.724Z [EVENT world:levelTileChanged] #1 (anon_1) took 0.0ms
2026-10-01T18:06:35.724Z [EVENT world:levelTileChanged] #0 (anon_0) took 0.0ms
2026-10-01T18:06:35.724Z [EVENT world:levelTileChanged] #1 (anon_1) took 0.0ms
2026-10-01T18:06:35.725Z [EVENT world:levelTileChanged] #0 (anon_0) took 0.0ms
2026-10-01T18:06:35.725Z [EVENT world:levelTileChanged] #1 (anon_1) took 0.0ms
2026-10-01T18:06:35.725Z [EVENT world:levelTileChanged] #0 (anon_0) took 0.0ms
2026-10-01T18:06:35.726Z [EVENT world:levelTileChanged] #1 (anon_1) took 0.0ms
2026-10-01T18:06:35.726Z [EVENT world:levelTileChanged] #0 (anon_0) took 0.0ms
2026-10-01T18:06:35.726Z [EVENT world:levelTileChanged] #1 (anon_1) took 0.0ms
2026-10-01T18:06:35.726Z [EVENT world:levelTileChanged] #0 (anon_0) took 0.0ms
2026-10-01T18:06:35.726Z [EVENT world:levelTileChanged] #1 (anon_1) took 0.0ms
2026-10-01T18:06:35.727Z [EVENT world:levelTileChanged] #0 (anon_0) took 0.0ms
2026-10-01T18:06:35.727Z [EVENT world:levelTileChanged] #1 (anon_1) took 0.0ms
2026-10-01T18:06:35.727Z [EVENT world:levelTileChanged] #0 (anon_0) took 0.0ms
2026-10-01T18:06:35.727Z [EVENT world:levelTileChanged] #1 (anon_1) took 0.0ms
2026-10-01T18:06:35.727Z [EVENT world:levelTileChanged] #0 (anon_0) took 0.0ms
2026-10-01T18:06:35.727Z [EVENT world:levelTileChanged] #1 (anon_1) took 0.0ms
2026-10-01T18:06:35.728Z [EVENT world:levelTileChanged] #0 (anon_0) took 0.0ms
2026-10-01T18:06:35.728Z [EVENT world:levelTileChanged] #1 (anon_1) took 0.0ms
2026-10-01T18:06:35.728Z [EVENT world:levelTileChanged] #0 (anon_0) took 0.0ms
2026-10-01T18:06:35.728Z [EVENT world:levelTileChanged] #1 (anon_1) took 0.0ms
2026-10-01T18:06:35.728Z [EVENT world:levelTileChanged] #0 (anon_0) took 0.0ms
2026-10-01T18:06:35.729Z [EVENT world:levelTileChanged] #1 (anon_1) took 0.0ms
2026-10-01T18:06:35.729Z [EVENT world:levelTileChanged] #0 (anon_0) took 0.0ms
2026-10-01T18:06:35.729Z [EVENT world:levelTileChanged] #1 (anon_1) took 0.0ms
2026-10-01T18:06:35.729Z [EVENT world:levelTileChanged] #0 (anon_0) took 0.0ms
2026-10-01T18:06:35.730Z [EVENT world:levelTileChanged] #1 (anon_1) took 0.0ms
2026-10-01T18:06:35.730Z [EVENT world:levelTileChanged] #0 (anon_0) took 0.0ms
2026-10-01T18:06:35.730Z [EVENT world:levelTileChanged] #1 (anon_1) took 0.0ms
2026-10-01T18:06:35.730Z [EVENT world:levelTileChanged] #0 (anon_0) took 0.0ms
2026-10-01T18:06:35.730Z [EVENT world:levelTileChanged] #1 (anon_1) took 0.0ms
2026-10-01T18:06:35.731Z [EVENT world:levelTileChanged] #0 (anon_0) took 0.0ms
2026-10-01T18:06:35.731Z [EVENT world:levelTileChanged] #1 (anon_1) took 0.0ms
2026-10-01T18:06:35.731Z [EVENT world:levelTileChanged] #0 (anon_0) took 0.0ms
2026-10-01T18:06:35.731Z [EVENT world:levelTileChanged] #1 (anon_1) took 0.0ms
2026-10-01T18:06:35.731Z [EVENT world:levelTileChanged] #0 (anon_0) took 0.0ms
2026-10-01T18:06:35.731Z [EVENT world:levelTileChanged] #1 (anon_1) took 0.0ms
2026-10-01T18:06:35.732Z [EVENT world:levelTileChanged] #0 (anon_0) took 0.0ms
2026-10-01T18:06:35.732Z [EVENT world:levelTileChanged] #1 (anon_1) took 0.0ms
2026-10-01T18:06:35.732Z [EVENT world:levelTileChanged] #0 (anon_0) took 0.0ms
2026-10-01T18:06:35.732Z [EVENT world:levelTileChanged] #1 (anon_1) took 0.0ms
2026-10-01T18:06:35.732Z [EVENT world:levelTileChanged] #0 (anon_0) took 0.0ms
2026-10-01T18:06:35.733Z [EVENT world:levelTileChanged] #1 (anon_1) took 0.0ms
2026-10-01T18:06:35.733Z [EVENT world:levelTileChanged] #0 (anon_0) took 0.0ms
2026-10-01T18:06:35.733Z [EVENT world:levelTileChanged] #1 (anon_1) took 0.0ms
2026-10-01T18:06:35.734Z [EVENT world:levelTileChanged] #0 (anon_0) took 0.0ms
2026-10-01T18:06:35.734Z [EVENT world:levelTileChanged] #1 (anon_1) took 0.0ms
2026-10-01T18:06:35.734Z [EVENT world:levelTileChanged] #0 (anon_0) took 0.0ms
2026-10-01T18:06:35.734Z [EVENT world:levelTileChanged] #1 (anon_1) took 0.0ms
2026-10-01T18:06:35.735Z [EVENT world:levelTileChanged] #0 (anon_0) took 0.0ms
2026-10-01T18:06:35.735Z [EVENT world:levelTileChanged] #1 (anon_1) took 0.0ms
2026-10-01T18:06:35.735Z [EVENT world:levelTileChanged] #0 (anon_0) took 0.0ms
2026-10-01T18:06:35.735Z [EVENT world:levelTileChanged] #1 (anon_1) took 0.0ms
2026-10-01T18:06:35.735Z [EVENT world:levelTileChanged] #0 (anon_0) took 0.0ms
2026-10-01T18:06:35.736Z [EVENT world:levelTileChanged] #1 (anon_1) took 0.0ms
2026-10-01T18:06:35.736Z [EVENT world:levelTileChanged] #0 (anon_0) took 0.0ms
2026-10-01T18:06:35.736Z [EVENT world:levelTileChanged] #1 (anon_1) took 0.0ms
2026-10-01T18:06:35.736Z [EVENT world:levelTileChanged] #0 (anon_0) took 0.0ms
2026-10-01T18:06:35.736Z [EVENT world:levelTileChanged] #1 (anon_1) took 0.0ms
2026-10-01T18:06:35.737Z [EVENT world:levelTileChanged] #0 (anon_0) took 0.0ms
2026-10-01T18:06:35.737Z [EVENT world:levelTileChanged] #1 (anon_1) took 0.0ms
2026-10-01T18:06:35.737Z [EVENT world:levelTileChanged] #0 (anon_0) took 0.0ms
2026-10-01T18:06:35.737Z [EVENT world:levelTileChanged] #1 (anon_1) took 0.0ms
2026-10-01T18:06:35.738Z [EVENT world:levelTileChanged] #0 (anon_0) took 0.0ms
2026-10-01T18:06:35.738Z [EVENT world:levelTileChanged] #1 (anon_1) took 0.0ms
2026-10-01T18:06:35.738Z [EVENT world:levelTileChanged] #0 (anon_0) took 0.0ms
2026-10-01T18:06:35.738Z [EVENT world:levelTileChanged] #1 (anon_1) took 0.0ms
2026-10-01T18:06:35.738Z [EVENT world:levelTileChanged] #0 (anon_0) took 0.0ms
2026-10-01T18:06:35.739Z [EVENT world:levelTileChanged] #1 (anon_1) took 0.0ms
2026-10-01T18:06:35.739Z [EVENT world:levelTileChanged] #0 (anon_0) took 0.0ms
2026-10-01T18:06:35.739Z [EVENT world:levelTileChanged] #1 (anon_1) took 0.0ms
2026-10-01T18:06:35.739Z [EVENT world:levelTileChanged] #0 (anon_0) took 0.0ms
2026-10-01T18:06:35.739Z [EVENT world:levelTileChanged] #1 (anon_1) took 0.0ms
2026-10-01T18:06:35.740Z [EVENT world:levelTileChanged] #0 (anon_0) took 0.0ms
2026-10-01T18:06:35.740Z [EVENT world:levelTileChanged] #1 (anon_1) took 0.0ms
2026-10-01T18:06:35.740Z [EVENT world:levelTileChanged] #0 (anon_0) took 0.0ms
2026-10-01T18:06:35.740Z [EVENT world:levelTileChanged] #1 (anon_1) took 0.0ms
2026-10-01T18:06:35.740Z [EVENT world:levelTileChanged] #0 (anon_0) took 0.0ms
2026-10-01T18:06:35.741Z [EVENT world:levelTileChanged] #1 (anon_1) took 0.0ms
2026-10-01T18:06:35.741Z [EVENT world:levelTileChanged] #0 (anon_0) took 0.0ms
2026-10-01T18:06:35.741Z [EVENT world:levelTileChanged] #1 (anon_1) took 0.0ms
2026-10-01T18:06:35.741Z [EVENT world:levelTileChanged] #0 (anon_0) took 0.0ms
2026-10-01T18:06:35.741Z [EVENT world:levelTileChanged] #1 (anon_1) took 0.0ms
2026-10-01T18:06:35.742Z [EVENT world:levelTileChanged] #0 (anon_0) took 0.0ms
2026-10-01T18:06:35.742Z [EVENT world:levelTileChanged] #1 (anon_1) took 0.0ms
2026-10-01T18:06:35.742Z [EVENT world:levelTileChanged] #0 (anon_0) took 0.0ms
2026-10-01T18:06:35.742Z [EVENT world:levelTileChanged] #1 (anon_1) took 0.0ms
2026-10-01T18:06:35.742Z [EVENT world:levelTileChanged] #0 (anon_0) took 0.0ms
2026-10-01T18:06:35.743Z [EVENT world:levelTileChanged] #1 (anon_1) took 0.0ms
2026-10-01T18:06:35.743Z [EVENT world:levelTileChanged] #0 (anon_0) took 0.0ms
2026-10-01T18:06:35.743Z [EVENT world:levelTileChanged] #1 (anon_1) took 0.0ms
2026-10-01T18:06:35.743Z [EVENT world:levelTileChanged] #0 (anon_0) took 0.0ms
2026-10-01T18:06:35.743Z [EVENT world:levelTileChanged] #1 (anon_1) took 0.0ms
2026-10-01T18:06:35.743Z [EVENT world:levelTileChanged] #0 (anon_0) took 0.0ms
2026-10-01T18:06:35.744Z [EVENT world:levelTileChanged] #1 (anon_1) took 0.0ms
2026-10-01T18:06:35.744Z [EVENT world:levelTileChanged] #0 (anon_0) took 0.0ms
2026-10-01T18:06:35.744Z [EVENT world:levelTileChanged] #1 (anon_1) took 0.0ms
2026-10-01T18:06:35.744Z [EVENT world:levelTileChanged] #0 (anon_0) took 0.0ms
2026-10-01T18:06:35.745Z [EVENT world:levelTileChanged] #1 (anon_1) took 0.0ms
2026-10-01T18:06:35.745Z [EVENT world:levelTileChanged] #0 (anon_0) took 0.0ms
2026-10-01T18:06:35.746Z [EVENT world:levelTileChanged] #1 (anon_1) took 0.0ms
2026-10-01T18:06:35.746Z [EVENT world:levelTileChanged] #0 (anon_0) took 0.0ms
2026-10-01T18:06:35.746Z [EVENT world:levelTileChanged] #1 (anon_1) took 0.0ms
2026-10-01T18:06:35.747Z [EVENT world:levelTileChanged] #0 (anon_0) took 0.0ms
2026-10-01T18:06:35.747Z [EVENT world:levelTileChanged] #1 (anon_1) took 0.0ms
2026-10-01T18:06:35.747Z [EVENT world:levelTileChanged] #0 (anon_0) took 0.0ms
2026-10-01T18:06:35.747Z [EVENT world:levelTileChanged] #1 (anon_1) took 0.0ms
2026-10-01T18:06:35.747Z [EVENT world:levelTileChanged] #0 (anon_0) took 0.0ms
2026-10-01T18:06:35.748Z [EVENT world:levelTileChanged] #1 (anon_1) took 0.0ms
2026-10-01T18:06:35.748Z [EVENT world:levelTileChanged] #0 (anon_0) took 0.0ms
2026-10-01T18:06:35.748Z [EVENT world:levelTileChanged] #1 (anon_1) took 0.0ms
2026-10-01T18:06:35.748Z [EVENT world:levelTileChanged] #0 (anon_0) took 0.0ms
2026-10-01T18:06:35.748Z [EVENT world:levelTileChanged] #1 (anon_1) took 0.0ms
2026-10-01T18:06:35.749Z [EVENT world:levelTileChanged] #0 (anon_0) took 0.0ms
2026-10-01T18:06:35.749Z [EVENT world:levelTileChanged] #1 (anon_1) took 0.0ms
2026-10-01T18:06:35.749Z [EVENT world:levelTileChanged] #0 (anon_0) took 0.0ms
2026-10-01T18:06:35.749Z [EVENT world:levelTileChanged] #1 (anon_1) took 0.0ms
2026-10-01T18:06:35.749Z [EVENT world:levelTileChanged] #0 (anon_0) took 0.0ms
2026-10-01T18:06:35.749Z [EVENT world:levelTileChanged] #1 (anon_1) took 0.0ms
2026-10-01T18:06:35.750Z [EVENT world:levelTileChanged] #0 (anon_0) took 0.0ms
2026-10-01T18:06:35.750Z [EVENT world:levelTileChanged] #1 (anon_1) took 0.0ms
2026-10-01T18:06:35.750Z [EVENT world:levelTileChanged] #0 (anon_0) took 0.0ms
2026-10-01T18:06:35.750Z [EVENT world:levelTileChanged] #1 (anon_1) took 0.0ms
2026-10-01T18:06:35.750Z [EVENT world:levelTileChanged] #0 (anon_0) took 0.0ms
2026-10-01T18:06:35.751Z [EVENT world:levelTileChanged] #1 (anon_1) took 0.0ms
2026-10-01T18:06:35.751Z [EVENT world:levelTileChanged] #0 (anon_0) took 0.0ms
2026-10-01T18:06:35.751Z [EVENT world:levelTileChanged] #1 (anon_1) took 0.0ms
2026-10-01T18:06:35.751Z [EVENT world:levelTileChanged] #0 (anon_0) took 0.0ms
2026-10-01T18:06:35.751Z [EVENT world:levelTileChanged] #1 (anon_1) took 0.0ms
2026-10-01T18:06:35.752Z [EVENT world:levelTileChanged] #0 (anon_0) took 0.0ms
2026-10-01T18:06:35.752Z [EVENT world:levelTileChanged] #1 (anon_1) took 0.0ms
2026-10-01T18:06:35.752Z [EVENT world:levelTileChanged] #0 (anon_0) took 0.0ms
2026-10-01T18:06:35.752Z [EVENT world:levelTileChanged] #1 (anon_1) took 0.0ms
2026-10-01T18:06:35.752Z [EVENT world:levelTileChanged] #0 (anon_0) took 0.0ms
2026-10-01T18:06:35.753Z [EVENT world:levelTileChanged] #1 (anon_1) took 0.0ms
2026-10-01T18:06:35.753Z [EVENT world:levelTileChanged] #0 (anon_0) took 0.0ms
2026-10-01T18:06:35.753Z [EVENT world:levelTileChanged] #1 (anon_1) took 0.0ms
2026-10-01T18:06:35.753Z [EVENT world:levelTileChanged] #0 (anon_0) took 0.0ms
2026-10-01T18:06:35.754Z [EVENT world:levelTileChanged] #1 (anon_1) took 0.0ms
2026-10-01T18:06:35.754Z [EVENT world:levelTileChanged] #0 (anon_0) took 0.0ms
2026-10-01T18:06:35.754Z [EVENT world:levelTileChanged] #1 (anon_1) took 0.0ms
2026-10-01T18:06:35.754Z [EVENT world:levelTileChanged] #0 (anon_0) took 0.0ms
2026-10-01T18:06:35.754Z [EVENT world:levelTileChanged] #1 (anon_1) took 0.0ms
2026-10-01T18:06:35.755Z [EVENT world:levelTileChanged] #0 (anon_0) took 0.0ms
2026-10-01T18:06:35.755Z [EVENT world:levelTileChanged] #1 (anon_1) took 0.0ms
2026-10-01T18:06:35.755Z [EVENT world:levelTileChanged] #0 (anon_0) took 0.0ms
2026-10-01T18:06:35.755Z [EVENT world:levelTileChanged] #1 (anon_1) took 0.0ms
2026-10-01T18:06:35.755Z [EVENT world:levelTileChanged] #0 (anon_0) took 0.0ms
2026-10-01T18:06:35.756Z [EVENT world:levelTileChanged] #1 (anon_1) took 0.0ms
2026-10-01T18:06:35.756Z [EVENT world:levelTileChanged] #0 (anon_0) took 0.0ms
2026-10-01T18:06:35.756Z [EVENT world:levelTileChanged] #1 (anon_1) took 0.0ms
2026-10-01T18:06:35.756Z [EVENT world:levelTileChanged] #0 (anon_0) took 0.0ms
2026-10-01T18:06:35.756Z [EVENT world:levelTileChanged] #1 (anon_1) took 0.0ms
2026-10-01T18:06:35.757Z [EVENT world:levelTileChanged] #0 (anon_0) took 0.0ms
2026-10-01T18:06:35.757Z [EVENT world:levelTileChanged] #1 (anon_1) took 0.0ms
2026-10-01T18:06:35.757Z [EVENT world:levelTileChanged] #0 (anon_0) took 0.0ms
2026-10-01T18:06:35.757Z [EVENT world:levelTileChanged] #1 (anon_1) took 0.0ms
2026-10-01T18:06:35.758Z [EVENT world:levelTileChanged] #0 (anon_0) took 0.0ms
2026-10-01T18:06:35.758Z [EVENT world:levelTileChanged] #1 (anon_1) took 0.0ms
2026-10-01T18:06:35.758Z [EVENT world:levelTileChanged] #0 (anon_0) took 0.0ms
2026-10-01T18:06:35.758Z [EVENT world:levelTileChanged] #1 (anon_1) took 0.0ms
2026-10-01T18:06:35.758Z [EVENT world:levelTileChanged] #0 (anon_0) took 0.0ms
2026-10-01T18:06:35.758Z [EVENT world:levelTileChanged] #1 (anon_1) took 0.0ms
2026-10-01T18:06:35.759Z [EVENT world:levelTileChanged] #0 (anon_0) took 0.0ms
2026-10-01T18:06:35.759Z [EVENT world:levelTileChanged] #1 (anon_1) took 0.0ms
2026-10-01T18:06:35.759Z [EVENT world:levelTileChanged] #0 (anon_0) took 0.0ms
2026-10-01T18:06:35.759Z [EVENT world:levelTileChanged] #1 (anon_1) took 0.0ms
2026-10-01T18:06:35.760Z [EVENT world:levelTileChanged] #0 (anon_0) took 0.0ms
2026-10-01T18:06:35.760Z [EVENT world:levelTileChanged] #1 (anon_1) took 0.0ms
2026-10-01T18:06:35.760Z [EVENT world:levelTileChanged] #0 (anon_0) took 0.0ms
2026-10-01T18:06:35.760Z [EVENT world:levelTileChanged] #1 (anon_1) took 0.0ms
2026-10-01T18:06:35.761Z [EVENT world:levelTileChanged] #0 (anon_0) took 0.0ms
2026-10-01T18:06:35.761Z [EVENT world:levelTileChanged] #1 (anon_1) took 0.0ms
2026-10-01T18:06:35.761Z [EVENT world:levelTileChanged] #0 (anon_0) took 0.0ms
2026-10-01T18:06:35.761Z [EVENT world:levelTileChanged] #1 (anon_1) took 0.0ms
2026-10-01T18:06:35.761Z [EVENT world:levelTileChanged] #0 (anon_0) took 0.0ms
2026-10-01T18:06:35.762Z [EVENT world:levelTileChanged] #1 (anon_1) took 0.0ms
2026-10-01T18:06:35.762Z [EVENT world:levelTileChanged] #0 (anon_0) took 0.0ms
2026-10-01T18:06:35.762Z [EVENT world:levelTileChanged] #1 (anon_1) took 0.0ms
2026-10-01T18:06:35.762Z [EVENT world:levelTileChanged] #0 (anon_0) took 0.0ms
2026-10-01T18:06:35.762Z [EVENT world:levelTileChanged] #1 (anon_1) took 0.0ms
2026-10-01T18:06:35.763Z [EVENT world:levelTileChanged] #0 (anon_0) took 0.0ms
2026-10-01T18:06:35.763Z [EVENT world:levelTileChanged] #1 (anon_1) took 0.0ms
2026-10-01T18:06:35.763Z [EVENT world:levelTileChanged] #0 (anon_0) took 0.0ms
2026-10-01T18:06:35.763Z [EVENT world:levelTileChanged] #1 (anon_1) took 0.0ms
2026-10-01T18:06:35.764Z [EVENT world:levelTileChanged] #0 (anon_0) took 0.0ms
2026-10-01T18:06:35.764Z [EVENT world:levelTileChanged] #1 (anon_1) took 0.0ms
2026-10-01T18:06:35.764Z [EVENT world:levelTileChanged] #0 (anon_0) took 0.0ms
2026-10-01T18:06:35.764Z [EVENT world:levelTileChanged] #1 (anon_1) took 0.0ms
2026-10-01T18:06:35.765Z [EVENT world:levelTileChanged] #0 (anon_0) took 0.0ms
2026-10-01T18:06:35.765Z [EVENT world:levelTileChanged] #1 (anon_1) took 0.0ms
2026-10-01T18:06:35.765Z [EVENT world:levelTileChanged] #0 (anon_0) took 0.0ms
2026-10-01T18:06:35.765Z [EVENT world:levelTileChanged] #1 (anon_1) took 0.0ms
2026-10-01T18:06:35.765Z [EVENT world:levelTileChanged] #0 (anon_0) took 0.0ms
2026-10-01T18:06:35.766Z [EVENT world:levelTileChanged] #1 (anon_1) took 0.0ms
2026-10-01T18:06:35.766Z [EVENT world:levelTileChanged] #0 (anon_0) took 0.0ms
2026-10-01T18:06:35.766Z [EVENT world:levelTileChanged] #1 (anon_1) took 0.0ms
2026-10-01T18:06:35.766Z [EVENT world:levelTileChanged] #0 (anon_0) took 0.0ms
2026-10-01T18:06:35.766Z [EVENT world:levelTileChanged] #1 (anon_1) took 0.0ms
2026-10-01T18:06:35.767Z [EVENT world:levelTileChanged] #0 (anon_0) took 0.0ms
2026-10-01T18:06:35.767Z [EVENT world:levelTileChanged] #1 (anon_1) took 0.0ms
2026-10-01T18:06:35.767Z [EVENT world:levelTileChanged] #0 (anon_0) took 0.0ms
2026-10-01T18:06:35.767Z [EVENT world:levelTileChanged] #1 (anon_1) took 0.0ms
2026-10-01T18:06:35.767Z [EVENT world:levelTileChanged] #0 (anon_0) took 0.0ms
2026-10-01T18:06:35.768Z [EVENT world:levelTileChanged] #1 (anon_1) took 0.0ms
2026-10-01T18:06:35.768Z [EVENT world:levelTileChanged] #0 (anon_0) took 0.0ms
2026-10-01T18:06:35.768Z [EVENT world:levelTileChanged] #1 (anon_1) took 0.0ms
2026-10-01T18:06:35.768Z [EVENT world:levelTileChanged] #0 (anon_0) took 0.0ms
2026-10-01T18:06:35.768Z [EVENT world:levelTileChanged] #1 (anon_1) took 0.0ms
2026-10-01T18:06:35.769Z [EVENT world:levelTileChanged] #0 (anon_0) took 0.0ms
2026-10-01T18:06:35.769Z [EVENT world:levelTileChanged] #1 (anon_1) took 0.0ms
2026-10-01T18:06:35.769Z [EVENT world:levelTileChanged] #0 (anon_0) took 0.0ms
2026-10-01T18:06:35.769Z [EVENT world:levelTileChanged] #1 (anon_1) took 0.0ms
2026-10-01T18:06:35.769Z [EVENT world:levelTileChanged] #0 (anon_0) took 0.0ms
2026-10-01T18:06:35.770Z [EVENT world:levelTileChanged] #1 (anon_1) took 0.0ms
2026-10-01T18:06:35.770Z [EVENT world:levelTileChanged] #0 (anon_0) took 0.0ms
2026-10-01T18:06:35.770Z [EVENT world:levelTileChanged] #1 (anon_1) took 0.0ms
2026-10-01T18:06:35.771Z [EVENT world:levelTileChanged] #0 (anon_0) took 0.0ms
2026-10-01T18:06:35.771Z [EVENT world:levelTileChanged] #1 (anon_1) took 0.0ms
2026-10-01T18:06:35.771Z [EVENT world:levelTileChanged] #0 (anon_0) took 0.0ms
2026-10-01T18:06:35.771Z [EVENT world:levelTileChanged] #1 (anon_1) took 0.0ms
2026-10-01T18:06:35.772Z [EVENT world:levelTileChanged] #0 (anon_0) took 0.0ms
2026-10-01T18:06:35.772Z [EVENT world:levelTileChanged] #1 (anon_1) took 0.0ms
2026-10-01T18:06:35.772Z [EVENT world:levelTileChanged] #0 (anon_0) took 0.0ms
2026-10-01T18:06:35.772Z [EVENT world:levelTileChanged] #1 (anon_1) took 0.0ms
2026-10-01T18:06:35.772Z [EVENT world:levelTileChanged] #0 (anon_0) took 0.0ms
2026-10-01T18:06:35.773Z [EVENT world:levelTileChanged] #1 (anon_1) took 0.0ms
2026-10-01T18:06:35.773Z [EVENT world:levelTileChanged] #0 (anon_0) took 0.0ms
2026-10-01T18:06:35.773Z [EVENT world:levelTileChanged] #1 (anon_1) took 0.0ms
2026-10-01T18:06:35.773Z [EVENT world:levelTileChanged] #0 (anon_0) took 0.0ms
2026-10-01T18:06:35.773Z [EVENT world:levelTileChanged] #1 (anon_1) took 0.0ms
2026-10-01T18:06:35.774Z [EVENT world:levelTileChanged] #0 (anon_0) took 0.0ms
2026-10-01T18:06:35.774Z [EVENT world:levelTileChanged] #1 (anon_1) took 0.0ms
2026-10-01T18:06:35.774Z [EVENT world:levelTileChanged] #0 (anon_0) took 0.0ms
2026-10-01T18:06:35.774Z [EVENT world:levelTileChanged] #1 (anon_1) took 0.0ms
2026-10-01T18:06:35.775Z [EVENT world:levelTileChanged] #0 (anon_0) took 0.0ms
2026-10-01T18:06:35.775Z [EVENT world:levelTileChanged] #1 (anon_1) took 0.0ms
2026-10-01T18:06:35.775Z [EVENT world:levelTileChanged] #0 (anon_0) took 0.0ms
2026-10-01T18:06:35.775Z [EVENT world:levelTileChanged] #1 (anon_1) took 0.0ms
2026-10-01T18:06:35.775Z [EVENT world:levelTileChanged] #0 (anon_0) took 0.0ms
2026-10-01T18:06:35.775Z [EVENT world:levelTileChanged] #1 (anon_1) took 0.0ms
2026-10-01T18:06:35.776Z [EVENT world:levelTileChanged] #0 (anon_0) took 0.0ms
2026-10-01T18:06:35.776Z [EVENT world:levelTileChanged] #1 (anon_1) took 0.0ms
2026-10-01T18:06:35.776Z [EVENT world:levelTileChanged] #0 (anon_0) took 0.0ms
2026-10-01T18:06:35.776Z [EVENT world:levelTileChanged] #1 (anon_1) took 0.0ms
2026-10-01T18:06:35.777Z [EVENT world:levelTileChanged] #0 (anon_0) took 0.0ms
2026-10-01T18:06:35.777Z [EVENT world:levelTileChanged] #1 (anon_1) took 0.0ms
2026-10-01T18:06:35.777Z [EVENT world:levelTileChanged] #0 (anon_0) took 0.0ms
2026-10-01T18:06:35.777Z [EVENT world:levelTileChanged] #1 (anon_1) took 0.0ms
2026-10-01T18:06:35.778Z [EVENT world:levelTileChanged] #0 (anon_0) took 0.0ms
2026-10-01T18:06:35.778Z [EVENT world:levelTileChanged] #1 (anon_1) took 0.0ms
2026-10-01T18:06:35.778Z [EVENT world:levelTileChanged] #0 (anon_0) took 0.0ms
2026-10-01T18:06:35.778Z [EVENT world:levelTileChanged] #1 (anon_1) took 0.0ms
2026-10-01T18:06:35.778Z [EVENT world:levelTileChanged] #0 (anon_0) took 0.0ms
2026-10-01T18:06:35.779Z [EVENT world:levelTileChanged] #1 (anon_1) took 0.0ms
2026-10-01T18:06:35.779Z [EVENT world:levelTileChanged] #0 (anon_0) took 0.0ms
2026-10-01T18:06:35.779Z [EVENT world:levelTileChanged] #1 (anon_1) took 0.0ms
2026-10-01T18:06:35.779Z [EVENT world:levelTileChanged] #0 (anon_0) took 0.0ms
2026-10-01T18:06:35.780Z [EVENT world:levelTileChanged] #1 (anon_1) took 0.0ms
2026-10-01T18:06:35.780Z [EVENT world:levelTileChanged] #0 (anon_0) took 0.0ms
2026-10-01T18:06:35.780Z [EVENT world:levelTileChanged] #1 (anon_1) took 0.0ms
2026-10-01T18:06:35.780Z [EVENT world:levelTileChanged] #0 (anon_0) took 0.0ms
2026-10-01T18:06:35.781Z [EVENT world:levelTileChanged] #1 (anon_1) took 0.0ms
2026-10-01T18:06:35.781Z [EVENT world:levelTileChanged] #0 (anon_0) took 0.0ms
2026-10-01T18:06:35.781Z [EVENT world:levelTileChanged] #1 (anon_1) took 0.0ms
2026-10-01T18:06:35.781Z [EVENT world:levelTileChanged] #0 (anon_0) took 0.0ms
2026-10-01T18:06:35.782Z [EVENT world:levelTileChanged] #1 (anon_1) took 0.0ms
2026-10-01T18:06:35.782Z [EVENT world:levelTileChanged] #0 (anon_0) took 0.0ms
2026-10-01T18:06:35.782Z [EVENT world:levelTileChanged] #1 (anon_1) took 0.0ms
2026-10-01T18:06:35.782Z [EVENT world:levelTileChanged] #0 (anon_0) took 0.0ms
2026-10-01T18:06:35.782Z [EVENT world:levelTileChanged] #1 (anon_1) took 0.0ms
2026-10-01T18:06:35.783Z [EVENT world:levelTileChanged] #0 (anon_0) took 0.0ms
2026-10-01T18:06:35.783Z [EVENT world:levelTileChanged] #1 (anon_1) took 0.0ms
2026-10-01T18:06:35.783Z [EVENT world:levelTileChanged] #0 (anon_0) took 0.0ms
2026-10-01T18:06:35.783Z [EVENT world:levelTileChanged] #1 (anon_1) took 0.0ms
2026-10-01T18:06:36.412Z [EVENT world:levelTileChanged] #0 (anon_0) took 0.0ms
2026-10-01T18:06:36.412Z [EVENT world:levelTileChanged] #1 (anon_1) took 0.0ms
2026-10-01T18:06:36.413Z [EVENT world:levelTileChanged] #0 (anon_0) took 0.0ms
2026-10-01T18:06:36.413Z [EVENT world:levelTileChanged] #1 (anon_1) took 0.0ms
2026-10-01T18:06:36.413Z [EVENT world:levelTileChanged] #0 (anon_0) took 0.0ms
2026-10-01T18:06:36.413Z [EVENT world:levelTileChanged] #1 (anon_1) took 0.0ms
2026-10-01T18:06:36.413Z [EVENT world:levelTileChanged] #0 (anon_0) took 0.0ms
2026-10-01T18:06:36.414Z [EVENT world:levelTileChanged] #1 (anon_1) took 0.0ms
2026-10-01T18:06:36.414Z [EVENT world:levelTileChanged] #0 (anon_0) took 0.0ms
2026-10-01T18:06:36.414Z [EVENT world:levelTileChanged] #1 (anon_1) took 0.0ms
2026-10-01T18:06:36.414Z [EVENT world:levelTileChanged] #0 (anon_0) took 0.0ms
2026-10-01T18:06:36.414Z [EVENT world:levelTileChanged] #1 (anon_1) took 0.0ms
2026-10-01T18:06:36.415Z [EVENT world:levelTileChanged] #0 (anon_0) took 0.0ms
2026-10-01T18:06:36.415Z [EVENT world:levelTileChanged] #1 (anon_1) took 0.0ms
2026-10-01T18:06:36.415Z [EVENT world:levelTileChanged] #0 (anon_0) took 0.0ms
2026-10-01T18:06:36.415Z [EVENT world:levelTileChanged] #1 (anon_1) took 0.0ms
2026-10-01T18:06:36.415Z [EVENT world:levelTileChanged] #0 (anon_0) took 0.0ms
2026-10-01T18:06:36.416Z [EVENT world:levelTileChanged] #1 (anon_1) took 0.0ms
2026-10-01T18:06:36.416Z [EVENT world:levelTileChanged] #0 (anon_0) took 0.0ms
2026-10-01T18:06:36.416Z [EVENT world:levelTileChanged] #1 (anon_1) took 0.0ms
2026-10-01T18:06:36.416Z [EVENT world:levelTileChanged] #0 (anon_0) took 0.0ms
2026-10-01T18:06:36.416Z [EVENT world:levelTileChanged] #1 (anon_1) took 0.0ms
2026-10-01T18:06:36.417Z [EVENT world:levelTileChanged] #0 (anon_0) took 0.0ms
2026-10-01T18:06:36.417Z [EVENT world:levelTileChanged] #1 (anon_1) took 0.0ms
2026-10-01T18:06:36.417Z [EVENT world:levelTileChanged] #0 (anon_0) took 0.0ms
2026-10-01T18:06:36.417Z [EVENT world:levelTileChanged] #1 (anon_1) took 0.0ms
2026-10-01T18:06:36.417Z [EVENT world:levelTileChanged] #0 (anon_0) took 0.0ms
2026-10-01T18:06:36.418Z [EVENT world:levelTileChanged] #1 (anon_1) took 0.0ms
2026-10-01T18:06:36.418Z [EVENT world:levelTileChanged] #0 (anon_0) took 0.0ms
2026-10-01T18:06:36.418Z [EVENT world:levelTileChanged] #1 (anon_1) took 0.0ms
2026-10-01T18:06:36.418Z [EVENT world:levelTileChanged] #0 (anon_0) took 0.0ms
2026-10-01T18:06:36.418Z [EVENT world:levelTileChanged] #1 (anon_1) took 0.0ms
2026-10-01T18:06:36.419Z [EVENT world:levelTileChanged] #0 (anon_0) took 0.0ms
2026-10-01T18:06:36.419Z [EVENT world:levelTileChanged] #1 (anon_1) took 0.0ms
2026-10-01T18:06:36.419Z [EVENT world:levelTileChanged] #0 (anon_0) took 0.0ms
2026-10-01T18:06:36.419Z [EVENT world:levelTileChanged] #1 (anon_1) took 0.0ms
2026-10-01T18:06:36.419Z [EVENT world:levelTileChanged] #0 (anon_0) took 0.0ms
2026-10-01T18:06:36.420Z [EVENT world:levelTileChanged] #1 (anon_1) took 0.0ms
2026-10-01T18:06:36.420Z [EVENT world:levelTileChanged] #0 (anon_0) took 0.0ms
2026-10-01T18:06:36.420Z [EVENT world:levelTileChanged] #1 (anon_1) took 0.0ms
2026-10-01T18:06:36.420Z [EVENT world:levelTileChanged] #0 (anon_0) took 0.0ms
2026-10-01T18:06:36.420Z [EVENT world:levelTileChanged] #1 (anon_1) took 0.0ms
2026-10-01T18:06:36.421Z [EVENT world:levelTileChanged] #0 (anon_0) took 0.0ms
2026-10-01T18:06:36.421Z [EVENT world:levelTileChanged] #1 (anon_1) took 0.0ms
2026-10-01T18:06:36.421Z [EVENT world:levelTileChanged] #0 (anon_0) took 0.0ms
2026-10-01T18:06:36.421Z [EVENT world:levelTileChanged] #1 (anon_1) took 0.0ms
2026-10-01T18:06:36.422Z [EVENT world:levelTileChanged] #0 (anon_0) took 0.0ms
2026-10-01T18:06:36.422Z [EVENT world:levelTileChanged] #1 (anon_1) took 0.0ms
2026-10-01T18:06:36.422Z [EVENT world:levelTileChanged] #0 (anon_0) took 0.0ms
2026-10-01T18:06:36.423Z [EVENT world:levelTileChanged] #1 (anon_1) took 0.0ms
2026-10-01T18:06:36.423Z [EVENT world:levelTileChanged] #0 (anon_0) took 0.0ms
2026-10-01T18:06:36.424Z [EVENT world:levelTileChanged] #1 (anon_1) took 0.0ms
2026-10-01T18:06:36.424Z [EVENT world:levelTileChanged] #0 (anon_0) took 0.0ms
2026-10-01T18:06:36.424Z [EVENT world:levelTileChanged] #1 (anon_1) took 0.0ms
2026-10-01T18:06:36.424Z [EVENT world:levelTileChanged] #0 (anon_0) took 0.0ms
2026-10-01T18:06:36.424Z [EVENT world:levelTileChanged] #1 (anon_1) took 0.0ms
2026-10-01T18:06:36.425Z [EVENT world:levelTileChanged] #0 (anon_0) took 0.0ms
2026-10-01T18:06:36.425Z [EVENT world:levelTileChanged] #1 (anon_1) took 0.0ms
2026-10-01T18:06:36.425Z [EVENT world:levelTileChanged] #0 (anon_0) took 0.0ms
2026-10-01T18:06:36.425Z [EVENT world:levelTileChanged] #1 (anon_1) took 0.0ms
2026-10-01T18:06:36.425Z [EVENT world:levelTileChanged] #0 (anon_0) took 0.0ms
2026-10-01T18:06:36.426Z [EVENT world:levelTileChanged] #1 (anon_1) took 0.0ms
2026-10-01T18:06:36.426Z [EVENT world:levelTileChanged] #0 (anon_0) took 0.0ms
2026-10-01T18:06:36.426Z [EVENT world:levelTileChanged] #1 (anon_1) took 0.0ms
2026-10-01T18:06:36.426Z [EVENT world:levelTileChanged] #0 (anon_0) took 0.0ms
2026-10-01T18:06:36.426Z [EVENT world:levelTileChanged] #1 (anon_1) took 0.0ms
2026-10-01T18:06:36.427Z [EVENT world:levelTileChanged] #0 (anon_0) took 0.0ms
2026-10-01T18:06:36.427Z [EVENT world:levelTileChanged] #1 (anon_1) took 0.0ms
2026-10-01T18:06:36.427Z [EVENT world:levelTileChanged] #0 (anon_0) took 0.0ms
2026-10-01T18:06:36.427Z [EVENT world:levelTileChanged] #1 (anon_1) took 0.0ms
2026-10-01T18:06:36.427Z [EVENT world:levelTileChanged] #0 (anon_0) took 0.0ms
2026-10-01T18:06:36.428Z [EVENT world:levelTileChanged] #1 (anon_1) took 0.0ms
2026-10-01T18:06:36.428Z [EVENT world:levelTileChanged] #0 (anon_0) took 0.0ms
2026-10-01T18:06:36.428Z [EVENT world:levelTileChanged] #1 (anon_1) took 0.0ms
2026-10-01T18:06:36.428Z [EVENT world:levelTileChanged] #0 (anon_0) took 0.0ms
2026-10-01T18:06:36.428Z [EVENT world:levelTileChanged] #1 (anon_1) took 0.0ms
2026-10-01T18:06:36.428Z [EVENT world:levelTileChanged] #0 (anon_0) took 0.0ms
2026-10-01T18:06:36.429Z [EVENT world:levelTileChanged] #1 (anon_1) took 0.0ms
2026-10-01T18:06:36.429Z [EVENT world:levelTileChanged] #0 (anon_0) took 0.0ms
2026-10-01T18:06:36.429Z [EVENT world:levelTileChanged] #1 (anon_1) took 0.0ms
2026-10-01T18:06:36.429Z [EVENT world:levelTileChanged] #0 (anon_0) took 0.0ms
2026-10-01T18:06:36.429Z [EVENT world:levelTileChanged] #1 (anon_1) took 0.0ms
2026-10-01T18:06:36.430Z [EVENT world:levelTileChanged] #0 (anon_0) took 0.0ms
2026-10-01T18:06:36.430Z [EVENT world:levelTileChanged] #1 (anon_1) took 0.0ms
2026-10-01T18:06:36.430Z [EVENT world:levelTileChanged] #0 (anon_0) took 0.0ms
2026-10-01T18:06:36.430Z [EVENT world:levelTileChanged] #1 (anon_1) took 0.0ms
2026-10-01T18:06:36.430Z [EVENT world:levelTileChanged] #0 (anon_0) took 0.0ms
2026-10-01T18:06:36.431Z [EVENT world:levelTileChanged] #1 (anon_1) took 0.0ms
2026-10-01T18:06:36.431Z [EVENT world:levelTileChanged] #0 (anon_0) took 0.0ms
2026-10-01T18:06:36.431Z [EVENT world:levelTileChanged] #1 (anon_1) took 0.0ms
2026-10-01T18:06:36.432Z [EVENT world:levelTileChanged] #0 (anon_0) took 0.0ms
2026-10-01T18:06:36.432Z [EVENT world:levelTileChanged] #1 (anon_1) took 0.0ms
2026-10-01T18:06:36.432Z [EVENT world:levelTileChanged] #0 (anon_0) took 0.0ms
2026-10-01T18:06:36.432Z [EVENT world:levelTileChanged] #1 (anon_1) took 0.0ms
2026-10-01T18:06:36.432Z [EVENT world:levelTileChanged] #0 (anon_0) took 0.0ms
2026-10-01T18:06:36.433Z [EVENT world:levelTileChanged] #1 (anon_1) took 0.0ms
2026-10-01T18:06:36.433Z [EVENT world:levelTileChanged] #0 (anon_0) took 0.0ms
2026-10-01T18:06:36.433Z [EVENT world:levelTileChanged] #1 (anon_1) took 0.0ms
2026-10-01T18:06:36.433Z [EVENT world:levelTileChanged] #0 (anon_0) took 0.0ms
2026-10-01T18:06:36.434Z [EVENT world:levelTileChanged] #1 (anon_1) took 0.0ms
2026-10-01T18:06:36.434Z [EVENT world:levelTileChanged] #0 (anon_0) took 0.0ms
2026-10-01T18:06:36.434Z [EVENT world:levelTileChanged] #1 (anon_1) took 0.0ms
2026-10-01T18:06:36.434Z [EVENT world:levelTileChanged] #0 (anon_0) took 0.0ms
2026-10-01T18:06:36.434Z [EVENT world:levelTileChanged] #1 (anon_1) took 0.0ms
2026-10-01T18:06:36.435Z [EVENT world:levelTileChanged] #0 (anon_0) took 0.0ms
2026-10-01T18:06:36.435Z [EVENT world:levelTileChanged] #1 (anon_1) took 0.0ms
2026-10-01T18:06:36.435Z [EVENT world:levelTileChanged] #0 (anon_0) took 0.0ms
2026-10-01T18:06:36.435Z [EVENT world:levelTileChanged] #1 (anon_1) took 0.0ms
2026-10-01T18:06:36.436Z [EVENT world:levelTileChanged] #0 (anon_0) took 0.0ms
2026-10-01T18:06:36.436Z [EVENT world:levelTileChanged] #1 (anon_1) took 0.0ms
2026-10-01T18:06:36.436Z [EVENT world:levelTileChanged] #0 (anon_0) took 0.0ms
2026-10-01T18:06:36.436Z [EVENT world:levelTileChanged] #1 (anon_1) took 0.0ms
2026-10-01T18:06:36.437Z [EVENT world:levelTileChanged] #0 (anon_0) took 0.0ms
2026-10-01T18:06:36.437Z [EVENT world:levelTileChanged] #1 (anon_1) took 0.0ms
2026-10-01T18:06:36.437Z [EVENT world:levelTileChanged] #0 (anon_0) took 0.0ms
2026-10-01T18:06:36.437Z [EVENT world:levelTileChanged] #1 (anon_1) took 0.0ms
2026-10-01T18:06:36.438Z [EVENT world:levelTileChanged] #0 (anon_0) took 0.0ms
2026-10-01T18:06:36.438Z [EVENT world:levelTileChanged] #1 (anon_1) took 0.0ms
2026-10-01T18:06:36.438Z [EVENT world:levelTileChanged] #0 (anon_0) took 0.0ms
2026-10-01T18:06:36.438Z [EVENT world:levelTileChanged] #1 (anon_1) took 0.0ms
2026-10-01T18:06:36.439Z [EVENT world:levelTileChanged] #0 (anon_0) took 0.0ms
2026-10-01T18:06:36.439Z [EVENT world:levelTileChanged] #1 (anon_1) took 0.0ms
2026-10-01T18:06:36.439Z [EVENT world:levelTileChanged] #0 (anon_0) took 0.0ms
2026-10-01T18:06:36.439Z [EVENT world:levelTileChanged] #1 (anon_1) took 0.0ms
2026-10-01T18:06:36.439Z [EVENT world:levelTileChanged] #0 (anon_0) took 0.0ms
2026-10-01T18:06:36.440Z [EVENT world:levelTileChanged] #1 (anon_1) took 0.0ms
2026-10-01T18:06:36.440Z [EVENT world:levelTileChanged] #0 (anon_0) took 0.0ms
2026-10-01T18:06:36.440Z [EVENT world:levelTileChanged] #1 (anon_1) took 0.0ms
2026-10-01T18:06:36.440Z [EVENT world:levelTileChanged] #0 (anon_0) took 0.0ms
2026-10-01T18:06:36.440Z [EVENT world:levelTileChanged] #1 (anon_1) took 0.0ms
2026-10-01T18:06:36.441Z [EVENT world:levelTileChanged] #0 (anon_0) took 0.0ms
2026-10-01T18:06:36.441Z [EVENT world:levelTileChanged] #1 (anon_1) took 0.0ms
2026-10-01T18:06:36.441Z [EVENT world:levelTileChanged] #0 (anon_0) took 0.0ms
2026-10-01T18:06:36.441Z [EVENT world:levelTileChanged] #1 (anon_1) took 0.0ms
2026-10-01T18:06:36.441Z [EVENT world:levelTileChanged] #0 (anon_0) took 0.0ms
2026-10-01T18:06:36.441Z [EVENT world:levelTileChanged] #1 (anon_1) took 0.0ms
2026-10-01T18:06:36.442Z [EVENT world:levelTileChanged] #0 (anon_0) took 0.0ms
2026-10-01T18:06:36.442Z [EVENT world:levelTileChanged] #1 (anon_1) took 0.0ms
2026-10-01T18:06:36.442Z [EVENT world:levelTileChanged] #0 (anon_0) took 0.0ms
2026-10-01T18:06:36.442Z [EVENT world:levelTileChanged] #1 (anon_1) took 0.0ms
2026-10-01T18:06:36.442Z [EVENT world:levelTileChanged] #0 (anon_0) took 0.0ms
2026-10-01T18:06:36.443Z [EVENT world:levelTileChanged] #1 (anon_1) took 0.0ms
2026-10-01T18:06:36.443Z [EVENT world:levelTileChanged] #0 (anon_0) took 0.0ms
2026-10-01T18:06:36.443Z [EVENT world:levelTileChanged] #1 (anon_1) took 0.0ms
2026-10-01T18:06:36.443Z [EVENT world:levelTileChanged] #0 (anon_0) took 0.0ms
2026-10-01T18:06:36.443Z [EVENT world:levelTileChanged] #1 (anon_1) took 0.0ms
2026-10-01T18:06:36.444Z [EVENT world:levelTileChanged] #0 (anon_0) took 0.0ms
2026-10-01T18:06:36.444Z [EVENT world:levelTileChanged] #1 (anon_1) took 0.0ms
2026-10-01T18:06:36.444Z [EVENT world:levelTileChanged] #0 (anon_0) took 0.0ms
2026-10-01T18:06:36.444Z [EVENT world:levelTileChanged] #1 (anon_1) took 0.0ms
2026-10-01T18:06:36.444Z [EVENT world:levelTileChanged] #0 (anon_0) took 0.0ms
2026-10-01T18:06:36.444Z [EVENT world:levelTileChanged] #1 (anon_1) took 0.0ms
2026-10-01T18:06:36.445Z [EVENT world:levelTileChanged] #0 (anon_0) took 0.0ms
2026-10-01T18:06:36.445Z [EVENT world:levelTileChanged] #1 (anon_1) took 0.0ms
2026-10-01T18:06:36.445Z [EVENT world:levelTileChanged] #0 (anon_0) took 0.0ms
2026-10-01T18:06:36.445Z [EVENT world:levelTileChanged] #1 (anon_1) took 0.0ms
2026-10-01T18:06:36.446Z [EVENT world:levelTileChanged] #0 (anon_0) took 0.0ms
2026-10-01T18:06:36.446Z [EVENT world:levelTileChanged] #1 (anon_1) took 0.0ms
2026-10-01T18:06:36.446Z [EVENT world:levelTileChanged] #0 (anon_0) took 0.0ms
2026-10-01T18:06:36.446Z [EVENT world:levelTileChanged] #1 (anon_1) took 0.0ms
2026-10-01T18:06:36.446Z [EVENT world:levelTileChanged] #0 (anon_0) took 0.0ms
2026-10-01T18:06:36.447Z [EVENT world:levelTileChanged] #1 (anon_1) took 0.0ms
2026-10-01T18:06:36.447Z [EVENT world:levelTileChanged] #0 (anon_0) took 0.0ms
2026-10-01T18:06:36.447Z [EVENT world:levelTileChanged] #1 (anon_1) took 0.0ms
2026-10-01T18:06:36.448Z [EVENT world:levelTileChanged] #0 (anon_0) took 0.0ms
2026-10-01T18:06:36.448Z [EVENT world:levelTileChanged] #1 (anon_1) took 0.0ms
2026-10-01T18:06:36.449Z [EVENT world:levelTileChanged] #0 (anon_0) took 0.0ms
2026-10-01T18:06:36.449Z [EVENT world:levelTileChanged] #1 (anon_1) took 0.0ms
2026-10-01T18:06:36.449Z [EVENT world:levelTileChanged] #0 (anon_0) took 0.0ms
2026-10-01T18:06:36.450Z [EVENT world:levelTileChanged] #1 (anon_1) took 0.0ms
2026-10-01T18:06:36.450Z [EVENT world:levelTileChanged] #0 (anon_0) took 0.0ms
2026-10-01T18:06:36.450Z [EVENT world:levelTileChanged] #1 (anon_1) took 0.0ms
2026-10-01T18:06:36.450Z [EVENT world:levelTileChanged] #0 (anon_0) took 0.0ms
2026-10-01T18:06:36.450Z [EVENT world:levelTileChanged] #1 (anon_1) took 0.0ms
2026-10-01T18:06:36.451Z [EVENT world:levelTileChanged] #0 (anon_0) took 0.0ms
2026-10-01T18:06:36.451Z [EVENT world:levelTileChanged] #1 (anon_1) took 0.0ms
2026-10-01T18:06:36.451Z [EVENT world:levelTileChanged] #0 (anon_0) took 0.0ms
2026-10-01T18:06:36.451Z [EVENT world:levelTileChanged] #1 (anon_1) took 0.0ms
2026-10-01T18:06:36.452Z [EVENT world:levelTileChanged] #0 (anon_0) took 0.0ms
2026-10-01T18:06:36.452Z [EVENT world:levelTileChanged] #1 (anon_1) took 0.0ms
2026-10-01T18:06:36.452Z [EVENT world:levelTileChanged] #0 (anon_0) took 0.0ms
2026-10-01T18:06:36.452Z [EVENT world:levelTileChanged] #1 (anon_1) took 0.0ms
2026-10-01T18:06:36.453Z [EVENT world:levelTileChanged] #0 (anon_0) took 0.0ms
2026-10-01T18:06:36.453Z [EVENT world:levelTileChanged] #1 (anon_1) took 0.0ms
2026-10-01T18:06:36.453Z [EVENT world:levelTileChanged] #0 (anon_0) took 0.0ms
2026-10-01T18:06:36.453Z [EVENT world:levelTileChanged] #1 (anon_1) took 0.0ms
2026-10-01T18:06:36.454Z [EVENT world:levelTileChanged] #0 (anon_0) took 0.0ms
2026-10-01T18:06:36.454Z [EVENT world:levelTileChanged] #1 (anon_1) took 0.0ms
2026-10-01T18:06:36.454Z [EVENT world:levelTileChanged] #0 (anon_0) took 0.0ms
2026-10-01T18:06:36.454Z [EVENT world:levelTileChanged] #1 (anon_1) took 0.0ms
2026-10-01T18:06:36.454Z [EVENT world:levelTileChanged] #0 (anon_0) took 0.0ms
2026-10-01T18:06:36.455Z [EVENT world:levelTileChanged] #1 (anon_1) took 0.0ms
2026-10-01T18:06:36.455Z [EVENT world:levelTileChanged] #0 (anon_0) took 0.0ms
2026-10-01T18:06:36.455Z [EVENT world:levelTileChanged] #1 (anon_1) took 0.0ms
2026-10-01T18:06:36.455Z [EVENT world:levelTileChanged] #0 (anon_0) took 0.0ms
2026-10-01T18:06:36.456Z [EVENT world:levelTileChanged] #1 (anon_1) took 0.0ms
2026-10-01T18:06:36.456Z [EVENT world:levelTileChanged] #0 (anon_0) took 0.0ms
2026-10-01T18:06:36.456Z [EVENT world:levelTileChanged] #1 (anon_1) took 0.0ms
2026-10-01T18:06:36.456Z [EVENT world:levelTileChanged] #0 (anon_0) took 0.0ms
2026-10-01T18:06:36.457Z [EVENT world:levelTileChanged] #1 (anon_1) took 0.0ms
2026-10-01T18:06:36.457Z [EVENT world:levelTileChanged] #0 (anon_0) took 0.0ms
2026-10-01T18:06:36.458Z [EVENT world:levelTileChanged] #1 (anon_1) took 0.0ms
2026-10-01T18:06:36.458Z [EVENT world:levelTileChanged] #0 (anon_0) took 0.0ms
2026-10-01T18:06:36.458Z [EVENT world:levelTileChanged] #1 (anon_1) took 0.0ms
2026-10-01T18:06:36.459Z [EVENT world:levelTileChanged] #0 (anon_0) took 0.0ms
2026-10-01T18:06:36.459Z [EVENT world:levelTileChanged] #1 (anon_1) took 0.0ms
2026-10-01T18:06:36.459Z [EVENT world:levelTileChanged] #0 (anon_0) took 0.0ms
2026-10-01T18:06:36.459Z [EVENT world:levelTileChanged] #1 (anon_1) took 0.0ms
2026-10-01T18:06:36.459Z [EVENT world:levelTileChanged] #0 (anon_0) took 0.0ms
2026-10-01T18:06:36.460Z [EVENT world:levelTileChanged] #1 (anon_1) took 0.0ms
2026-10-01T18:06:36.460Z [EVENT world:levelTileChanged] #0 (anon_0) took 0.0ms
2026-10-01T18:06:36.460Z [EVENT world:levelTileChanged] #1 (anon_1) took 0.0ms
2026-10-01T18:06:36.460Z [EVENT world:levelTileChanged] #0 (anon_0) took 0.0ms
2026-10-01T18:06:36.460Z [EVENT world:levelTileChanged] #1 (anon_1) took 0.0ms
2026-10-01T18:06:36.461Z [EVENT world:levelTileChanged] #0 (anon_0) took 0.0ms
2026-10-01T18:06:36.461Z [EVENT world:levelTileChanged] #1 (anon_1) took 0.0ms
2026-10-01T18:06:36.461Z [EVENT world:levelTileChanged] #0 (anon_0) took 0.0ms
2026-10-01T18:06:36.461Z [EVENT world:levelTileChanged] #1 (anon_1) took 0.0ms
2026-10-01T18:06:36.462Z [EVENT world:levelTileChanged] #0 (anon_0) took 0.0ms
2026-10-01T18:06:36.462Z [EVENT world:levelTileChanged] #1 (anon_1) took 0.0ms
2026-10-01T18:06:36.463Z [EVENT world:levelTileChanged] #0 (anon_0) took 0.0ms
2026-10-01T18:06:36.463Z [EVENT world:levelTileChanged] #1 (anon_1) took 0.0ms
2026-10-01T18:06:36.463Z [EVENT world:levelTileChanged] #0 (anon_0) took 0.0ms
2026-10-01T18:06:36.464Z [EVENT world:levelTileChanged] #1 (anon_1) took 0.0ms
2026-10-01T18:06:36.464Z [EVENT world:levelTileChanged] #0 (anon_0) took 0.0ms
2026-10-01T18:06:36.464Z [EVENT world:levelTileChanged] #1 (anon_1) took 0.0ms
2026-10-01T18:06:36.464Z [EVENT world:levelTileChanged] #0 (anon_0) took 0.0ms
2026-10-01T18:06:36.464Z [EVENT world:levelTileChanged] #1 (anon_1) took 0.0ms
2026-10-01T18:06:36.465Z [EVENT world:levelTileChanged] #0 (anon_0) took 0.0ms
2026-10-01T18:06:36.465Z [EVENT world:levelTileChanged] #1 (anon_1) took 0.0ms
2026-10-01T18:06:36.465Z [EVENT world:levelTileChanged] #0 (anon_0) took 0.0ms
2026-10-01T18:06:36.465Z [EVENT world:levelTileChanged] #1 (anon_1) took 0.0ms
2026-10-01T18:06:36.466Z [EVENT world:levelTileChanged] #0 (anon_0) took 0.0ms
2026-10-01T18:06:36.466Z [EVENT world:levelTileChanged] #1 (anon_1) took 0.0ms
2026-10-01T18:06:36.466Z [EVENT world:levelTileChanged] #0 (anon_0) took 0.0ms
2026-10-01T18:06:36.466Z [EVENT world:levelTileChanged] #1 (anon_1) took 0.0ms
2026-10-01T18:06:36.466Z [EVENT world:levelTileChanged] #0 (anon_0) took 0.0ms
2026-10-01T18:06:36.467Z [EVENT world:levelTileChanged] #1 (anon_1) took 0.0ms
2026-10-01T18:06:36.467Z [EVENT world:levelTileChanged] #0 (anon_0) took 0.0ms
2026-10-01T18:06:36.467Z [EVENT world:levelTileChanged] #1 (anon_1) took 0.0ms
2026-10-01T18:06:36.467Z [EVENT world:levelTileChanged] #0 (anon_0) took 0.0ms
2026-10-01T18:06:36.467Z [EVENT world:levelTileChanged] #1 (anon_1) took 0.0ms
2026-10-01T18:06:36.467Z [EVENT world:levelTileChanged] #0 (anon_0) took 0.0ms
2026-10-01T18:06:36.468Z [EVENT world:levelTileChanged] #1 (anon_1) took 0.0ms
2026-10-01T18:06:36.468Z [EVENT world:levelTileChanged] #0 (anon_0) took 0.0ms
2026-10-01T18:06:36.468Z [EVENT world:levelTileChanged] #1 (anon_1) took 0.0ms
2026-10-01T18:06:36.468Z [EVENT world:levelTileChanged] #0 (anon_0) took 0.0ms
2026-10-01T18:06:36.468Z [EVENT world:levelTileChanged] #1 (anon_1) took 0.0ms
2026-10-01T18:06:36.469Z [EVENT world:levelTileChanged] #0 (anon_0) took 0.0ms
2026-10-01T18:06:36.469Z [EVENT world:levelTileChanged] #1 (anon_1) took 0.0ms
2026-10-01T18:06:36.469Z [EVENT world:levelTileChanged] #0 (anon_0) took 0.0ms
2026-10-01T18:06:36.469Z [EVENT world:levelTileChanged] #1 (anon_1) took 0.0ms
2026-10-01T18:06:36.469Z [EVENT world:levelTileChanged] #0 (anon_0) took 0.0ms
2026-10-01T18:06:36.470Z [EVENT world:levelTileChanged] #1 (anon_1) took 0.0ms
2026-10-01T18:06:36.470Z [EVENT world:levelTileChanged] #0 (anon_0) took 0.0ms
2026-10-01T18:06:36.470Z [EVENT world:levelTileChanged] #1 (anon_1) took 0.0ms
2026-10-01T18:06:36.470Z [EVENT world:levelTileChanged] #0 (anon_0) took 0.0ms
2026-10-01T18:06:36.471Z [EVENT world:levelTileChanged] #1 (anon_1) took 0.0ms
2026-10-01T18:06:36.471Z [EVENT world:levelTileChanged] #0 (anon_0) took 0.0ms
2026-10-01T18:06:36.471Z [EVENT world:levelTileChanged] #1 (anon_1) took 0.0ms
2026-10-01T18:06:36.471Z [EVENT world:levelTileChanged] #0 (anon_0) took 0.0ms
2026-10-01T18:06:36.471Z [EVENT world:levelTileChanged] #1 (anon_1) took 0.0ms
2026-10-01T18:06:36.472Z [EVENT world:levelTileChanged] #0 (anon_0) took 0.0ms
2026-10-01T18:06:36.472Z [EVENT world:levelTileChanged] #1 (anon_1) took 0.0ms
2026-10-01T18:06:36.472Z [EVENT world:levelTileChanged] #0 (anon_0) took 0.0ms
2026-10-01T18:06:36.472Z [EVENT world:levelTileChanged] #1 (anon_1) took 0.0ms
2026-10-01T18:06:36.473Z [EVENT world:levelTileChanged] #0 (anon_0) took 0.0ms
2026-10-01T18:06:36.473Z [EVENT world:levelTileChanged] #1 (anon_1) took 0.0ms
2026-10-01T18:06:36.473Z [EVENT world:levelTileChanged] #0 (anon_0) took 0.0ms
2026-10-01T18:06:36.473Z [EVENT world:levelTileChanged] #1 (anon_1) took 0.0ms
2026-10-01T18:06:36.473Z [EVENT world:levelTileChanged] #0 (anon_0) took 0.0ms
2026-10-01T18:06:36.474Z [EVENT world:levelTileChanged] #1 (anon_1) took 0.0ms
2026-10-01T18:06:36.474Z [EVENT world:levelTileChanged] #0 (anon_0) took 0.0ms
2026-10-01T18:06:36.474Z [EVENT world:levelTileChanged] #1 (anon_1) took 0.0ms
2026-10-01T18:06:36.474Z [EVENT world:levelTileChanged] #0 (anon_0) took 0.0ms
2026-10-01T18:06:36.474Z [EVENT world:levelTileChanged] #1 (anon_1) took 0.0ms
2026-10-01T18:06:36.475Z [EVENT world:levelTileChanged] #0 (anon_0) took 0.0ms
2026-10-01T18:06:36.475Z [EVENT world:levelTileChanged] #1 (anon_1) took 0.0ms
2026-10-01T18:06:36.475Z [EVENT world:levelTileChanged] #0 (anon_0) took 0.0ms
2026-10-01T18:06:36.476Z [EVENT world:levelTileChanged] #1 (anon_1) took 0.0ms
2026-10-01T18:06:36.476Z [EVENT world:levelTileChanged] #0 (anon_0) took 0.0ms
2026-10-01T18:06:36.476Z [EVENT world:levelTileChanged] #1 (anon_1) took 0.0ms
2026-10-01T18:06:36.476Z [EVENT world:levelTileChanged] #0 (anon_0) took 0.0ms
2026-10-01T18:06:36.476Z [EVENT world:levelTileChanged] #1 (anon_1) took 0.0ms
2026-10-01T18:06:36.477Z [EVENT world:levelTileChanged] #0 (anon_0) took 0.0ms
2026-10-01T18:06:36.477Z [EVENT world:levelTileChanged] #1 (anon_1) took 0.0ms
2026-10-01T18:06:36.477Z [EVENT world:levelTileChanged] #0 (anon_0) took 0.0ms
2026-10-01T18:06:36.477Z [EVENT world:levelTileChanged] #1 (anon_1) took 0.0ms
2026-10-01T18:06:36.477Z [EVENT world:levelTileChanged] #0 (anon_0) took 0.0ms
2026-10-01T18:06:36.478Z [EVENT world:levelTileChanged] #1 (anon_1) took 0.0ms
2026-10-01T18:06:36.478Z [EVENT world:levelTileChanged] #0 (anon_0) took 0.0ms
2026-10-01T18:06:36.478Z [EVENT world:levelTileChanged] #1 (anon_1) took 0.0ms
2026-10-01T18:06:36.478Z [EVENT world:levelTileChanged] #0 (anon_0) took 0.0ms
2026-10-01T18:06:36.479Z [EVENT world:levelTileChanged] #1 (anon_1) took 0.0ms
2026-10-01T18:06:36.479Z [EVENT world:levelTileChanged] #0 (anon_0) took 0.0ms
2026-10-01T18:06:36.479Z [EVENT world:levelTileChanged] #1 (anon_1) took 0.0ms
2026-10-01T18:06:36.479Z [EVENT world:levelTileChanged] #0 (anon_0) took 0.0ms
2026-10-01T18:06:36.480Z [EVENT world:levelTileChanged] #1 (anon_1) took 0.0ms
2026-10-01T18:06:36.480Z [EVENT world:levelTileChanged] #0 (anon_0) took 0.0ms
2026-10-01T18:06:36.480Z [EVENT world:levelTileChanged] #1 (anon_1) took 0.0ms
2026-10-01T18:06:36.480Z [EVENT world:levelTileChanged] #0 (anon_0) took 0.0ms
2026-10-01T18:06:36.480Z [EVENT world:levelTileChanged] #1 (anon_1) took 0.0ms
2026-10-01T18:06:36.480Z [EVENT world:levelTileChanged] #0 (anon_0) took 0.0ms
2026-10-01T18:06:36.481Z [EVENT world:levelTileChanged] #1 (anon_1) took 0.0ms
2026-10-01T18:06:36.481Z [EVENT world:levelTileChanged] #0 (anon_0) took 0.0ms
2026-10-01T18:06:36.481Z [EVENT world:levelTileChanged] #1 (anon_1) took 0.0ms
2026-10-01T18:06:36.481Z [EVENT world:levelTileChanged] #0 (anon_0) took 0.0ms
2026-10-01T18:06:36.481Z [EVENT world:levelTileChanged] #1 (anon_1) took 0.0ms
2026-10-01T18:06:36.482Z [EVENT world:levelTileChanged] #0 (anon_0) took 0.0ms
2026-10-01T18:06:36.482Z [EVENT world:levelTileChanged] #1 (anon_1) took 0.0ms
2026-10-01T18:06:36.482Z [EVENT world:levelTileChanged] #0 (anon_0) took 0.0ms
2026-10-01T18:06:36.482Z [EVENT world:levelTileChanged] #1 (anon_1) took 0.0ms
2026-10-01T18:06:36.483Z [EVENT world:levelTileChanged] #0 (anon_0) took 0.0ms
2026-10-01T18:06:36.483Z [EVENT world:levelTileChanged] #1 (anon_1) took 0.0ms
2026-10-01T18:06:36.483Z [EVENT world:levelTileChanged] #0 (anon_0) took 0.0ms
2026-10-01T18:06:36.483Z [EVENT world:levelTileChanged] #1 (anon_1) took 0.0ms
2026-10-01T18:06:36.483Z [EVENT world:levelTileChanged] #0 (anon_0) took 0.0ms
2026-10-01T18:06:36.484Z [EVENT world:levelTileChanged] #1 (anon_1) took 0.0ms
2026-10-01T18:06:36.484Z [EVENT world:levelTileChanged] #0 (anon_0) took 0.0ms
2026-10-01T18:06:36.484Z [EVENT world:levelTileChanged] #1 (anon_1) took 0.0ms
2026-10-01T18:06:36.484Z [EVENT world:levelTileChanged] #0 (anon_0) took 0.0ms
2026-10-01T18:06:36.484Z [EVENT world:levelTileChanged] #1 (anon_1) took 0.0ms
2026-10-01T18:06:36.485Z [EVENT world:levelTileChanged] #0 (anon_0) took 0.0ms
2026-10-01T18:06:36.485Z [EVENT world:levelTileChanged] #1 (anon_1) took 0.0ms
2026-10-01T18:06:36.485Z [EVENT world:levelTileChanged] #0 (anon_0) took 0.0ms
2026-10-01T18:06:36.485Z [EVENT world:levelTileChanged] #1 (anon_1) took 0.0ms
2026-10-01T18:06:36.486Z [EVENT world:levelTileChanged] #0 (anon_0) took 0.0ms
2026-10-01T18:06:36.486Z [EVENT world:levelTileChanged] #1 (anon_1) took 0.0ms
2026-10-01T18:06:36.486Z [EVENT world:levelTileChanged] #0 (anon_0) took 0.0ms
2026-10-01T18:06:36.486Z [EVENT world:levelTileChanged] #1 (anon_1) took 0.0ms
2026-10-01T18:06:36.487Z [EVENT world:levelTileChanged] #0 (anon_0) took 0.0ms
2026-10-01T18:06:36.487Z [EVENT world:levelTileChanged] #1 (anon_1) took 0.0ms
2026-10-01T18:06:36.487Z [EVENT world:levelTileChanged] #0 (anon_0) took 0.0ms
2026-10-01T18:06:36.487Z [EVENT world:levelTileChanged] #1 (anon_1) took 0.0ms
2026-10-01T18:06:36.487Z [EVENT world:levelTileChanged] #0 (anon_0) took 0.0ms
2026-10-01T18:06:36.487Z [EVENT world:levelTileChanged] #1 (anon_1) took 0.0ms
2026-10-01T18:06:36.488Z [EVENT world:levelTileChanged] #0 (anon_0) took 0.0ms
2026-10-01T18:06:36.488Z [EVENT world:levelTileChanged] #1 (anon_1) took 0.0ms
2026-10-01T18:06:36.488Z [EVENT world:levelTileChanged] #0 (anon_0) took 0.0ms
2026-10-01T18:06:36.488Z [EVENT world:levelTileChanged] #1 (anon_1) took 0.0ms
2026-10-01T18:06:36.488Z [EVENT world:levelTileChanged] #0 (anon_0) took 0.0ms
2026-10-01T18:06:36.489Z [EVENT world:levelTileChanged] #1 (anon_1) took 0.0ms
2026-10-01T18:06:36.489Z [EVENT world:levelTileChanged] #0 (anon_0) took 0.0ms
2026-10-01T18:06:36.490Z [EVENT world:levelTileChanged] #1 (anon_1) took 0.0ms
2026-10-01T18:06:36.490Z [EVENT world:levelTileChanged] #0 (anon_0) took 0.0ms
2026-10-01T18:06:36.490Z [EVENT world:levelTileChanged] #1 (anon_1) took 0.0ms
2026-10-01T18:06:36.490Z [EVENT world:levelTileChanged] #0 (anon_0) took 0.0ms
2026-10-01T18:06:36.491Z [EVENT world:levelTileChanged] #1 (anon_1) took 0.0ms
2026-10-01T18:06:36.491Z [EVENT world:levelTileChanged] #0 (anon_0) took 0.0ms
2026-10-01T18:06:36.491Z [EVENT world:levelTileChanged] #1 (anon_1) took 0.0ms
2026-10-01T18:06:36.491Z [EVENT world:levelTileChanged] #0 (anon_0) took 0.0ms
2026-10-01T18:06:36.491Z [EVENT world:levelTileChanged] #1 (anon_1) took 0.0ms
2026-10-01T18:06:36.492Z [EVENT world:levelTileChanged] #0 (anon_0) took 0.0ms
2026-10-01T18:06:36.492Z [EVENT world:levelTileChanged] #1 (anon_1) took 0.0ms
2026-10-01T18:06:36.492Z [EVENT world:levelTileChanged] #0 (anon_0) took 0.0ms
2026-10-01T18:06:36.492Z [EVENT world:levelTileChanged] #1 (anon_1) took 0.0ms
2026-10-01T18:06:36.492Z [EVENT world:levelTileChanged] #0 (anon_0) took 0.0ms
2026-10-01T18:06:36.493Z [EVENT world:levelTileChanged] #1 (anon_1) took 0.0ms
2026-10-01T18:06:36.494Z [EVENT world:levelTileChanged] #0 (anon_0) took 0.0ms
2026-10-01T18:06:36.494Z [EVENT world:levelTileChanged] #1 (anon_1) took 0.0ms
2026-10-01T18:06:36.495Z [EVENT world:levelTileChanged] #0 (anon_0) took 0.0ms
2026-10-01T18:06:36.495Z [EVENT world:levelTileChanged] #1 (anon_1) took 0.0ms
2026-10-01T18:06:36.495Z [EVENT world:levelTileChanged] #0 (anon_0) took 0.0ms
2026-10-01T18:06:36.496Z [EVENT world:levelTileChanged] #1 (anon_1) took 0.0ms
2026-10-01T18:06:36.496Z [EVENT world:levelTileChanged] #0 (anon_0) took 0.0ms
2026-10-01T18:06:36.497Z [EVENT world:levelTileChanged] #1 (anon_1) took 0.0ms
2026-10-01T18:06:36.497Z [EVENT world:levelTileChanged] #0 (anon_0) took 0.0ms
2026-10-01T18:06:36.497Z [EVENT world:levelTileChanged] #1 (anon_1) took 0.0ms
2026-10-01T18:06:36.498Z [EVENT world:levelTileChanged] #0 (anon_0) took 0.0ms
2026-10-01T18:06:36.498Z [EVENT world:levelTileChanged] #1 (anon_1) took 0.0ms
2026-10-01T18:06:36.499Z [EVENT world:levelTileChanged] #0 (anon_0) took 0.0ms
2026-10-01T18:06:36.499Z [EVENT world:levelTileChanged] #1 (anon_1) took 0.0ms
2026-10-01T18:06:36.499Z [EVENT world:levelTileChanged] #0 (anon_0) took 0.0ms
2026-10-01T18:06:36.499Z [EVENT world:levelTileChanged] #1 (anon_1) took 0.0ms
2026-10-01T18:06:36.500Z [EVENT world:levelTileChanged] #0 (anon_0) took 0.0ms
2026-10-01T18:06:36.500Z [EVENT world:levelTileChanged] #1 (anon_1) took 0.0ms
2026-10-01T18:06:36.501Z [EVENT world:levelTileChanged] #0 (anon_0) took 0.0ms
2026-10-01T18:06:36.501Z [EVENT world:levelTileChanged] #1 (anon_1) took 0.0ms
2026-10-01T18:06:36.501Z [EVENT world:levelTileChanged] #0 (anon_0) took 0.0ms
2026-10-01T18:06:36.501Z [EVENT world:levelTileChanged] #1 (anon_1) took 0.0ms
2026-10-01T18:06:36.502Z [EVENT world:levelTileChanged] #0 (anon_0) took 0.0ms
2026-10-01T18:06:36.502Z [EVENT world:levelTileChanged] #1 (anon_1) took 0.0ms
2026-10-01T18:06:36.502Z [EVENT world:levelTileChanged] #0 (anon_0) took 0.0ms
2026-10-01T18:06:36.503Z [EVENT world:levelTileChanged] #1 (anon_1) took 0.0ms
2026-10-01T18:06:36.503Z [EVENT world:levelTileChanged] #0 (anon_0) took 0.0ms
2026-10-01T18:06:36.503Z [EVENT world:levelTileChanged] #1 (anon_1) took 0.0ms
2026-10-01T18:06:36.504Z [EVENT world:levelTileChanged] #0 (anon_0) took 0.0ms
2026-10-01T18:06:36.504Z [EVENT world:levelTileChanged] #1 (anon_1) took 0.0ms
2026-10-01T18:06:36.504Z [EVENT world:levelTileChanged] #0 (anon_0) took 0.0ms
2026-10-01T18:06:36.504Z [EVENT world:levelTileChanged] #1 (anon_1) took 0.0ms
2026-10-01T18:06:36.505Z [EVENT world:levelTileChanged] #0 (anon_0) took 0.0ms
2026-10-01T18:06:36.505Z [EVENT world:levelTileChanged] #1 (anon_1) took 0.0ms
2026-10-01T18:06:36.505Z [EVENT world:levelTileChanged] #0 (anon_0) took 0.0ms
2026-10-01T18:06:36.505Z [EVENT world:levelTileChanged] #1 (anon_1) took 0.0ms
2026-10-01T18:06:36.506Z [EVENT world:levelTileChanged] #0 (anon_0) took 0.0ms
2026-10-01T18:06:36.506Z [EVENT world:levelTileChanged] #1 (anon_1) took 0.0ms
2026-10-01T18:06:36.506Z [EVENT world:levelTileChanged] #0 (anon_0) took 0.0ms
2026-10-01T18:06:36.506Z [EVENT world:levelTileChanged] #1 (anon_1) took 0.0ms
2026-10-01T18:06:36.507Z [EVENT world:levelTileChanged] #0 (anon_0) took 0.0ms
2026-10-01T18:06:36.507Z [EVENT world:levelTileChanged] #1 (anon_1) took 0.0ms
2026-10-01T18:06:36.511Z [EVENT world:levelTileChanged] #0 (anon_0) took 0.0ms
2026-10-01T18:06:36.511Z [EVENT world:levelTileChanged] #1 (anon_1) took 0.0ms
2026-10-01T18:06:36.512Z [EVENT world:levelTileChanged] #0 (anon_0) took 0.0ms
2026-10-01T18:06:36.512Z [EVENT world:levelTileChanged] #1 (anon_1) took 0.0ms
2026-10-01T18:06:36.512Z [EVENT world:levelTileChanged] #0 (anon_0) took 0.0ms
2026-10-01T18:06:36.512Z [EVENT world:levelTileChanged] #1 (anon_1) took 0.0ms
2026-10-01T18:06:36.513Z [EVENT world:levelTileChanged] #0 (anon_0) took 0.0ms
2026-10-01T18:06:36.513Z [EVENT world:levelTileChanged] #1 (anon_1) took 0.0ms
2026-10-01T18:06:36.513Z [EVENT world:levelTileChanged] #0 (anon_0) took 0.0ms
2026-10-01T18:06:36.513Z [EVENT world:levelTileChanged] #1 (anon_1) took 0.0ms
2026-10-01T18:06:36.513Z [EVENT world:levelTileChanged] #0 (anon_0) took 0.0ms
2026-10-01T18:06:36.513Z [EVENT world:levelTileChanged] #1 (anon_1) took 0.0ms
2026-10-01T18:06:36.514Z [EVENT world:levelTileChanged] #0 (anon_0) took 0.0ms
2026-10-01T18:06:36.514Z [EVENT world:levelTileChanged] #1 (anon_1) took 0.0ms
2026-10-01T18:06:36.514Z [EVENT world:levelTileChanged] #0 (anon_0) took 0.0ms
2026-10-01T18:06:36.514Z [EVENT world:levelTileChanged] #1 (anon_1) took 0.0ms
2026-10-01T18:06:36.514Z [EVENT world:levelTileChanged] #0 (anon_0) took 0.0ms
2026-10-01T18:06:36.515Z [EVENT world:levelTileChanged] #1 (anon_1) took 0.0ms
2026-10-01T18:06:36.515Z [EVENT world:levelTileChanged] #0 (anon_0) took 0.0ms
2026-10-01T18:06:36.515Z [EVENT world:levelTileChanged] #1 (anon_1) took 0.0ms
2026-10-01T18:06:36.515Z [EVENT world:levelTileChanged] #0 (anon_0) took 0.0ms
2026-10-01T18:06:36.515Z [EVENT world:levelTileChanged] #1 (anon_1) took 0.0ms
2026-10-01T18:06:36.516Z [EVENT world:levelTileChanged] #0 (anon_0) took 0.0ms
2026-10-01T18:06:36.516Z [EVENT world:levelTileChanged] #1 (anon_1) took 0.0ms
2026-10-01T18:06:36.516Z [EVENT world:levelTileChanged] #0 (anon_0) took 0.0ms
2026-10-01T18:06:36.516Z [EVENT world:levelTileChanged] #1 (anon_1) took 0.0ms
2026-10-01T18:06:36.516Z [EVENT world:levelTileChanged] #0 (anon_0) took 0.0ms
2026-10-01T18:06:36.516Z [EVENT world:levelTileChanged] #1 (anon_1) took 0.0ms
2026-10-01T18:06:36.517Z [EVENT world:levelTileChanged] #0 (anon_0) took 0.0ms
2026-10-01T18:06:36.517Z [EVENT world:levelTileChanged] #1 (anon_1) took 0.0ms
2026-10-01T18:06:36.517Z [EVENT world:levelTileChanged] #0 (anon_0) took 0.0ms
2026-10-01T18:06:36.517Z [EVENT world:levelTileChanged] #1 (anon_1) took 0.0ms
2026-10-01T18:06:36.518Z [EVENT world:levelTileChanged] #0 (anon_0) took 0.0ms
2026-10-01T18:06:36.518Z [EVENT world:levelTileChanged] #1 (anon_1) took 0.0ms
2026-10-01T18:06:36.518Z [EVENT world:levelTileChanged] #0 (anon_0) took 0.0ms
2026-10-01T18:06:36.518Z [EVENT world:levelTileChanged] #1 (anon_1) took 0.0ms
2026-10-01T18:06:36.519Z [EVENT world:levelTileChanged] #0 (anon_0) took 0.0ms
2026-10-01T18:06:36.519Z [EVENT world:levelTileChanged] #1 (anon_1) took 0.0ms
2026-10-01T18:06:36.519Z [EVENT world:levelTileChanged] #0 (anon_0) took 0.0ms
2026-10-01T18:06:36.519Z [EVENT world:levelTileChanged] #1 (anon_1) took 0.0ms
2026-10-01T18:06:36.519Z [EVENT world:levelTileChanged] #0 (anon_0) took 0.0ms
2026-10-01T18:06:36.520Z [EVENT world:levelTileChanged] #1 (anon_1) took 0.0ms
2026-10-01T18:06:36.520Z [EVENT world:levelTileChanged] #0 (anon_0) took 0.0ms
2026-10-01T18:06:36.520Z [EVENT world:levelTileChanged] #1 (anon_1) took 0.0ms
2026-10-01T18:06:36.520Z [EVENT world:levelTileChanged] #0 (anon_0) took 0.0ms
2026-10-01T18:06:36.521Z [EVENT world:levelTileChanged] #1 (anon_1) took 0.0ms
2026-10-01T18:06:36.521Z [EVENT world:levelTileChanged] #0 (anon_0) took 0.0ms
2026-10-01T18:06:36.521Z [EVENT world:levelTileChanged] #1 (anon_1) took 0.0ms
2026-10-01T18:06:36.521Z [EVENT world:levelTileChanged] #0 (anon_0) took 0.0ms
2026-10-01T18:06:36.521Z [EVENT world:levelTileChanged] #1 (anon_1) took 0.0ms
2026-10-01T18:06:36.522Z [EVENT world:levelTileChanged] #0 (anon_0) took 0.0ms
2026-10-01T18:06:36.522Z [EVENT world:levelTileChanged] #1 (anon_1) took 0.0ms
2026-10-01T18:06:36.522Z [EVENT world:levelTileChanged] #0 (anon_0) took 0.0ms
2026-10-01T18:06:36.522Z [EVENT world:levelTileChanged] #1 (anon_1) took 0.0ms
2026-10-01T18:06:36.522Z [EVENT world:levelTileChanged] #0 (anon_0) took 0.0ms
2026-10-01T18:06:36.522Z [EVENT world:levelTileChanged] #1 (anon_1) took 0.0ms
2026-10-01T18:06:36.523Z [EVENT world:levelTileChanged] #0 (anon_0) took 0.0ms
2026-10-01T18:06:36.523Z [EVENT world:levelTileChanged] #1 (anon_1) took 0.0ms
2026-10-01T18:06:36.523Z [EVENT world:levelTileChanged] #0 (anon_0) took 0.0ms
2026-10-01T18:06:36.523Z [EVENT world:levelTileChanged] #1 (anon_1) took 0.0ms
2026-10-01T18:06:36.523Z [EVENT world:levelTileChanged] #0 (anon_0) took 0.0ms
2026-10-01T18:06:36.524Z [EVENT world:levelTileChanged] #1 (anon_1) took 0.0ms
2026-10-01T18:06:36.524Z [EVENT world:levelTileChanged] #0 (anon_0) took 0.0ms
2026-10-01T18:06:36.524Z [EVENT world:levelTileChanged] #1 (anon_1) took 0.0ms
2026-10-01T18:06:36.525Z [EVENT world:levelTileChanged] #0 (anon_0) took 0.0ms
2026-10-01T18:06:36.525Z [EVENT world:levelTileChanged] #1 (anon_1) took 0.0ms
2026-10-01T18:06:36.525Z [EVENT world:levelTileChanged] #0 (anon_0) took 0.0ms
2026-10-01T18:06:36.525Z [EVENT world:levelTileChanged] #1 (anon_1) took 0.0ms
2026-10-01T18:06:36.526Z [EVENT world:levelTileChanged] #0 (anon_0) took 0.0ms
2026-10-01T18:06:36.526Z [EVENT world:levelTileChanged] #1 (anon_1) took 0.0ms
2026-10-01T18:06:36.526Z [EVENT world:levelTileChanged] #0 (anon_0) took 0.0ms
2026-10-01T18:06:36.526Z [EVENT world:levelTileChanged] #1 (anon_1) took 0.0ms
2026-10-01T18:06:36.527Z [EVENT world:levelTileChanged] #0 (anon_0) took 0.0ms
2026-10-01T18:06:36.527Z [EVENT world:levelTileChanged] #1 (anon_1) took 0.0ms
2026-10-01T18:06:36.527Z [EVENT world:levelTileChanged] #0 (anon_0) took 0.0ms
2026-10-01T18:06:36.527Z [EVENT world:levelTileChanged] #1 (anon_1) took 0.0ms
2026-10-01T18:06:36.527Z [EVENT world:levelTileChanged] #0 (anon_0) took 0.0ms
2026-10-01T18:06:36.528Z [EVENT world:levelTileChanged] #1 (anon_1) took 0.0ms
2026-10-01T18:06:36.528Z [EVENT world:levelTileChanged] #0 (anon_0) took 0.0ms
2026-10-01T18:06:36.528Z [EVENT world:levelTileChanged] #1 (anon_1) took 0.0ms
2026-10-01T18:06:36.528Z [EVENT world:levelTileChanged] #0 (anon_0) took 0.0ms
2026-10-01T18:06:36.528Z [EVENT world:levelTileChanged] #1 (anon_1) took 0.0ms
2026-10-01T18:06:36.528Z [EVENT world:levelTileChanged] #0 (anon_0) took 0.0ms
2026-10-01T18:06:36.529Z [EVENT world:levelTileChanged] #1 (anon_1) took 0.0ms
2026-10-01T18:06:36.529Z [EVENT world:levelTileChanged] #0 (anon_0) took 0.0ms
2026-10-01T18:06:36.529Z [EVENT world:levelTileChanged] #1 (anon_1) took 0.0ms
2026-10-01T18:06:36.529Z [EVENT world:levelTileChanged] #0 (anon_0) took 0.0ms
2026-10-01T18:06:36.530Z [EVENT world:levelTileChanged] #1 (anon_1) took 0.0ms
2026-10-01T18:06:36.530Z [EVENT world:levelTileChanged] #0 (anon_0) took 0.0ms
2026-10-01T18:06:36.530Z [EVENT world:levelTileChanged] #1 (anon_1) took 0.0ms
2026-10-01T18:06:36.531Z [EVENT world:levelTileChanged] #0 (anon_0) took 0.0ms
2026-10-01T18:06:36.531Z [EVENT world:levelTileChanged] #1 (anon_1) took 0.0ms
2026-10-01T18:06:36.531Z [EVENT world:levelTileChanged] #0 (anon_0) took 0.0ms
2026-10-01T18:06:36.531Z [EVENT world:levelTileChanged] #1 (anon_1) took 0.0ms
2026-10-01T18:06:36.532Z [EVENT world:levelTileChanged] #0 (anon_0) took 0.0ms
2026-10-01T18:06:36.532Z [EVENT world:levelTileChanged] #1 (anon_1) took 0.0ms
2026-10-01T18:06:36.532Z [EVENT world:levelTileChanged] #0 (anon_0) took 0.0ms
2026-10-01T18:06:36.532Z [EVENT world:levelTileChanged] #1 (anon_1) took 0.0ms
2026-10-01T18:06:36.533Z [EVENT world:levelTileChanged] #0 (anon_0) took 0.0ms
2026-10-01T18:06:36.533Z [EVENT world:levelTileChanged] #1 (anon_1) took 0.0ms
2026-10-01T18:06:36.533Z [EVENT world:levelTileChanged] #0 (anon_0) took 0.0ms
2026-10-01T18:06:36.533Z [EVENT world:levelTileChanged] #1 (anon_1) took 0.0ms
2026-10-01T18:06:36.534Z [EVENT world:levelTileChanged] #0 (anon_0) took 0.0ms
2026-10-01T18:06:36.534Z [EVENT world:levelTileChanged] #1 (anon_1) took 0.0ms
2026-10-01T18:06:36.534Z [EVENT world:levelTileChanged] #0 (anon_0) took 0.0ms
2026-10-01T18:06:36.534Z [EVENT world:levelTileChanged] #1 (anon_1) took 0.0ms
2026-10-01T18:06:36.534Z [EVENT world:levelTileChanged] #0 (anon_0) took 0.0ms
2026-10-01T18:06:36.534Z [EVENT world:levelTileChanged] #1 (anon_1) took 0.0ms
2026-10-01T18:06:36.535Z [EVENT world:levelTileChanged] #0 (anon_0) took 0.0ms
2026-10-01T18:06:36.535Z [EVENT world:levelTileChanged] #1 (anon_1) took 0.0ms
2026-10-01T18:06:36.535Z [EVENT world:levelTileChanged] #0 (anon_0) took 0.0ms
2026-10-01T18:06:36.535Z [EVENT world:levelTileChanged] #1 (anon_1) took 0.0ms
2026-10-01T18:06:36.535Z [EVENT world:levelTileChanged] #0 (anon_0) took 0.0ms
2026-10-01T18:06:36.536Z [EVENT world:levelTileChanged] #1 (anon_1) took 0.0ms
2026-10-01T18:06:36.536Z [EVENT world:levelTileChanged] #0 (anon_0) took 0.0ms
2026-10-01T18:06:36.536Z [EVENT world:levelTileChanged] #1 (anon_1) took 0.0ms
2026-10-01T18:06:36.536Z [EVENT world:levelTileChanged] #0 (anon_0) took 0.0ms
2026-10-01T18:06:36.536Z [EVENT world:levelTileChanged] #1 (anon_1) took 0.0ms
2026-10-01T18:06:36.536Z [EVENT world:levelTileChanged] #0 (anon_0) took 0.0ms
2026-10-01T18:06:36.537Z [EVENT world:levelTileChanged] #1 (anon_1) took 0.0ms
2026-10-01T18:06:36.537Z [EVENT world:levelTileChanged] #0 (anon_0) took 0.0ms
2026-10-01T18:06:36.537Z [EVENT world:levelTileChanged] #1 (anon_1) took 0.0ms
2026-10-01T18:06:36.537Z [EVENT world:levelTileChanged] #0 (anon_0) took 0.0ms
2026-10-01T18:06:36.537Z [EVENT world:levelTileChanged] #1 (anon_1) took 0.0ms
2026-10-01T18:06:36.538Z [EVENT world:levelTileChanged] #0 (anon_0) took 0.0ms
2026-10-01T18:06:36.538Z [EVENT world:levelTileChanged] #1 (anon_1) took 0.0ms
2026-10-01T18:06:36.538Z [EVENT world:levelTileChanged] #0 (anon_0) took 0.0ms
2026-10-01T18:06:36.538Z [EVENT world:levelTileChanged] #1 (anon_1) took 0.0ms
2026-10-01T18:06:36.538Z [EVENT world:levelTileChanged] #0 (anon_0) took 0.0ms
2026-10-01T18:06:36.538Z [EVENT world:levelTileChanged] #1 (anon_1) took 0.0ms
2026-10-01T18:06:36.539Z [EVENT world:levelTileChanged] #0 (anon_0) took 0.0ms
2026-10-01T18:06:36.539Z [EVENT world:levelTileChanged] #1 (anon_1) took 0.0ms
2026-10-01T18:06:36.539Z [EVENT world:levelTileChanged] #0 (anon_0) took 0.0ms
2026-10-01T18:06:36.539Z [EVENT world:levelTileChanged] #1 (anon_1) took 0.0ms
2026-10-01T18:06:36.539Z [EVENT world:levelTileChanged] #0 (anon_0) took 0.0ms
2026-10-01T18:06:36.540Z [EVENT world:levelTileChanged] #1 (anon_1) took 0.0ms
2026-10-01T18:06:36.540Z [EVENT world:levelTileChanged] #0 (anon_0) took 0.0ms
2026-10-01T18:06:36.540Z [EVENT world:levelTileChanged] #1 (anon_1) took 0.0ms
2026-10-01T18:06:36.540Z [EVENT world:levelTileChanged] #0 (anon_0) took 0.0ms
2026-10-01T18:06:36.540Z [EVENT world:levelTileChanged] #1 (anon_1) took 0.0ms
2026-10-01T18:06:36.541Z [EVENT world:levelTileChanged] #0 (anon_0) took 0.0ms
2026-10-01T18:06:36.541Z [EVENT world:levelTileChanged] #1 (anon_1) took 0.0ms
2026-10-01T18:06:36.541Z [EVENT world:levelTileChanged] #0 (anon_0) took 0.0ms
2026-10-01T18:06:36.542Z [EVENT world:levelTileChanged] #1 (anon_1) took 0.0ms
2026-10-01T18:06:36.542Z [EVENT world:levelTileChanged] #0 (anon_0) took 0.0ms
2026-10-01T18:06:36.542Z [EVENT world:levelTileChanged] #1 (anon_1) took 0.0ms
2026-10-01T18:06:36.543Z [EVENT world:levelTileChanged] #0 (anon_0) took 0.0ms
2026-10-01T18:06:36.543Z [EVENT world:levelTileChanged] #1 (anon_1) took 0.0ms
2026-10-01T18:06:36.543Z [EVENT world:levelTileChanged] #0 (anon_0) took 0.0ms
2026-10-01T18:06:36.543Z [EVENT world:levelTileChanged] #1 (anon_1) took 0.0ms
2026-10-01T18:06:36.544Z [EVENT world:levelTileChanged] #0 (anon_0) took 0.0ms
2026-10-01T18:06:36.544Z [EVENT world:levelTileChanged] #1 (anon_1) took 0.0ms
2026-10-01T18:06:36.544Z [EVENT world:levelTileChanged] #0 (anon_0) took 0.0ms
2026-10-01T18:06:36.544Z [EVENT world:levelTileChanged] #1 (anon_1) took 0.0ms
2026-10-01T18:06:36.544Z [EVENT world:levelTileChanged] #0 (anon_0) took 0.0ms
2026-10-01T18:06:36.545Z [EVENT world:levelTileChanged] #1 (anon_1) took 0.0ms
2026-10-01T18:06:36.545Z [EVENT world:levelTileChanged] #0 (anon_0) took 0.0ms
2026-10-01T18:06:36.545Z [EVENT world:levelTileChanged] #1 (anon_1) took 0.0ms
2026-10-01T18:06:36.545Z [EVENT world:levelTileChanged] #0 (anon_0) took 0.0ms
2026-10-01T18:06:36.545Z [EVENT world:levelTileChanged] #1 (anon_1) took 0.0ms
2026-10-01T18:06:36.546Z [EVENT world:levelTileChanged] #0 (anon_0) took 0.0ms
2026-10-01T18:06:36.546Z [EVENT world:levelTileChanged] #1 (anon_1) took 0.0ms
2026-10-01T18:06:36.546Z [EVENT world:levelTileChanged] #0 (anon_0) took 0.0ms
2026-10-01T18:06:36.546Z [EVENT world:levelTileChanged] #1 (anon_1) took 0.0ms
2026-10-01T18:06:36.547Z [EVENT world:levelTileChanged] #0 (anon_0) took 0.0ms
2026-10-01T18:06:36.547Z [EVENT world:levelTileChanged] #1 (anon_1) took 0.0ms
2026-10-01T18:06:36.547Z [EVENT world:levelTileChanged] #0 (anon_0) took 0.0ms
2026-10-01T18:06:36.547Z [EVENT world:levelTileChanged] #1 (anon_1) took 0.0ms
2026-10-01T18:06:36.548Z [EVENT world:levelTileChanged] #0 (anon_0) took 0.0ms
2026-10-01T18:06:36.548Z [EVENT world:levelTileChanged] #1 (anon_1) took 0.0ms
2026-10-01T18:06:36.548Z [EVENT world:levelTileChanged] #0 (anon_0) took 0.0ms
2026-10-01T18:06:36.548Z [EVENT world:levelTileChanged] #1 (anon_1) took 0.0ms
2026-10-01T18:06:36.548Z [EVENT world:levelTileChanged] #0 (anon_0) took 0.0ms
2026-10-01T18:06:36.549Z [EVENT world:levelTileChanged] #1 (anon_1) took 0.0ms
2026-10-01T18:06:36.549Z [EVENT world:levelTileChanged] #0 (anon_0) took 0.0ms
2026-10-01T18:06:36.549Z [EVENT world:levelTileChanged] #1 (anon_1) took 0.0ms
2026-10-01T18:06:36.550Z [EVENT world:levelTileChanged] #0 (anon_0) took 0.0ms
2026-10-01T18:06:36.550Z [EVENT world:levelTileChanged] #1 (anon_1) took 0.0ms
2026-10-01T18:06:36.550Z [EVENT world:levelTileChanged] #0 (anon_0) took 0.0ms
2026-10-01T18:06:36.550Z [EVENT world:levelTileChanged] #1 (anon_1) took 0.0ms
2026-10-01T18:06:36.550Z [EVENT world:levelTileChanged] #0 (anon_0) took 0.0ms
2026-10-01T18:06:36.551Z [EVENT world:levelTileChanged] #1 (anon_1) took 0.0ms
2026-10-01T18:06:36.551Z [EVENT world:levelTileChanged] #0 (anon_0) took 0.0ms
2026-10-01T18:06:36.551Z [EVENT world:levelTileChanged] #1 (anon_1) took 0.0ms
2026-10-01T18:06:36.551Z [EVENT world:levelTileChanged] #0 (anon_0) took 0.0ms
2026-10-01T18:06:36.551Z [EVENT world:levelTileChanged] #1 (anon_1) took 0.0ms
2026-10-01T18:06:36.552Z [EVENT world:levelTileChanged] #0 (anon_0) took 0.0ms
2026-10-01T18:06:36.552Z [EVENT world:levelTileChanged] #1 (anon_1) took 0.0ms
2026-10-01T18:06:36.552Z [EVENT world:levelTileChanged] #0 (anon_0) took 0.0ms
2026-10-01T18:06:36.552Z [EVENT world:levelTileChanged] #1 (anon_1) took 0.0ms
2026-10-01T18:06:36.552Z [EVENT world:levelTileChanged] #0 (anon_0) took 0.0ms
2026-10-01T18:06:36.553Z [EVENT world:levelTileChanged] #1 (anon_1) took 0.0ms
2026-10-01T18:06:36.553Z [EVENT world:levelTileChanged] #0 (anon_0) took 0.0ms
2026-10-01T18:06:36.553Z [EVENT world:levelTileChanged] #1 (anon_1) took 0.0ms
2026-10-01T18:06:36.553Z [EVENT world:levelTileChanged] #0 (anon_0) took 0.0ms
2026-10-01T18:06:36.553Z [EVENT world:levelTileChanged] #1 (anon_1) took 0.0ms
2026-10-01T18:06:36.554Z [EVENT world:levelTileChanged] #0 (anon_0) took 0.0ms
2026-10-01T18:06:36.554Z [EVENT world:levelTileChanged] #1 (anon_1) took 0.0ms
2026-10-01T18:06:36.554Z [EVENT world:levelTileChanged] #0 (anon_0) took 0.0ms
2026-10-01T18:06:36.554Z [EVENT world:levelTileChanged] #1 (anon_1) took 0.0ms
2026-10-01T18:06:36.555Z [EVENT world:levelTileChanged] #0 (anon_0) took 0.0ms
2026-10-01T18:06:36.555Z [EVENT world:levelTileChanged] #1 (anon_1) took 0.0ms
2026-10-01T18:06:36.555Z [EVENT world:levelTileChanged] #0 (anon_0) took 0.0ms
2026-10-01T18:06:36.555Z [EVENT world:levelTileChanged] #1 (anon_1) took 0.0ms
2026-10-01T18:06:36.555Z [EVENT world:levelTileChanged] #0 (anon_0) took 0.0ms
2026-10-01T18:06:36.555Z [EVENT world:levelTileChanged] #1 (anon_1) took 0.0ms
2026-10-01T18:06:36.556Z [EVENT world:levelTileChanged] #0 (anon_0) took 0.0ms
2026-10-01T18:06:36.556Z [EVENT world:levelTileChanged] #1 (anon_1) took 0.0ms
2026-10-01T18:06:36.556Z [EVENT world:levelTileChanged] #0 (anon_0) took 0.0ms
2026-10-01T18:06:36.556Z [EVENT world:levelTileChanged] #1 (anon_1) took 0.0ms
2026-10-01T18:06:36.556Z [EVENT world:levelTileChanged] #0 (anon_0) took 0.0ms
2026-10-01T18:06:36.557Z [EVENT world:levelTileChanged] #1 (anon_1) took 0.0ms
2026-10-01T18:06:36.557Z [EVENT world:levelTileChanged] #0 (anon_0) took 0.0ms
2026-10-01T18:06:36.557Z [EVENT world:levelTileChanged] #1 (anon_1) took 0.0ms
2026-10-01T18:06:36.557Z [EVENT world:levelTileChanged] #0 (anon_0) took 0.0ms
2026-10-01T18:06:36.557Z [EVENT world:levelTileChanged] #1 (anon_1) took 0.0ms
2026-10-01T18:06:36.558Z [EVENT world:levelTileChanged] #0 (anon_0) took 0.0ms
2026-10-01T18:06:36.558Z [EVENT world:levelTileChanged] #1 (anon_1) took 0.0ms
2026-10-01T18:06:36.558Z [EVENT world:levelTileChanged] #0 (anon_0) took 0.0ms
2026-10-01T18:06:36.558Z [EVENT world:levelTileChanged] #1 (anon_1) took 0.0ms
2026-10-01T18:06:36.558Z [EVENT world:levelTileChanged] #0 (anon_0) took 0.0ms
2026-10-01T18:06:36.559Z [EVENT world:levelTileChanged] #1 (anon_1) took 0.0ms
2026-10-01T18:06:36.559Z [EVENT world:levelTileChanged] #0 (anon_0) took 0.0ms
2026-10-01T18:06:36.559Z [EVENT world:levelTileChanged] #1 (anon_1) took 0.0ms
2026-10-01T18:06:36.559Z [EVENT world:levelTileChanged] #0 (anon_0) took 0.0ms
2026-10-01T18:06:36.559Z [EVENT world:levelTileChanged] #1 (anon_1) took 0.0ms
2026-10-01T18:06:36.560Z [EVENT world:levelTileChanged] #0 (anon_0) took 0.0ms
2026-10-01T18:06:36.560Z [EVENT world:levelTileChanged] #1 (anon_1) took 0.0ms
2026-10-01T18:06:36.560Z [EVENT world:levelTileChanged] #0 (anon_0) took 0.0ms
2026-10-01T18:06:36.560Z [EVENT world:levelTileChanged] #1 (anon_1) took 0.0ms
2026-10-01T18:06:36.560Z [EVENT world:levelTileChanged] #0 (anon_0) took 0.0ms
2026-10-01T18:06:36.561Z [EVENT world:levelTileChanged] #1 (anon_1) took 0.0ms
2026-10-01T18:06:36.561Z [EVENT world:levelTileChanged] #0 (anon_0) took 0.0ms
2026-10-01T18:06:36.561Z [EVENT world:levelTileChanged] #1 (anon_1) took 0.0ms
2026-10-01T18:06:36.561Z [EVENT world:levelTileChanged] #0 (anon_0) took 0.0ms
2026-10-01T18:06:36.561Z [EVENT world:levelTileChanged] #1 (anon_1) took 0.0ms
2026-10-01T18:06:36.562Z [EVENT world:levelTileChanged] #0 (anon_0) took 0.0ms
2026-10-01T18:06:36.562Z [EVENT world:levelTileChanged] #1 (anon_1) took 0.0ms
2026-10-01T18:06:36.562Z [EVENT world:levelTileChanged] #0 (anon_0) took 0.0ms
2026-10-01T18:06:36.562Z [EVENT world:levelTileChanged] #1 (anon_1) took 0.0ms
2026-10-01T18:06:36.562Z [EVENT world:levelTileChanged] #0 (anon_0) took 0.0ms
2026-10-01T18:06:36.562Z [EVENT world:levelTileChanged] #1 (anon_1) took 0.0ms
2026-10-01T18:06:36.563Z [EVENT world:levelTileChanged] #0 (anon_0) took 0.0ms
2026-10-01T18:06:36.563Z [EVENT world:levelTileChanged] #1 (anon_1) took 0.0ms
2026-10-01T18:06:36.563Z [EVENT world:levelTileChanged] #0 (anon_0) took 0.0ms
2026-10-01T18:06:36.563Z [EVENT world:levelTileChanged] #1 (anon_1) took 0.0ms
2026-10-01T18:06:36.563Z [EVENT world:levelTileChanged] #0 (anon_0) took 0.0ms
2026-10-01T18:06:36.564Z [EVENT world:levelTileChanged] #1 (anon_1) took 0.0ms
2026-10-01T18:06:36.564Z [EVENT world:levelTileChanged] #0 (anon_0) took 0.0ms
2026-10-01T18:06:36.564Z [EVENT world:levelTileChanged] #1 (anon_1) took 0.0ms
2026-10-01T18:06:36.564Z [EVENT world:levelTileChanged] #0 (anon_0) took 0.0ms
2026-10-01T18:06:36.564Z [EVENT world:levelTileChanged] #1 (anon_1) took 0.0ms
2026-10-01T18:06:36.565Z [EVENT world:levelTileChanged] #0 (anon_0) took 0.0ms
2026-10-01T18:06:36.565Z [EVENT world:levelTileChanged] #1 (anon_1) took 0.0ms
2026-10-01T18:06:36.565Z [EVENT world:levelTileChanged] #0 (anon_0) took 0.0ms
2026-10-01T18:06:36.565Z [EVENT world:levelTileChanged] #1 (anon_1) took 0.0ms
2026-10-01T18:06:36.566Z [EVENT world:levelTileChanged] #0 (anon_0) took 0.0ms
2026-10-01T18:06:36.566Z [EVENT world:levelTileChanged] #1 (anon_1) took 0.0ms
2026-10-01T18:06:36.566Z [EVENT world:levelTileChanged] #0 (anon_0) took 0.0ms
2026-10-01T18:06:36.566Z [EVENT world:levelTileChanged] #1 (anon_1) took 0.0ms
2026-10-01T18:06:36.566Z [EVENT world:levelTileChanged] #0 (anon_0) took 0.0ms
2026-10-01T18:06:36.567Z [EVENT world:levelTileChanged] #1 (anon_1) took 0.0ms
2026-10-01T18:06:36.567Z [EVENT world:levelTileChanged] #0 (anon_0) took 0.0ms
2026-10-01T18:06:36.567Z [EVENT world:levelTileChanged] #1 (anon_1) took 0.0ms
2026-10-01T18:06:36.567Z [EVENT world:levelTileChanged] #0 (anon_0) took 0.0ms
2026-10-01T18:06:36.567Z [EVENT world:levelTileChanged] #1 (anon_1) took 0.0ms
2026-10-01T18:06:36.568Z [EVENT world:levelTileChanged] #0 (anon_0) took 0.0ms
2026-10-01T18:06:36.568Z [EVENT world:levelTileChanged] #1 (anon_1) took 0.0ms
2026-10-01T18:06:36.568Z [EVENT world:levelTileChanged] #0 (anon_0) took 0.0ms
2026-10-01T18:06:36.568Z [EVENT world:levelTileChanged] #1 (anon_1) took 0.0ms
2026-10-01T18:06:36.568Z [EVENT world:levelTileChanged] #0 (anon_0) took 0.0ms
2026-10-01T18:06:36.568Z [EVENT world:levelTileChanged] #1 (anon_1) took 0.0ms
2026-10-01T18:06:36.569Z [EVENT world:levelTileChanged] #0 (anon_0) took 0.0ms
2026-10-01T18:06:36.569Z [EVENT world:levelTileChanged] #1 (anon_1) took 0.0ms
2026-10-01T18:06:36.569Z [EVENT world:levelTileChanged] #0 (anon_0) took 0.0ms
2026-10-01T18:06:36.569Z [EVENT world:levelTileChanged] #1 (anon_1) took 0.0ms
2026-10-01T18:06:36.569Z [EVENT world:levelTileChanged] #0 (anon_0) took 0.0ms
2026-10-01T18:06:36.570Z [EVENT world:levelTileChanged] #1 (anon_1) took 0.0ms
2026-10-01T18:06:36.570Z [EVENT world:levelTileChanged] #0 (anon_0) took 0.0ms
2026-10-01T18:06:36.570Z [EVENT world:levelTileChanged] #1 (anon_1) took 0.0ms
2026-10-01T18:06:36.570Z [EVENT world:levelTileChanged] #0 (anon_0) took 0.0ms
2026-10-01T18:06:36.570Z [EVENT world:levelTileChanged] #1 (anon_1) took 0.0ms
2026-10-01T18:06:36.570Z [EVENT world:levelTileChanged] #0 (anon_0) took 0.0ms
2026-10-01T18:06:36.571Z [EVENT world:levelTileChanged] #1 (anon_1) took 0.0ms
2026-10-01T18:06:36.571Z [EVENT world:levelTileChanged] #0 (anon_0) took 0.0ms
2026-10-01T18:06:36.571Z [EVENT world:levelTileChanged] #1 (anon_1) took 0.0ms
2026-10-01T18:06:36.571Z [EVENT world:levelTileChanged] #0 (anon_0) took 0.0ms
2026-10-01T18:06:36.571Z [EVENT world:levelTileChanged] #1 (anon_1) took 0.0ms
2026-10-01T18:06:36.572Z [EVENT world:levelTileChanged] #0 (anon_0) took 0.0ms
2026-10-01T18:06:36.572Z [EVENT world:levelTileChanged] #1 (anon_1) took 0.0ms
2026-10-01T18:06:36.572Z [EVENT world:levelTileChanged] #0 (anon_0) took 0.0ms
2026-10-01T18:06:36.573Z [EVENT world:levelTileChanged] #1 (anon_1) took 0.0ms
2026-10-01T18:06:36.573Z [EVENT world:levelTileChanged] #0 (anon_0) took 0.0ms
2026-10-01T18:06:36.573Z [EVENT world:levelTileChanged] #1 (anon_1) took 0.0ms
2026-10-01T18:06:36.574Z [EVENT world:levelTileChanged] #0 (anon_0) took 0.0ms
2026-10-01T18:06:36.574Z [EVENT world:levelTileChanged] #1 (anon_1) took 0.0ms
2026-10-01T18:06:36.574Z [EVENT world:levelTileChanged] #0 (anon_0) took 0.0ms
2026-10-01T18:06:36.574Z [EVENT world:levelTileChanged] #1 (anon_1) took 0.0ms
2026-10-01T18:06:36.575Z [EVENT world:levelTileChanged] #0 (anon_0) took 0.0ms
2026-10-01T18:06:36.575Z [EVENT world:levelTileChanged] #1 (anon_1) took 0.0ms
2026-10-01T18:06:36.575Z [EVENT world:levelTileChanged] #0 (anon_0) took 0.0ms
2026-10-01T18:06:36.575Z [EVENT world:levelTileChanged] #1 (anon_1) took 0.0ms
2026-10-01T18:06:36.575Z [EVENT world:levelTileChanged] #0 (anon_0) took 0.0ms
2026-10-01T18:06:36.576Z [EVENT world:levelTileChanged] #1 (anon_1) took 0.0ms
2026-10-01T18:06:36.576Z [EVENT world:levelTileChanged] #0 (anon_0) took 0.0ms
2026-10-01T18:06:36.576Z [EVENT world:levelTileChanged] #1 (anon_1) took 0.0ms
2026-10-01T18:06:36.576Z [EVENT world:levelTileChanged] #0 (anon_0) took 0.0ms
2026-10-01T18:06:36.576Z [EVENT world:levelTileChanged] #1 (anon_1) took 0.0ms
2026-10-01T18:06:36.577Z [EVENT world:levelTileChanged] #0 (anon_0) took 0.0ms
2026-10-01T18:06:36.577Z [EVENT world:levelTileChanged] #1 (anon_1) took 0.0ms
2026-10-01T18:06:36.577Z [EVENT world:levelTileChanged] #0 (anon_0) took 0.0ms
2026-10-01T18:06:36.577Z [EVENT world:levelTileChanged] #1 (anon_1) took 0.0ms
2026-10-01T18:06:36.577Z [EVENT world:levelTileChanged] #0 (anon_0) took 0.0ms
2026-10-01T18:06:36.577Z [EVENT world:levelTileChanged] #1 (anon_1) took 0.0ms
2026-10-01T18:06:36.578Z [EVENT world:levelTileChanged] #0 (anon_0) took 0.0ms
2026-10-01T18:06:36.578Z [EVENT world:levelTileChanged] #1 (anon_1) took 0.0ms
2026-10-01T18:06:36.578Z [EVENT world:levelTileChanged] #0 (anon_0) took 0.0ms
2026-10-01T18:06:36.578Z [EVENT world:levelTileChanged] #1 (anon_1) took 0.0ms
2026-10-01T18:06:36.579Z [EVENT world:levelTileChanged] #0 (anon_0) took 0.0ms
2026-10-01T18:06:36.579Z [EVENT world:levelTileChanged] #1 (anon_1) took 0.0ms
2026-10-01T18:06:36.579Z [EVENT world:levelTileChanged] #0 (anon_0) took 0.0ms
2026-10-01T18:06:36.579Z [EVENT world:levelTileChanged] #1 (anon_1) took 0.0ms
2026-10-01T18:06:36.579Z [EVENT world:levelTileChanged] #0 (anon_0) took 0.0ms
2026-10-01T18:06:36.580Z [EVENT world:levelTileChanged] #1 (anon_1) took 0.0ms
2026-10-01T18:06:36.580Z [EVENT world:levelTileChanged] #0 (anon_0) took 0.0ms
2026-10-01T18:06:36.580Z [EVENT world:levelTileChanged] #1 (anon_1) took 0.0ms
2026-10-01T18:06:36.580Z [EVENT world:levelTileChanged] #0 (anon_0) took 0.0ms
2026-10-01T18:06:36.580Z [EVENT world:levelTileChanged] #1 (anon_1) took 0.0ms
2026-10-01T18:06:36.581Z [EVENT world:levelTileChanged] #0 (anon_0) took 0.0ms
2026-10-01T18:06:36.581Z [EVENT world:levelTileChanged] #1 (anon_1) took 0.0ms
2026-10-01T18:06:36.581Z [EVENT world:levelTileChanged] #0 (anon_0) took 0.0ms
2026-10-01T18:06:36.581Z [EVENT world:levelTileChanged] #1 (anon_1) took 0.0ms
2026-10-01T18:06:36.581Z [EVENT world:levelTileChanged] #0 (anon_0) took 0.0ms
2026-10-01T18:06:36.582Z [EVENT world:levelTileChanged] #1 (anon_1) took 0.0ms
2026-10-01T18:06:36.582Z [EVENT world:levelTileChanged] #0 (anon_0) took 0.0ms
2026-10-01T18:06:36.582Z [EVENT world:levelTileChanged] #1 (anon_1) took 0.0ms
2026-10-01T18:06:36.582Z [EVENT world:levelTileChanged] #0 (anon_0) took 0.0ms
2026-10-01T18:06:36.582Z [EVENT world:levelTileChanged] #1 (anon_1) took 0.0ms
2026-10-01T18:06:36.583Z [EVENT world:levelTileChanged] #0 (anon_0) took 0.0ms
2026-10-01T18:06:36.583Z [EVENT world:levelTileChanged] #1 (anon_1) took 0.0ms
2026-10-01T18:06:36.583Z [EVENT world:levelTileChanged] #0 (anon_0) took 0.0ms
2026-10-01T18:06:36.583Z [EVENT world:levelTileChanged] #1 (anon_1) took 0.0ms
2026-10-01T18:06:36.583Z [EVENT world:levelTileChanged] #0 (anon_0) took 0.0ms
2026-10-01T18:06:36.584Z [EVENT world:levelTileChanged] #1 (anon_1) took 0.0ms
2026-10-01T18:06:36.584Z [EVENT world:levelTileChanged] #0 (anon_0) took 0.0ms
2026-10-01T18:06:36.584Z [EVENT world:levelTileChanged] #1 (anon_1) took 0.0ms
2026-10-01T18:06:36.584Z [EVENT world:levelTileChanged] #0 (anon_0) took 0.0ms
2026-10-01T18:06:36.585Z [EVENT world:levelTileChanged] #1 (anon_1) took 0.0ms
2026-10-01T18:06:36.585Z [EVENT world:levelTileChanged] #0 (anon_0) took 0.0ms
2026-10-01T18:06:36.585Z [EVENT world:levelTileChanged] #1 (anon_1) took 0.0ms
2026-10-01T18:06:36.585Z [EVENT world:levelTileChanged] #0 (anon_0) took 0.0ms
2026-10-01T18:06:36.586Z [EVENT world:levelTileChanged] #1 (anon_1) took 0.0ms
2026-10-01T18:06:36.586Z [EVENT world:levelTileChanged] #0 (anon_0) took 0.0ms
2026-10-01T18:06:36.586Z [EVENT world:levelTileChanged] #1 (anon_1) took 0.0ms
2026-10-01T18:06:36.586Z [EVENT world:levelTileChanged] #0 (anon_0) took 0.0ms
2026-10-01T18:06:36.586Z [EVENT world:levelTileChanged] #1 (anon_1) took 0.0ms
2026-10-01T18:06:36.587Z [EVENT world:levelTileChanged] #0 (anon_0) took 0.0ms
2026-10-01T18:06:36.587Z [EVENT world:levelTileChanged] #1 (anon_1) took 0.0ms
2026-10-01T18:06:36.587Z [EVENT world:levelTileChanged] #0 (anon_0) took 0.0ms
2026-10-01T18:06:36.587Z [EVENT world:levelTileChanged] #1 (anon_1) took 0.0ms
2026-10-01T18:06:36.587Z [EVENT world:levelTileChanged] #0 (anon_0) took 0.0ms
2026-10-01T18:06:36.588Z [EVENT world:levelTileChanged] #1 (anon_1) took 0.0ms
2026-10-01T18:06:36.588Z [EVENT world:levelTileChanged] #0 (anon_0) took 0.0ms
2026-10-01T18:06:36.588Z [EVENT world:levelTileChanged] #1 (anon_1) took 0.0ms
2026-10-01T18:06:36.588Z [EVENT world:levelTileChanged] #0 (anon_0) took 0.0ms
2026-10-01T18:06:36.589Z [EVENT world:levelTileChanged] #1 (anon_1) took 0.0ms
2026-10-01T18:06:36.589Z [EVENT world:levelTileChanged] #0 (anon_0) took 0.0ms
2026-10-01T18:06:36.589Z [EVENT world:levelTileChanged] #1 (anon_1) took 0.0ms
2026-10-01T18:06:36.589Z [EVENT world:levelTileChanged] #0 (anon_0) took 0.0ms
2026-10-01T18:06:36.589Z [EVENT world:levelTileChanged] #1 (anon_1) took 0.0ms
2026-10-01T18:06:36.590Z [EVENT world:levelTileChanged] #0 (anon_0) took 0.0ms
2026-10-01T18:06:36.590Z [EVENT world:levelTileChanged] #1 (anon_1) took 0.0ms
2026-10-01T18:06:36.590Z [EVENT world:levelTileChanged] #0 (anon_0) took 0.0ms
2026-10-01T18:06:36.590Z [EVENT world:levelTileChanged] #1 (anon_1) took 0.0ms
2026-10-01T18:06:36.590Z [EVENT world:levelTileChanged] #0 (anon_0) took 0.0ms
2026-10-01T18:06:36.591Z [EVENT world:levelTileChanged] #1 (anon_1) took 0.0ms
2026-10-01T18:06:36.591Z [EVENT world:levelTileChanged] #0 (anon_0) took 0.0ms
2026-10-01T18:06:36.591Z [EVENT world:levelTileChanged] #1 (anon_1) took 0.0ms
2026-10-01T18:06:36.591Z [EVENT world:levelTileChanged] #0 (anon_0) took 0.0ms
2026-10-01T18:06:36.591Z [EVENT world:levelTileChanged] #1 (anon_1) took 0.0ms
2026-10-01T18:06:36.592Z [EVENT world:levelTileChanged] #0 (anon_0) took 0.0ms
2026-10-01T18:06:36.592Z [EVENT world:levelTileChanged] #1 (anon_1) took 0.0ms
2026-10-01T18:06:36.592Z [EVENT world:levelTileChanged] #0 (anon_0) took 0.0ms
2026-10-01T18:06:36.592Z [EVENT world:levelTileChanged] #1 (anon_1) took 0.0ms
2026-10-01T18:06:36.593Z [EVENT world:levelTileChanged] #0 (anon_0) took 0.0ms
2026-10-01T18:06:36.593Z [EVENT world:levelTileChanged] #1 (anon_1) took 0.0ms
2026-10-01T18:06:36.593Z [EVENT world:levelTileChanged] #0 (anon_0) took 0.0ms
2026-10-01T18:06:36.593Z [EVENT world:levelTileChanged] #1 (anon_1) took 0.0ms
2026-10-01T18:06:36.594Z [EVENT world:levelTileChanged] #0 (anon_0) took 0.0ms
2026-10-01T18:06:36.594Z [EVENT world:levelTileChanged] #1 (anon_1) took 0.0ms
2026-10-01T18:06:36.594Z [EVENT world:levelTileChanged] #0 (anon_0) took 0.0ms
2026-10-01T18:06:36.594Z [EVENT world:levelTileChanged] #1 (anon_1) took 0.0ms
2026-10-01T18:06:36.594Z [EVENT world:levelTileChanged] #0 (anon_0) took 0.0ms
2026-10-01T18:06:36.595Z [EVENT world:levelTileChanged] #1 (anon_1) took 0.0ms
2026-10-01T18:06:36.595Z [EVENT world:levelTileChanged] #0 (anon_0) took 0.0ms
2026-10-01T18:06:36.595Z [EVENT world:levelTileChanged] #1 (anon_1) took 0.0ms
2026-10-01T18:06:36.595Z [EVENT world:levelTileChanged] #0 (anon_0) took 0.0ms
2026-10-01T18:06:36.596Z [EVENT world:levelTileChanged] #1 (anon_1) took 0.0ms
2026-10-01T18:06:36.596Z [EVENT world:levelTileChanged] #0 (anon_0) took 0.0ms
2026-10-01T18:06:36.596Z [EVENT world:levelTileChanged] #1 (anon_1) took 0.0ms
2026-10-01T18:06:36.596Z [EVENT world:levelTileChanged] #0 (anon_0) took 0.0ms
2026-10-01T18:06:36.596Z [EVENT world:levelTileChanged] #1 (anon_1) took 0.0ms
2026-10-01T18:06:36.596Z [EVENT world:levelTileChanged] #0 (anon_0) took 0.0ms
2026-10-01T18:06:36.597Z [EVENT world:levelTileChanged] #1 (anon_1) took 0.0ms
2026-10-01T18:06:36.597Z [EVENT world:levelTileChanged] #0 (anon_0) took 0.0ms
2026-10-01T18:06:36.597Z [EVENT world:levelTileChanged] #1 (anon_1) took 0.0ms
2026-10-01T18:06:36.597Z [EVENT world:levelTileChanged] #0 (anon_0) took 0.0ms
2026-10-01T18:06:36.597Z [EVENT world:levelTileChanged] #1 (anon_1) took 0.0ms
2026-10-01T18:06:36.598Z [EVENT world:levelTileChanged] #0 (anon_0) took 0.0ms
2026-10-01T18:06:36.598Z [EVENT world:levelTileChanged] #1 (anon_1) took 0.0ms
2026-10-01T18:06:36.598Z [EVENT world:levelTileChanged] #0 (anon_0) took 0.0ms
2026-10-01T18:06:36.598Z [EVENT world:levelTileChanged] #1 (anon_1) took 0.0ms
2026-10-01T18:06:36.598Z [EVENT world:levelTileChanged] #0 (anon_0) took 0.0ms
2026-10-01T18:06:36.599Z [EVENT world:levelTileChanged] #1 (anon_1) took 0.0ms
2026-10-01T18:06:36.599Z [EVENT world:levelTileChanged] #0 (anon_0) took 0.0ms
2026-10-01T18:06:36.599Z [EVENT world:levelTileChanged] #1 (anon_1) took 0.0ms
2026-10-01T18:06:36.599Z [EVENT world:levelTileChanged] #0 (anon_0) took 0.0ms
2026-10-01T18:06:36.599Z [EVENT world:levelTileChanged] #1 (anon_1) took 0.0ms
2026-10-01T18:06:36.599Z [EVENT world:levelTileChanged] #0 (anon_0) took 0.0ms
2026-10-01T18:06:36.600Z [EVENT world:levelTileChanged] #1 (anon_1) took 0.0ms
2026-10-01T18:06:36.600Z [EVENT world:levelTileChanged] #0 (anon_0) took 0.0ms
2026-10-01T18:06:36.600Z [EVENT world:levelTileChanged] #1 (anon_1) took 0.0ms
2026-10-01T18:06:36.600Z [EVENT world:levelTileChanged] #0 (anon_0) took 0.0ms
2026-10-01T18:06:36.600Z [EVENT world:levelTileChanged] #1 (anon_1) took 0.0ms
2026-10-01T18:06:36.601Z [EVENT world:levelTileChanged] #0 (anon_0) took 0.0ms
2026-10-01T18:06:36.601Z [EVENT world:levelTileChanged] #1 (anon_1) took 0.0ms
2026-10-01T18:06:36.601Z [EVENT world:levelTileChanged] #0 (anon_0) took 0.0ms
2026-10-01T18:06:36.601Z [EVENT world:levelTileChanged] #1 (anon_1) took 0.0ms
2026-10-01T18:06:36.601Z [EVENT world:levelTileChanged] #0 (anon_0) took 0.0ms
2026-10-01T18:06:36.601Z [EVENT world:levelTileChanged] #1 (anon_1) took 0.0ms
2026-10-01T18:06:36.602Z [EVENT world:levelTileChanged] #0 (anon_0) took 0.0ms
2026-10-01T18:06:36.602Z [EVENT world:levelTileChanged] #1 (anon_1) took 0.0ms
2026-10-01T18:06:36.602Z [EVENT world:levelTileChanged] #0 (anon_0) took 0.0ms
2026-10-01T18:06:36.602Z [EVENT world:levelTileChanged] #1 (anon_1) took 0.0ms
2026-10-01T18:06:36.602Z [EVENT world:levelTileChanged] #0 (anon_0) took 0.0ms
2026-10-01T18:06:36.603Z [EVENT world:levelTileChanged] #1 (anon_1) took 0.0ms
2026-10-01T18:06:36.603Z [EVENT world:levelTileChanged] #0 (anon_0) took 0.0ms
2026-10-01T18:06:36.603Z [EVENT world:levelTileChanged] #1 (anon_1) took 0.0ms
2026-10-01T18:06:36.603Z [EVENT world:levelTileChanged] #0 (anon_0) took 0.0ms
2026-10-01T18:06:36.604Z [EVENT world:levelTileChanged] #1 (anon_1) took 0.0ms
2026-10-01T18:06:36.604Z [EVENT world:levelTileChanged] #0 (anon_0) took 0.0ms
2026-10-01T18:06:36.604Z [EVENT world:levelTileChanged] #1 (anon_1) took 0.0ms
2026-10-01T18:06:36.604Z [EVENT world:levelTileChanged] #0 (anon_0) took 0.0ms
2026-10-01T18:06:36.605Z [EVENT world:levelTileChanged] #1 (anon_1) took 0.0ms
2026-10-01T18:06:36.605Z [EVENT world:levelTileChanged] #0 (anon_0) took 0.0ms
2026-10-01T18:06:36.605Z [EVENT world:levelTileChanged] #1 (anon_1) took 0.0ms
2026-10-01T18:06:36.606Z [EVENT world:levelTileChanged] #0 (anon_0) took 0.0ms
2026-10-01T18:06:36.606Z [EVENT world:levelTileChanged] #1 (anon_1) took 0.0ms
2026-10-01T18:06:36.606Z [EVENT world:levelTileChanged] #0 (anon_0) took 0.0ms
2026-10-01T18:06:36.606Z [EVENT world:levelTileChanged] #1 (anon_1) took 0.0ms
2026-10-01T18:06:36.607Z [EVENT world:levelTileChanged] #0 (anon_0) took 0.0ms
2026-10-01T18:06:36.607Z [EVENT world:levelTileChanged] #1 (anon_1) took 0.0ms
2026-10-01T18:06:36.607Z [EVENT world:levelTileChanged] #0 (anon_0) took 0.0ms
2026-10-01T18:06:36.607Z [EVENT world:levelTileChanged] #1 (anon_1) took 0.0ms
2026-10-01T18:06:36.607Z [EVENT world:levelTileChanged] #0 (anon_0) took 0.0ms
2026-10-01T18:06:36.608Z [EVENT world:levelTileChanged] #1 (anon_1) took 0.0ms
2026-10-01T18:06:36.608Z [EVENT world:levelTileChanged] #0 (anon_0) took 0.0ms
2026-10-01T18:06:36.608Z [EVENT world:levelTileChanged] #1 (anon_1) took 0.0ms
2026-10-01T18:06:36.608Z [EVENT world:levelTileChanged] #0 (anon_0) took 0.0ms
2026-10-01T18:06:36.608Z [EVENT world:levelTileChanged] #1 (anon_1) took 0.0ms
2026-10-01T18:06:36.609Z [EVENT world:levelTileChanged] #0 (anon_0) took 0.0ms
2026-10-01T18:06:36.609Z [EVENT world:levelTileChanged] #1 (anon_1) took 0.0ms
2026-10-01T18:06:36.609Z [EVENT world:levelTileChanged] #0 (anon_0) took 0.0ms
2026-10-01T18:06:36.609Z [EVENT world:levelTileChanged] #1 (anon_1) took 0.0ms
2026-10-01T18:06:36.610Z [EVENT world:levelTileChanged] #0 (anon_0) took 0.0ms
2026-10-01T18:06:36.610Z [EVENT world:levelTileChanged] #1 (anon_1) took 0.0ms
2026-10-01T18:06:36.610Z [EVENT world:levelTileChanged] #0 (anon_0) took 0.0ms
2026-10-01T18:06:36.610Z [EVENT world:levelTileChanged] #1 (anon_1) took 0.0ms
2026-10-01T18:06:36.610Z [EVENT world:levelTileChanged] #0 (anon_0) took 0.0ms
2026-10-01T18:06:36.610Z [EVENT world:levelTileChanged] #1 (anon_1) took 0.0ms
2026-10-01T18:06:36.611Z [EVENT world:levelTileChanged] #0 (anon_0) took 0.0ms
2026-10-01T18:06:36.611Z [EVENT world:levelTileChanged] #1 (anon_1) took 0.0ms
2026-10-01T18:06:36.611Z [EVENT world:levelTileChanged] #0 (anon_0) took 0.0ms
2026-10-01T18:06:36.611Z [EVENT world:levelTileChanged] #1 (anon_1) took 0.0ms
2026-10-01T18:06:36.611Z [EVENT world:levelTileChanged] #0 (anon_0) took 0.0ms
2026-10-01T18:06:36.611Z [EVENT world:levelTileChanged] #1 (anon_1) took 0.0ms
2026-10-01T18:06:36.612Z [EVENT world:levelTileChanged] #0 (anon_0) took 0.0ms
2026-10-01T18:06:36.612Z [EVENT world:levelTileChanged] #1 (anon_1) took 0.0ms
2026-10-01T18:06:36.612Z [EVENT world:levelTileChanged] #0 (anon_0) took 0.0ms
2026-10-01T18:06:36.612Z [EVENT world:levelTileChanged] #1 (anon_1) took 0.0ms
2026-10-01T18:06:36.613Z [EVENT world:levelTileChanged] #0 (anon_0) took 0.0ms
2026-10-01T18:06:36.613Z [EVENT world:levelTileChanged] #1 (anon_1) took 0.0ms
2026-10-01T18:06:36.613Z [EVENT world:levelTileChanged] #0 (anon_0) took 0.0ms
2026-10-01T18:06:36.613Z [EVENT world:levelTileChanged] #1 (anon_1) took 0.0ms
2026-10-01T18:06:36.613Z [EVENT world:levelTileChanged] #0 (anon_0) took 0.0ms
2026-10-01T18:06:36.614Z [EVENT world:levelTileChanged] #1 (anon_1) took 0.0ms
2026-10-01T18:06:36.614Z [EVENT world:levelTileChanged] #0 (anon_0) took 0.0ms
2026-10-01T18:06:36.614Z [EVENT world:levelTileChanged] #1 (anon_1) took 0.0ms
2026-10-01T18:06:36.614Z [EVENT world:levelTileChanged] #0 (anon_0) took 0.0ms
2026-10-01T18:06:36.614Z [EVENT world:levelTileChanged] #1 (anon_1) took 0.0ms
2026-10-01T18:06:36.615Z [EVENT world:levelTileChanged] #0 (anon_0) took 0.0ms
2026-10-01T18:06:36.615Z [EVENT world:levelTileChanged] #1 (anon_1) took 0.0ms
2026-10-01T18:06:36.615Z [EVENT world:levelTileChanged] #0 (anon_0) took 0.0ms
2026-10-01T18:06:36.615Z [EVENT world:levelTileChanged] #1 (anon_1) took 0.0ms
2026-10-01T18:06:36.615Z [EVENT world:levelTileChanged] #0 (anon_0) took 0.0ms
2026-10-01T18:06:36.616Z [EVENT world:levelTileChanged] #1 (anon_1) took 0.0ms
2026-10-01T18:06:36.616Z [EVENT world:levelTileChanged] #0 (anon_0) took 0.0ms
2026-10-01T18:06:36.616Z [EVENT world:levelTileChanged] #1 (anon_1) took 0.0ms
2026-10-01T18:06:36.616Z [EVENT world:levelTileChanged] #0 (anon_0) took 0.0ms
2026-10-01T18:06:36.616Z [EVENT world:levelTileChanged] #1 (anon_1) took 0.0ms
2026-10-01T18:06:36.617Z [EVENT world:levelTileChanged] #0 (anon_0) took 0.0ms
2026-10-01T18:06:36.617Z [EVENT world:levelTileChanged] #1 (anon_1) took 0.0ms
2026-10-01T18:06:36.617Z [EVENT world:levelTileChanged] #0 (anon_0) took 0.0ms
2026-10-01T18:06:36.617Z [EVENT world:levelTileChanged] #1 (anon_1) took 0.0ms
2026-10-01T18:06:36.617Z [EVENT world:levelTileChanged] #0 (anon_0) took 0.0ms
2026-10-01T18:06:36.618Z [EVENT world:levelTileChanged] #1 (anon_1) took 0.0ms
2026-10-01T18:06:36.618Z [EVENT world:levelTileChanged] #0 (anon_0) took 0.0ms
2026-10-01T18:06:36.618Z [EVENT world:levelTileChanged] #1 (anon_1) took 0.0ms
2026-10-01T18:06:36.618Z [EVENT world:levelTileChanged] #0 (anon_0) took 0.0ms
2026-10-01T18:06:36.618Z [EVENT world:levelTileChanged] #1 (anon_1) took 0.0ms
2026-10-01T18:06:36.619Z [EVENT world:levelTileChanged] #0 (anon_0) took 0.0ms
2026-10-01T18:06:36.619Z [EVENT world:levelTileChanged] #1 (anon_1) took 0.0ms
2026-10-01T18:06:36.619Z [EVENT world:levelTileChanged] #0 (anon_0) took 0.0ms
2026-10-01T18:06:36.619Z [EVENT world:levelTileChanged] #1 (anon_1) took 0.0ms
2026-10-01T18:06:36.620Z [EVENT world:levelTileChanged] #0 (anon_0) took 0.0ms
2026-10-01T18:06:36.620Z [EVENT world:levelTileChanged] #1 (anon_1) took 0.0ms
2026-10-01T18:06:36.620Z [EVENT world:levelTileChanged] #0 (anon_0) took 0.0ms
2026-10-01T18:06:36.620Z [EVENT world:levelTileChanged] #1 (anon_1) took 0.0ms
2026-10-01T18:06:36.621Z [EVENT world:levelTileChanged] #0 (anon_0) took 0.0ms
2026-10-01T18:06:36.621Z [EVENT world:levelTileChanged] #1 (anon_1) took 0.0ms
2026-10-01T18:06:36.621Z [EVENT world:levelTileChanged] #0 (anon_0) took 0.0ms
2026-10-01T18:06:36.622Z [EVENT world:levelTileChanged] #1 (anon_1) took 0.0ms
2026-10-01T18:06:36.622Z [EVENT world:levelTileChanged] #0 (anon_0) took 0.0ms
2026-10-01T18:06:36.622Z [EVENT world:levelTileChanged] #1 (anon_1) took 0.0ms
2026-10-01T18:06:36.622Z [EVENT world:levelTileChanged] #0 (anon_0) took 0.0ms
2026-10-01T18:06:36.623Z [EVENT world:levelTileChanged] #1 (anon_1) took 0.0ms
2026-10-01T18:06:36.623Z [EVENT world:levelTileChanged] #0 (anon_0) took 0.0ms
2026-10-01T18:06:36.623Z [EVENT world:levelTileChanged] #1 (anon_1) took 0.0ms
2026-10-01T18:06:36.623Z [EVENT world:levelTileChanged] #0 (anon_0) took 0.0ms
2026-10-01T18:06:36.623Z [EVENT world:levelTileChanged] #1 (anon_1) took 0.0ms
2026-10-01T18:06:36.624Z [EVENT world:levelTileChanged] #0 (anon_0) took 0.0ms
2026-10-01T18:06:36.624Z [EVENT world:levelTileChanged] #1 (anon_1) took 0.0ms
2026-10-01T18:06:36.624Z [EVENT world:levelTileChanged] #0 (anon_0) took 0.0ms
2026-10-01T18:06:36.624Z [EVENT world:levelTileChanged] #1 (anon_1) took 0.0ms
2026-10-01T18:06:36.625Z [EVENT world:levelTileChanged] #0 (anon_0) took 0.0ms
2026-10-01T18:06:36.625Z [EVENT world:levelTileChanged] #1 (anon_1) took 0.0ms
2026-10-01T18:06:36.625Z [EVENT world:levelTileChanged] #0 (anon_0) took 0.0ms
2026-10-01T18:06:36.625Z [EVENT world:levelTileChanged] #1 (anon_1) took 0.0ms
2026-10-01T18:06:36.625Z [EVENT world:levelTileChanged] #0 (anon_0) took 0.0ms
2026-10-01T18:06:36.625Z [EVENT world:levelTileChanged] #1 (anon_1) took 0.0ms
2026-10-01T18:06:36.626Z [EVENT world:levelTileChanged] #0 (anon_0) took 0.0ms
2026-10-01T18:06:36.626Z [EVENT world:levelTileChanged] #1 (anon_1) took 0.0ms
2026-10-01T18:06:36.626Z [EVENT world:levelTileChanged] #0 (anon_0) took 0.0ms
2026-10-01T18:06:36.626Z [EVENT world:levelTileChanged] #1 (anon_1) took 0.0ms
2026-10-01T18:06:36.627Z [EVENT world:levelTileChanged] #0 (anon_0) took 0.0ms
2026-10-01T18:06:36.627Z [EVENT world:levelTileChanged] #1 (anon_1) took 0.0ms
2026-10-01T18:06:36.627Z [EVENT world:levelTileChanged] #0 (anon_0) took 0.0ms
2026-10-01T18:06:36.627Z [EVENT world:levelTileChanged] #1 (anon_1) took 0.0ms
2026-10-01T18:06:36.627Z [EVENT world:levelTileChanged] #0 (anon_0) took 0.0ms
2026-10-01T18:06:36.628Z [EVENT world:levelTileChanged] #1 (anon_1) took 0.0ms
2026-10-01T18:06:36.628Z [EVENT world:levelTileChanged] #0 (anon_0) took 0.0ms
2026-10-01T18:06:36.628Z [EVENT world:levelTileChanged] #1 (anon_1) took 0.0ms
2026-10-01T18:06:36.628Z [EVENT world:levelTileChanged] #0 (anon_0) took 0.0ms
2026-10-01T18:06:36.629Z [EVENT world:levelTileChanged] #1 (anon_1) took 0.0ms
2026-10-01T18:06:36.629Z [EVENT world:levelTileChanged] #0 (anon_0) took 0.0ms
2026-10-01T18:06:36.629Z [EVENT world:levelTileChanged] #1 (anon_1) took 0.0ms
2026-10-01T18:06:36.630Z [EVENT world:levelTileChanged] #0 (anon_0) took 0.0ms
2026-10-01T18:06:36.630Z [EVENT world:levelTileChanged] #1 (anon_1) took 0.0ms
2026-10-01T18:06:36.630Z [EVENT world:levelTileChanged] #0 (anon_0) took 0.0ms
2026-10-01T18:06:36.630Z [EVENT world:levelTileChanged] #1 (anon_1) took 0.0ms
2026-10-01T18:06:36.630Z [EVENT world:levelTileChanged] #0 (anon_0) took 0.0ms
2026-10-01T18:06:36.631Z [EVENT world:levelTileChanged] #1 (anon_1) took 0.0ms
2026-10-01T18:06:36.631Z [EVENT world:levelTileChanged] #0 (anon_0) took 0.0ms
2026-10-01T18:06:36.631Z [EVENT world:levelTileChanged] #1 (anon_1) took 0.0ms
2026-10-01T18:06:36.631Z [EVENT world:levelTileChanged] #0 (anon_0) took 0.0ms
2026-10-01T18:06:36.631Z [EVENT world:levelTileChanged] #1 (anon_1) took 0.0ms
2026-10-01T18:06:36.631Z [EVENT world:levelTileChanged] #0 (anon_0) took 0.0ms
2026-10-01T18:06:36.632Z [EVENT world:levelTileChanged] #1 (anon_1) took 0.0ms
2026-10-01T18:06:36.632Z [EVENT world:levelTileChanged] #0 (anon_0) took 0.0ms
2026-10-01T18:06:36.632Z [EVENT world:levelTileChanged] #1 (anon_1) took 0.0ms
2026-10-01T18:06:36.632Z [EVENT world:levelTileChanged] #0 (anon_0) took 0.0ms
2026-10-01T18:06:36.632Z [EVENT world:levelTileChanged] #1 (anon_1) took 0.0ms
2026-10-01T18:06:36.633Z [EVENT world:levelTileChanged] #0 (anon_0) took 0.0ms
2026-10-01T18:06:36.633Z [EVENT world:levelTileChanged] #1 (anon_1) took 0.0ms
2026-10-01T18:06:36.633Z [EVENT world:levelTileChanged] #0 (anon_0) took 0.0ms
2026-10-01T18:06:36.633Z [EVENT world:levelTileChanged] #1 (anon_1) took 0.0ms
2026-10-01T18:06:36.633Z [EVENT world:levelTileChanged] #0 (anon_0) took 0.0ms
2026-10-01T18:06:36.634Z [EVENT world:levelTileChanged] #1 (anon_1) took 0.0ms
2026-10-01T18:06:36.634Z [EVENT world:levelTileChanged] #0 (anon_0) took 0.0ms
2026-10-01T18:06:36.634Z [EVENT world:levelTileChanged] #1 (anon_1) took 0.0ms
2026-10-01T18:06:36.634Z [EVENT world:levelTileChanged] #0 (anon_0) took 0.0ms
2026-10-01T18:06:36.635Z [EVENT world:levelTileChanged] #1 (anon_1) took 0.0ms
2026-10-01T18:06:36.635Z [EVENT world:levelTileChanged] #0 (anon_0) took 0.0ms
2026-10-01T18:06:36.635Z [EVENT world:levelTileChanged] #1 (anon_1) took 0.0ms
2026-10-01T18:06:36.636Z [EVENT world:levelTileChanged] #0 (anon_0) took 0.0ms
2026-10-01T18:06:36.636Z [EVENT world:levelTileChanged] #1 (anon_1) took 0.0ms
2026-10-01T18:06:36.636Z [EVENT world:levelTileChanged] #0 (anon_0) took 0.0ms
2026-10-01T18:06:36.636Z [EVENT world:levelTileChanged] #1 (anon_1) took 0.0ms
2026-10-01T18:06:36.636Z [EVENT world:levelTileChanged] #0 (anon_0) took 0.0ms
2026-10-01T18:06:36.637Z [EVENT world:levelTileChanged] #1 (anon_1) took 0.0ms
2026-10-01T18:06:36.637Z [EVENT world:levelTileChanged] #0 (anon_0) took 0.0ms
2026-10-01T18:06:36.637Z [EVENT world:levelTileChanged] #1 (anon_1) took 0.0ms
2026-10-01T18:06:36.637Z [EVENT world:levelTileChanged] #0 (anon_0) took 0.0ms
2026-10-01T18:06:36.637Z [EVENT world:levelTileChanged] #1 (anon_1) took 0.0ms
2026-10-01T18:06:36.638Z [EVENT world:levelTileChanged] #0 (anon_0) took 0.0ms
2026-10-01T18:06:36.638Z [EVENT world:levelTileChanged] #1 (anon_1) took 0.0ms
2026-10-01T18:06:36.638Z [EVENT world:levelTileChanged] #0 (anon_0) took 0.0ms
2026-10-01T18:06:36.638Z [EVENT world:levelTileChanged] #1 (anon_1) took 0.0ms
2026-10-01T18:06:36.638Z [EVENT world:levelTileChanged] #0 (anon_0) took 0.0ms
2026-10-01T18:06:36.638Z [EVENT world:levelTileChanged] #1 (anon_1) took 0.0ms
2026-10-01T18:06:36.639Z [EVENT world:levelTileChanged] #0 (anon_0) took 0.0ms
2026-10-01T18:06:36.639Z [EVENT world:levelTileChanged] #1 (anon_1) took 0.0ms
2026-10-01T18:06:36.639Z [EVENT world:levelTileChanged] #0 (anon_0) took 0.0ms
2026-10-01T18:06:36.639Z [EVENT world:levelTileChanged] #1 (anon_1) took 0.0ms
2026-10-01T18:06:36.639Z [EVENT world:levelTileChanged] #0 (anon_0) took 0.0ms
2026-10-01T18:06:36.640Z [EVENT world:levelTileChanged] #1 (anon_1) took 0.0ms
2026-10-01T18:06:36.640Z [EVENT world:levelTileChanged] #0 (anon_0) took 0.0ms
2026-10-01T18:06:36.640Z [EVENT world:levelTileChanged] #1 (anon_1) took 0.0ms
2026-10-01T18:06:36.640Z [EVENT world:levelTileChanged] #0 (anon_0) took 0.0ms
2026-10-01T18:06:36.641Z [EVENT world:levelTileChanged] #1 (anon_1) took 0.0ms
2026-10-01T18:06:36.641Z [EVENT world:levelTileChanged] #0 (anon_0) took 0.0ms
2026-10-01T18:06:36.641Z [EVENT world:levelTileChanged] #1 (anon_1) took 0.0ms
2026-10-01T18:06:36.641Z [EVENT world:levelTileChanged] #0 (anon_0) took 0.0ms
2026-10-01T18:06:36.642Z [EVENT world:levelTileChanged] #1 (anon_1) took 0.0ms
2026-10-01T18:06:36.642Z [EVENT world:levelTileChanged] #0 (anon_0) took 0.0ms
2026-10-01T18:06:36.642Z [EVENT world:levelTileChanged] #1 (anon_1) took 0.0ms
2026-10-01T18:06:36.642Z [EVENT world:levelTileChanged] #0 (anon_0) took 0.0ms
2026-10-01T18:06:36.642Z [EVENT world:levelTileChanged] #1 (anon_1) took 0.0ms
2026-10-01T18:06:36.643Z [EVENT world:levelTileChanged] #0 (anon_0) took 0.0ms
2026-10-01T18:06:36.643Z [EVENT world:levelTileChanged] #1 (anon_1) took 0.0ms
2026-10-01T18:06:36.643Z [EVENT world:levelTileChanged] #0 (anon_0) took 0.0ms
2026-10-01T18:06:36.643Z [EVENT world:levelTileChanged] #1 (anon_1) took 0.0ms
2026-10-01T18:06:36.643Z [EVENT world:levelTileChanged] #0 (anon_0) took 0.0ms
2026-10-01T18:06:36.644Z [EVENT world:levelTileChanged] #1 (anon_1) took 0.0ms
2026-10-01T18:06:36.644Z [EVENT world:levelTileChanged] #0 (anon_0) took 0.0ms
2026-10-01T18:06:36.644Z [EVENT world:levelTileChanged] #1 (anon_1) took 0.0ms
2026-10-01T18:06:36.644Z [EVENT world:levelTileChanged] #0 (anon_0) took 0.0ms
2026-10-01T18:06:36.645Z [EVENT world:levelTileChanged] #1 (anon_1) took 0.0ms
2026-10-01T18:06:36.645Z [EVENT world:levelTileChanged] #0 (anon_0) took 0.0ms
2026-10-01T18:06:36.645Z [EVENT world:levelTileChanged] #1 (anon_1) took 0.0ms
2026-10-01T18:06:36.645Z [EVENT world:levelTileChanged] #0 (anon_0) took 0.0ms
2026-10-01T18:06:36.645Z [EVENT world:levelTileChanged] #1 (anon_1) took 0.0ms
2026-10-01T18:06:36.646Z [EVENT world:levelTileChanged] #0 (anon_0) took 0.0ms
2026-10-01T18:06:36.646Z [EVENT world:levelTileChanged] #1 (anon_1) took 0.0ms
2026-10-01T18:06:36.646Z [EVENT world:levelTileChanged] #0 (anon_0) took 0.0ms
2026-10-01T18:06:36.646Z [EVENT world:levelTileChanged] #1 (anon_1) took 0.0ms
2026-10-01T18:06:36.646Z [EVENT world:levelTileChanged] #0 (anon_0) took 0.0ms
2026-10-01T18:06:36.647Z [EVENT world:levelTileChanged] #1 (anon_1) took 0.0ms
2026-10-01T18:06:36.647Z [EVENT world:levelTileChanged] #0 (anon_0) took 0.0ms
2026-10-01T18:06:36.647Z [EVENT world:levelTileChanged] #1 (anon_1) took 0.0ms
2026-10-01T18:06:36.647Z [EVENT world:levelTileChanged] #0 (anon_0) took 0.0ms
2026-10-01T18:06:36.647Z [EVENT world:levelTileChanged] #1 (anon_1) took 0.0ms
2026-10-01T18:06:36.648Z [EVENT world:levelTileChanged] #0 (anon_0) took 0.0ms
2026-10-01T18:06:36.648Z [EVENT world:levelTileChanged] #1 (anon_1) took 0.0ms
2026-10-01T18:06:36.648Z [EVENT world:levelTileChanged] #0 (anon_0) took 0.0ms
2026-10-01T18:06:36.648Z [EVENT world:levelTileChanged] #1 (anon_1) took 0.0ms
2026-10-01T18:06:36.649Z [EVENT world:levelTileChanged] #0 (anon_0) took 0.0ms
2026-10-01T18:06:36.649Z [EVENT world:levelTileChanged] #1 (anon_1) took 0.0ms
2026-10-01T18:06:36.649Z [EVENT world:levelTileChanged] #0 (anon_0) took 0.0ms
2026-10-01T18:06:36.649Z [EVENT world:levelTileChanged] #1 (anon_1) took 0.0ms
2026-10-01T18:06:36.649Z [EVENT world:levelTileChanged] #0 (anon_0) took 0.0ms
2026-10-01T18:06:36.650Z [EVENT world:levelTileChanged] #1 (anon_1) took 0.0ms
2026-10-01T18:06:36.650Z [EVENT world:levelTileChanged] #0 (anon_0) took 0.0ms
2026-10-01T18:06:36.650Z [EVENT world:levelTileChanged] #1 (anon_1) took 0.0ms
2026-10-01T18:06:36.650Z [EVENT world:levelTileChanged] #0 (anon_0) took 0.0ms
2026-10-01T18:06:36.650Z [EVENT world:levelTileChanged] #1 (anon_1) took 0.0ms
2026-10-01T18:06:36.651Z [EVENT world:levelTileChanged] #0 (anon_0) took 0.0ms
2026-10-01T18:06:36.651Z [EVENT world:levelTileChanged] #1 (anon_1) took 0.0ms
2026-10-01T18:06:36.651Z [EVENT world:levelTileChanged] #0 (anon_0) took 0.0ms
2026-10-01T18:06:36.652Z [EVENT world:levelTileChanged] #1 (anon_1) took 0.0ms
2026-10-01T18:06:36.652Z [EVENT world:levelTileChanged] #0 (anon_0) took 0.0ms
2026-10-01T18:06:36.652Z [EVENT world:levelTileChanged] #1 (anon_1) took 0.0ms
2026-10-01T18:06:36.652Z [EVENT world:levelTileChanged] #0 (anon_0) took 0.0ms
2026-10-01T18:06:36.653Z [EVENT world:levelTileChanged] #1 (anon_1) took 0.0ms
2026-10-01T18:06:36.653Z [EVENT world:levelTileChanged] #0 (anon_0) took 0.0ms
2026-10-01T18:06:36.653Z [EVENT world:levelTileChanged] #1 (anon_1) took 0.0ms
2026-10-01T18:06:36.654Z [EVENT world:levelTileChanged] #0 (anon_0) took 0.0ms
2026-10-01T18:06:36.654Z [EVENT world:levelTileChanged] #1 (anon_1) took 0.0ms
2026-10-01T18:06:36.654Z [EVENT world:levelTileChanged] #0 (anon_0) took 0.0ms
2026-10-01T18:06:36.654Z [EVENT world:levelTileChanged] #1 (anon_1) took 0.0ms
2026-10-01T18:06:36.654Z [EVENT world:levelTileChanged] #0 (anon_0) took 0.0ms
2026-10-01T18:06:36.655Z [EVENT world:levelTileChanged] #1 (anon_1) took 0.0ms
2026-10-01T18:06:36.655Z [EVENT world:levelTileChanged] #0 (anon_0) took 0.0ms
2026-10-01T18:06:36.655Z [EVENT world:levelTileChanged] #1 (anon_1) took 0.0ms
2026-10-01T18:06:36.655Z [EVENT world:levelTileChanged] #0 (anon_0) took 0.0ms
2026-10-01T18:06:36.655Z [EVENT world:levelTileChanged] #1 (anon_1) took 0.0ms
2026-10-01T18:06:36.656Z [EVENT world:levelTileChanged] #0 (anon_0) took 0.0ms
2026-10-01T18:06:36.656Z [EVENT world:levelTileChanged] #1 (anon_1) took 0.0ms
2026-10-01T18:06:36.656Z [EVENT world:levelTileChanged] #0 (anon_0) took 0.0ms
2026-10-01T18:06:36.656Z [EVENT world:levelTileChanged] #1 (anon_1) took 0.0ms
2026-10-01T18:06:36.657Z [EVENT world:levelTileChanged] #0 (anon_0) took 0.0ms
2026-10-01T18:06:36.657Z [EVENT world:levelTileChanged] #1 (anon_1) took 0.0ms
2026-10-01T18:06:36.657Z [EVENT world:levelTileChanged] #0 (anon_0) took 0.0ms
2026-10-01T18:06:36.657Z [EVENT world:levelTileChanged] #1 (anon_1) took 0.0ms
2026-10-01T18:06:36.658Z [EVENT world:levelTileChanged] #0 (anon_0) took 0.0ms
2026-10-01T18:06:36.658Z [EVENT world:levelTileChanged] #1 (anon_1) took 0.0ms
2026-10-01T18:06:36.658Z [EVENT world:levelTileChanged] #0 (anon_0) took 0.0ms
2026-10-01T18:06:36.658Z [EVENT world:levelTileChanged] #1 (anon_1) took 0.0ms
2026-10-01T18:06:36.659Z [EVENT world:levelTileChanged] #0 (anon_0) took 0.0ms
2026-10-01T18:06:36.659Z [EVENT world:levelTileChanged] #1 (anon_1) took 0.0ms
2026-10-01T18:06:36.659Z [EVENT world:levelTileChanged] #0 (anon_0) took 0.0ms
2026-10-01T18:06:36.659Z [EVENT world:levelTileChanged] #1 (anon_1) took 0.0ms
2026-10-01T18:06:36.660Z [EVENT world:levelTileChanged] #0 (anon_0) took 0.0ms
2026-10-01T18:06:36.660Z [EVENT world:levelTileChanged] #1 (anon_1) took 0.0ms
2026-10-01T18:06:36.660Z [EVENT world:levelTileChanged] #0 (anon_0) took 0.0ms
2026-10-01T18:06:36.660Z [EVENT world:levelTileChanged] #1 (anon_1) took 0.0ms
2026-10-01T18:06:36.660Z [EVENT world:levelTileChanged] #0 (anon_0) took 0.0ms
2026-10-01T18:06:36.661Z [EVENT world:levelTileChanged] #1 (anon_1) took 0.0ms
2026-10-01T18:06:36.661Z [EVENT world:levelTileChanged] #0 (anon_0) took 0.0ms
2026-10-01T18:06:36.661Z [EVENT world:levelTileChanged] #1 (anon_1) took 0.0ms
2026-10-01T18:06:36.661Z [EVENT world:levelTileChanged] #0 (anon_0) took 0.0ms
2026-10-01T18:06:36.661Z [EVENT world:levelTileChanged] #1 (anon_1) took 0.0ms
2026-10-01T18:06:36.662Z [EVENT world:levelTileChanged] #0 (anon_0) took 0.0ms
2026-10-01T18:06:36.662Z [EVENT world:levelTileChanged] #1 (anon_1) took 0.0ms
2026-10-01T18:06:36.662Z [EVENT world:levelTileChanged] #0 (anon_0) took 0.0ms
2026-10-01T18:06:36.662Z [EVENT world:levelTileChanged] #1 (anon_1) took 0.0ms
2026-10-01T18:06:36.662Z [EVENT world:levelTileChanged] #0 (anon_0) took 0.0ms
2026-10-01T18:06:36.662Z [EVENT world:levelTileChanged] #1 (anon_1) took 0.0ms
2026-10-01T18:06:36.663Z [EVENT world:levelTileChanged] #0 (anon_0) took 0.0ms
2026-10-01T18:06:36.663Z [EVENT world:levelTileChanged] #1 (anon_1) took 0.0ms
2026-10-01T18:06:36.663Z [EVENT world:levelTileChanged] #0 (anon_0) took 0.0ms
2026-10-01T18:06:36.663Z [EVENT world:levelTileChanged] #1 (anon_1) took 0.0ms
2026-10-01T18:06:36.663Z [EVENT world:levelTileChanged] #0 (anon_0) took 0.0ms
2026-10-01T18:06:36.663Z [EVENT world:levelTileChanged] #1 (anon_1) took 0.0ms
2026-10-01T18:06:36.664Z [EVENT world:levelTileChanged] #0 (anon_0) took 0.0ms
2026-10-01T18:06:36.664Z [EVENT world:levelTileChanged] #1 (anon_1) took 0.0ms
2026-10-01T18:06:36.664Z [EVENT world:levelTileChanged] #0 (anon_0) took 0.0ms
2026-10-01T18:06:36.664Z [EVENT world:levelTileChanged] #1 (anon_1) took 0.0ms
2026-10-01T18:06:36.664Z [EVENT world:levelTileChanged] #0 (anon_0) took 0.0ms
2026-10-01T18:06:36.665Z [EVENT world:levelTileChanged] #1 (anon_1) took 0.0ms
2026-10-01T18:06:36.665Z [EVENT world:levelTileChanged] #0 (anon_0) took 0.0ms
2026-10-01T18:06:36.665Z [EVENT world:levelTileChanged] #1 (anon_1) took 0.0ms
2026-10-01T18:06:36.665Z [EVENT world:levelTileChanged] #0 (anon_0) took 0.0ms
2026-10-01T18:06:36.666Z [EVENT world:levelTileChanged] #1 (anon_1) took 0.0ms
2026-10-01T18:06:36.666Z [EVENT world:levelTileChanged] #0 (anon_0) took 0.0ms
2026-10-01T18:06:36.666Z [EVENT world:levelTileChanged] #1 (anon_1) took 0.0ms
2026-10-01T18:06:36.666Z [EVENT world:levelTileChanged] #0 (anon_0) took 0.0ms
2026-10-01T18:06:36.667Z [EVENT world:levelTileChanged] #1 (anon_1) took 0.0ms
2026-10-01T18:06:36.667Z [EVENT world:levelTileChanged] #0 (anon_0) took 0.0ms
2026-10-01T18:06:36.667Z [EVENT world:levelTileChanged] #1 (anon_1) took 0.0ms
2026-10-01T18:06:36.667Z [EVENT world:levelTileChanged] #0 (anon_0) took 0.0ms
2026-10-01T18:06:36.667Z [EVENT world:levelTileChanged] #1 (anon_1) took 0.0ms
2026-10-01T18:06:36.667Z [EVENT world:levelTileChanged] #0 (anon_0) took 0.0ms
2026-10-01T18:06:36.668Z [EVENT world:levelTileChanged] #1 (anon_1) took 0.0ms
2026-10-01T18:06:36.668Z [EVENT world:levelTileChanged] #0 (anon_0) took 0.0ms
2026-10-01T18:06:36.668Z [EVENT world:levelTileChanged] #1 (anon_1) took 0.0ms
2026-10-01T18:06:36.668Z [EVENT world:levelTileChanged] #0 (anon_0) took 0.0ms
2026-10-01T18:06:36.669Z [EVENT world:levelTileChanged] #1 (anon_1) took 0.0ms
2026-10-01T18:06:36.669Z [EVENT world:levelTileChanged] #0 (anon_0) took 0.0ms
2026-10-01T18:06:36.669Z [EVENT world:levelTileChanged] #1 (anon_1) took 0.0ms
2026-10-01T18:06:36.669Z [EVENT world:levelTileChanged] #0 (anon_0) took 0.0ms
2026-10-01T18:06:36.669Z [EVENT world:levelTileChanged] #1 (anon_1) took 0.0ms
2026-10-01T18:06:36.670Z [EVENT world:levelTileChanged] #0 (anon_0) took 0.0ms
2026-10-01T18:06:36.670Z [EVENT world:levelTileChanged] #1 (anon_1) took 0.0ms
2026-10-01T18:06:36.670Z [EVENT world:levelTileChanged] #0 (anon_0) took 0.0ms
2026-10-01T18:06:36.670Z [EVENT world:levelTileChanged] #1 (anon_1) took 0.0ms
2026-10-01T18:06:36.670Z [EVENT world:levelTileChanged] #0 (anon_0) took 0.0ms
2026-10-01T18:06:36.671Z [EVENT world:levelTileChanged] #1 (anon_1) took 0.0ms
2026-10-01T18:06:36.671Z [EVENT world:levelTileChanged] #0 (anon_0) took 0.0ms
2026-10-01T18:06:36.671Z [EVENT world:levelTileChanged] #1 (anon_1) took 0.0ms
2026-10-01T18:06:36.671Z [EVENT world:levelTileChanged] #0 (anon_0) took 0.0ms
2026-10-01T18:06:36.671Z [EVENT world:levelTileChanged] #1 (anon_1) took 0.0ms
2026-10-01T18:06:36.672Z [EVENT world:levelTileChanged] #0 (anon_0) took 0.0ms
2026-10-01T18:06:36.672Z [EVENT world:levelTileChanged] #1 (anon_1) took 0.0ms
2026-10-01T18:06:36.672Z [EVENT world:levelTileChanged] #0 (anon_0) took 0.0ms
2026-10-01T18:06:36.672Z [EVENT world:levelTileChanged] #1 (anon_1) took 0.0ms
2026-10-01T18:06:36.672Z [EVENT world:levelTileChanged] #0 (anon_0) took 0.0ms
2026-10-01T18:06:36.672Z [EVENT world:levelTileChanged] #1 (anon_1) took 0.0ms
2026-10-01T18:06:36.673Z [EVENT world:levelTileChanged] #0 (anon_0) took 0.0ms
2026-10-01T18:06:36.673Z [EVENT world:levelTileChanged] #1 (anon_1) took 0.0ms
2026-10-01T18:06:36.673Z [EVENT world:levelTileChanged] #0 (anon_0) took 0.0ms
2026-10-01T18:06:36.673Z [EVENT world:levelTileChanged] #1 (anon_1) took 0.0ms
2026-10-01T18:06:36.673Z [EVENT world:levelTileChanged] #0 (anon_0) took 0.0ms
2026-10-01T18:06:36.674Z [EVENT world:levelTileChanged] #1 (anon_1) took 0.0ms
2026-10-01T18:06:36.674Z [EVENT world:levelTileChanged] #0 (anon_0) took 0.0ms
2026-10-01T18:06:36.674Z [EVENT world:levelTileChanged] #1 (anon_1) took 0.0ms
2026-10-01T18:06:36.674Z [EVENT world:levelTileChanged] #0 (anon_0) took 0.0ms
2026-10-01T18:06:36.674Z [EVENT world:levelTileChanged] #1 (anon_1) took 0.0ms
2026-10-01T18:06:36.675Z [EVENT world:levelTileChanged] #0 (anon_0) took 0.0ms
2026-10-01T18:06:36.675Z [EVENT world:levelTileChanged] #1 (anon_1) took 0.0ms
2026-10-01T18:06:36.675Z [EVENT world:levelTileChanged] #0 (anon_0) took 0.0ms
2026-10-01T18:06:36.675Z [EVENT world:levelTileChanged] #1 (anon_1) took 0.0ms
2026-10-01T18:06:36.675Z [EVENT world:levelTileChanged] #0 (anon_0) took 0.0ms
2026-10-01T18:06:36.675Z [EVENT world:levelTileChanged] #1 (anon_1) took 0.0ms
2026-10-01T18:06:36.676Z [EVENT world:levelTileChanged] #0 (anon_0) took 0.0ms
2026-10-01T18:06:36.676Z [EVENT world:levelTileChanged] #1 (anon_1) took 0.0ms
2026-10-01T18:06:36.676Z [EVENT world:levelTileChanged] #0 (anon_0) took 0.0ms
2026-10-01T18:06:36.676Z [EVENT world:levelTileChanged] #1 (anon_1) took 0.0ms
2026-10-01T18:06:36.677Z [EVENT world:levelTileChanged] #0 (anon_0) took 0.0ms
2026-10-01T18:06:36.677Z [EVENT world:levelTileChanged] #1 (anon_1) took 0.0ms
2026-10-01T18:06:36.677Z [EVENT world:levelTileChanged] #0 (anon_0) took 0.0ms
2026-10-01T18:06:36.677Z [EVENT world:levelTileChanged] #1 (anon_1) took 0.0ms
2026-10-01T18:06:36.678Z [EVENT world:levelTileChanged] #0 (anon_0) took 0.0ms
2026-10-01T18:06:36.678Z [EVENT world:levelTileChanged] #1 (anon_1) took 0.0ms
2026-10-01T18:06:36.678Z [EVENT world:levelTileChanged] #0 (anon_0) took 0.0ms
2026-10-01T18:06:36.678Z [EVENT world:levelTileChanged] #1 (anon_1) took 0.0ms
2026-10-01T18:06:36.679Z [EVENT world:levelTileChanged] #0 (anon_0) took 0.0ms
2026-10-01T18:06:36.679Z [EVENT world:levelTileChanged] #1 (anon_1) took 0.0ms
2026-10-01T18:06:37.058Z [EVENT world:unitMoved] #0 (anon_0) took 0.1ms
2026-10-01T18:06:37.059Z [EVENT world:unitMoved] #1 (anon_1) took 0.2ms
2026-10-01T18:06:37.059Z [EVENT world:unitMoved] #2 (anon_2) took 0.2ms
2026-10-01T18:06:37.059Z [EVENT world:unitMoved] #3 (anon_3) took 0.0ms
2026-10-01T18:06:37.060Z [EVENT world:unitMoved] #0 (anon_0) took 0.0ms
2026-10-01T18:06:37.060Z [EVENT world:unitMoved] #1 (anon_1) took 0.0ms
2026-10-01T18:06:37.060Z [EVENT world:unitMoved] #2 (anon_2) took 0.0ms
2026-10-01T18:06:37.060Z [EVENT world:unitMoved] #3 (anon_3) took 0.0ms
2026-10-01T18:06:37.060Z [EVENT world:unitMoved] #0 (anon_0) took 0.0ms
2026-10-01T18:06:37.060Z [EVENT world:unitMoved] #1 (anon_1) took 0.0ms
2026-10-01T18:06:37.061Z [EVENT world:unitMoved] #2 (anon_2) took 0.0ms
2026-10-01T18:06:37.061Z [EVENT world:unitMoved] #3 (anon_3) took 0.0ms
2026-10-01T18:06:37.061Z [EVENT world:unitMoved] #0 (anon_0) took 0.0ms
2026-10-01T18:06:37.061Z [EVENT world:unitMoved] #1 (anon_1) took 0.0ms
2026-10-01T18:06:37.061Z [EVENT world:unitMoved] #2 (anon_2) took 0.0ms
2026-10-01T18:06:37.061Z [EVENT world:unitMoved] #3 (anon_3) took 0.0ms
2026-10-01T18:06:37.580Z [EVENT world:unitMoved] #0 (anon_0) took 0.0ms
2026-10-01T18:06:37.580Z [EVENT world:unitMoved] #1 (anon_1) took 0.0ms
2026-10-01T18:06:37.580Z [EVENT world:unitMoved] #2 (anon_2) took 0.0ms
2026-10-01T18:06:37.581Z [EVENT world:unitMoved] #3 (anon_3) took 0.0ms
2026-10-01T18:06:37.581Z [EVENT world:unitMoved] #0 (anon_0) took 0.0ms
2026-10-01T18:06:37.581Z [EVENT world:unitMoved] #1 (anon_1) took 0.0ms
2026-10-01T18:06:37.581Z [EVENT world:unitMoved] #2 (anon_2) took 0.0ms
2026-10-01T18:06:37.581Z [EVENT world:unitMoved] #3 (anon_3) took 0.0ms
2026-10-01T18:06:37.581Z [EVENT world:unitMoved] #0 (anon_0) took 0.0ms
2026-10-01T18:06:37.581Z [EVENT world:unitMoved] #1 (anon_1) took 0.0ms
2026-10-01T18:06:37.582Z [EVENT world:unitMoved] #2 (anon_2) took 0.0ms
2026-10-01T18:06:37.582Z [EVENT world:unitMoved] #3 (anon_3) took 0.0ms
2026-10-01T18:06:37.582Z [EVENT world:unitMoved] #0 (anon_0) took 0.0ms
2026-10-01T18:06:37.582Z [EVENT world:unitMoved] #1 (anon_1) took 0.0ms
2026-10-01T18:06:37.582Z [EVENT world:unitMoved] #2 (anon_2) took 0.0ms
2026-10-01T18:06:37.582Z [EVENT world:unitMoved] #3 (anon_3) took 0.0ms
2026-10-01T18:06:37.699Z [EVENT world:objectChanged] #0 (anon_0) took 0.0ms
2026-10-01T18:06:37.700Z [EVENT world:objectChanged] #1 (onObjectChanged) took 0.0ms
2026-10-01T18:06:37.889Z [SCENE_MAP UPDATE] Frame: 60, Clock: 08:05
2026-10-01T18:06:38.108Z [EVENT world:unitMoved] #0 (anon_0) took 0.0ms
2026-10-01T18:06:38.108Z [EVENT world:unitMoved] #1 (anon_1) took 0.0ms
2026-10-01T18:06:38.108Z [EVENT world:unitMoved] #2 (anon_2) took 0.1ms
2026-10-01T18:06:38.108Z [EVENT world:unitMoved] #3 (anon_3) took 0.0ms
2026-10-01T18:06:38.109Z [EVENT world:unitMoved] #0 (anon_0) took 0.0ms
2026-10-01T18:06:38.109Z [EVENT world:unitMoved] #1 (anon_1) took 0.0ms
2026-10-01T18:06:38.109Z [EVENT world:unitMoved] #2 (anon_2) took 0.0ms
2026-10-01T18:06:38.109Z [EVENT world:unitMoved] #3 (anon_3) took 0.0ms
2026-10-01T18:06:38.109Z [EVENT world:unitMoved] #0 (anon_0) took 0.0ms
2026-10-01T18:06:38.109Z [EVENT world:unitMoved] #1 (anon_1) took 0.0ms
2026-10-01T18:06:38.109Z [EVENT world:unitMoved] #2 (anon_2) took 0.0ms
2026-10-01T18:06:38.110Z [EVENT world:unitMoved] #3 (anon_3) took 0.0ms
2026-10-01T18:06:38.110Z [EVENT world:unitMoved] #0 (anon_0) took 0.0ms
2026-10-01T18:06:38.110Z [EVENT world:unitMoved] #1 (anon_1) took 0.0ms
2026-10-01T18:06:38.110Z [EVENT world:unitMoved] #2 (anon_2) took 0.0ms
2026-10-01T18:06:38.110Z [EVENT world:unitMoved] #3 (anon_3) took 0.0ms
2026-10-01T18:06:38.250Z [SIM] UF.Sim.require("ledger") resolved C:\Users\snewt\AppData\Local\Temp\wg0044-nw-n8AiKH\game\js\sim\ledger.js
2026-10-01T18:06:38.861Z [EVENT world:unitMoved] #0 (anon_0) took 0.0ms
2026-10-01T18:06:38.861Z [EVENT world:unitMoved] #1 (anon_1) took 0.0ms
2026-10-01T18:06:38.861Z [EVENT world:unitMoved] #2 (anon_2) took 0.0ms
2026-10-01T18:06:38.861Z [EVENT world:unitMoved] #3 (anon_3) took 0.0ms
2026-10-01T18:06:38.861Z [EVENT world:unitMoved] #0 (anon_0) took 0.0ms
2026-10-01T18:06:38.862Z [EVENT world:unitMoved] #1 (anon_1) took 0.0ms
2026-10-01T18:06:38.862Z [EVENT world:unitMoved] #2 (anon_2) took 0.0ms
2026-10-01T18:06:38.862Z [EVENT world:unitMoved] #3 (anon_3) took 0.0ms
2026-10-01T18:06:38.862Z [EVENT world:unitMoved] #0 (anon_0) took 0.0ms
2026-10-01T18:06:38.862Z [EVENT world:unitMoved] #1 (anon_1) took 0.0ms
2026-10-01T18:06:38.862Z [EVENT world:unitMoved] #2 (anon_2) took 0.0ms
2026-10-01T18:06:38.862Z [EVENT world:unitMoved] #3 (anon_3) took 0.0ms
2026-10-01T18:06:38.863Z [EVENT world:unitMoved] #0 (anon_0) took 0.0ms
2026-10-01T18:06:38.863Z [EVENT world:unitMoved] #1 (anon_1) took 0.0ms
2026-10-01T18:06:38.863Z [EVENT world:unitMoved] #2 (anon_2) took 0.0ms
2026-10-01T18:06:38.863Z [EVENT world:unitMoved] #3 (anon_3) took 0.0ms
2026-10-01T18:06:39.048Z [EVENT world:unitMoved] #0 (anon_0) took 0.0ms
2026-10-01T18:06:39.048Z [EVENT world:unitMoved] #1 (anon_1) took 0.0ms
2026-10-01T18:06:39.048Z [EVENT world:unitMoved] #2 (anon_2) took 0.0ms
2026-10-01T18:06:39.048Z [EVENT world:unitMoved] #3 (anon_3) took 0.0ms
2026-10-01T18:06:39.049Z [EVENT world:unitMoved] #0 (anon_0) took 0.0ms
2026-10-01T18:06:39.049Z [EVENT world:unitMoved] #1 (anon_1) took 0.0ms
2026-10-01T18:06:39.049Z [EVENT world:unitMoved] #2 (anon_2) took 0.0ms
2026-10-01T18:06:39.049Z [EVENT world:unitMoved] #3 (anon_3) took 0.0ms
2026-10-01T18:06:39.049Z [EVENT world:unitMoved] #0 (anon_0) took 0.0ms
2026-10-01T18:06:39.049Z [EVENT world:unitMoved] #1 (anon_1) took 0.0ms
2026-10-01T18:06:39.050Z [EVENT world:unitMoved] #2 (anon_2) took 0.0ms
2026-10-01T18:06:39.050Z [EVENT world:unitMoved] #3 (anon_3) took 0.0ms
2026-10-01T18:06:39.050Z [EVENT world:unitMoved] #0 (anon_0) took 0.0ms
2026-10-01T18:06:39.050Z [EVENT world:unitMoved] #1 (anon_1) took 0.0ms
2026-10-01T18:06:39.050Z [EVENT world:unitMoved] #2 (anon_2) took 0.0ms
2026-10-01T18:06:39.050Z [EVENT world:unitMoved] #3 (anon_3) took 0.0ms
2026-10-01T18:06:39.167Z [EVENT world:unitMoved] #0 (anon_0) took 0.0ms
2026-10-01T18:06:39.167Z [EVENT world:unitMoved] #1 (anon_1) took 0.0ms
2026-10-01T18:06:39.167Z [EVENT world:unitMoved] #2 (anon_2) took 0.0ms
2026-10-01T18:06:39.167Z [EVENT world:unitMoved] #3 (anon_3) took 0.0ms
2026-10-01T18:06:39.167Z [EVENT world:unitMoved] #0 (anon_0) took 0.0ms
2026-10-01T18:06:39.168Z [EVENT world:unitMoved] #1 (anon_1) took 0.0ms
2026-10-01T18:06:39.168Z [EVENT world:unitMoved] #2 (anon_2) took 0.0ms
2026-10-01T18:06:39.168Z [EVENT world:unitMoved] #3 (anon_3) took 0.0ms
2026-10-01T18:06:39.168Z [EVENT world:unitMoved] #0 (anon_0) took 0.0ms
2026-10-01T18:06:39.168Z [EVENT world:unitMoved] #1 (anon_1) took 0.0ms
2026-10-01T18:06:39.168Z [EVENT world:unitMoved] #2 (anon_2) took 0.0ms
2026-10-01T18:06:39.169Z [EVENT world:unitMoved] #3 (anon_3) took 0.0ms
2026-10-01T18:06:39.169Z [EVENT world:unitMoved] #0 (anon_0) took 0.0ms
2026-10-01T18:06:39.169Z [EVENT world:unitMoved] #1 (anon_1) took 0.0ms
2026-10-01T18:06:39.169Z [EVENT world:unitMoved] #2 (anon_2) took 0.0ms
2026-10-01T18:06:39.169Z [EVENT world:unitMoved] #3 (anon_3) took 0.0ms
2026-10-01T18:06:39.330Z [EVENT world:unitMoved] #0 (anon_0) took 0.0ms
2026-10-01T18:06:39.330Z [EVENT world:unitMoved] #1 (anon_1) took 0.0ms
2026-10-01T18:06:39.330Z [EVENT world:unitMoved] #2 (anon_2) took 0.0ms
2026-10-01T18:06:39.331Z [EVENT world:unitMoved] #3 (anon_3) took 0.0ms
2026-10-01T18:06:39.331Z [EVENT world:unitMoved] #0 (anon_0) took 0.0ms
2026-10-01T18:06:39.331Z [EVENT world:unitMoved] #1 (anon_1) took 0.0ms
2026-10-01T18:06:39.331Z [EVENT world:unitMoved] #2 (anon_2) took 0.0ms
2026-10-01T18:06:39.331Z [EVENT world:unitMoved] #3 (anon_3) took 0.0ms
2026-10-01T18:06:39.331Z [EVENT world:unitMoved] #0 (anon_0) took 0.0ms
2026-10-01T18:06:39.332Z [EVENT world:unitMoved] #1 (anon_1) took 0.0ms
2026-10-01T18:06:39.332Z [EVENT world:unitMoved] #2 (anon_2) took 0.0ms
2026-10-01T18:06:39.332Z [EVENT world:unitMoved] #3 (anon_3) took 0.0ms
2026-10-01T18:06:39.332Z [EVENT world:unitMoved] #0 (anon_0) took 0.0ms
2026-10-01T18:06:39.332Z [EVENT world:unitMoved] #1 (anon_1) took 0.0ms
2026-10-01T18:06:39.332Z [EVENT world:unitMoved] #2 (anon_2) took 0.0ms
2026-10-01T18:06:39.332Z [EVENT world:unitMoved] #3 (anon_3) took 0.0ms
2026-10-01T18:06:39.491Z [PROCESS EXIT] Code: 0
